ISO-10303-21;
HEADER;
FILE_DESCRIPTION(('KiCad electronic assembly'),'2;1');
FILE_NAME('pcb.step','2024-05-30T22:12:40',('Pcbnew'),('Kicad'),
  'Open CASCADE STEP processor 7.6','KiCad to STEP converter','Unknown'
  );
FILE_SCHEMA(('AUTOMOTIVE_DESIGN { 1 0 10303 214 1 1 1 1 }'));
ENDSEC;
DATA;
#1 = APPLICATION_PROTOCOL_DEFINITION('international standard',
  'automotive_design',2000,#2);
#2 = APPLICATION_CONTEXT(
  'core data for automotive mechanical design processes');
#3 = SHAPE_DEFINITION_REPRESENTATION(#4,#10);
#4 = PRODUCT_DEFINITION_SHAPE('','',#5);
#5 = PRODUCT_DEFINITION('design','',#6,#9);
#6 = PRODUCT_DEFINITION_FORMATION('','',#7);
#7 = PRODUCT('pcb 1','pcb 1','',(#8));
#8 = PRODUCT_CONTEXT('',#2,'mechanical');
#9 = PRODUCT_DEFINITION_CONTEXT('part definition',#2,'design');
#10 = SHAPE_REPRESENTATION('',(#11,#15),#19);
#11 = AXIS2_PLACEMENT_3D('',#12,#13,#14);
#12 = CARTESIAN_POINT('',(0.,0.,0.));
#13 = DIRECTION('',(0.,0.,1.));
#14 = DIRECTION('',(1.,0.,-0.));
#15 = AXIS2_PLACEMENT_3D('',#16,#17,#18);
#16 = CARTESIAN_POINT('',(0.,0.,0.));
#17 = DIRECTION('',(0.,0.,1.));
#18 = DIRECTION('',(1.,0.,-0.));
#19 = ( GEOMETRIC_REPRESENTATION_CONTEXT(3) 
GLOBAL_UNCERTAINTY_ASSIGNED_CONTEXT((#23)) GLOBAL_UNIT_ASSIGNED_CONTEXT(
(#20,#21,#22)) REPRESENTATION_CONTEXT('Context #1',
  '3D Context with UNIT and UNCERTAINTY') );
#20 = ( LENGTH_UNIT() NAMED_UNIT(*) SI_UNIT(.MILLI.,.METRE.) );
#21 = ( NAMED_UNIT(*) PLANE_ANGLE_UNIT() SI_UNIT($,.RADIAN.) );
#22 = ( NAMED_UNIT(*) SI_UNIT($,.STERADIAN.) SOLID_ANGLE_UNIT() );
#23 = UNCERTAINTY_MEASURE_WITH_UNIT(LENGTH_MEASURE(1.E-07),#20,
  'distance_accuracy_value','confusion accuracy');
#24 = PRODUCT_RELATED_PRODUCT_CATEGORY('part',$,(#7));
#25 = SHAPE_DEFINITION_REPRESENTATION(#26,#32);
#26 = PRODUCT_DEFINITION_SHAPE('','',#27);
#27 = PRODUCT_DEFINITION('design','',#28,#31);
#28 = PRODUCT_DEFINITION_FORMATION('','',#29);
#29 = PRODUCT('_autosave-pcb_PCB','_autosave-pcb_PCB','',(#30));
#30 = PRODUCT_CONTEXT('',#2,'mechanical');
#31 = PRODUCT_DEFINITION_CONTEXT('part definition',#2,'design');
#32 = ADVANCED_BREP_SHAPE_REPRESENTATION('',(#11,#33),#4641);
#33 = MANIFOLD_SOLID_BREP('',#34);
#34 = CLOSED_SHELL('',(#35,#75,#106,#137,#1397,#2657,#2674,#2691,#2708,
    #2725,#2742,#2759,#2776,#2793,#2810,#2827,#2844,#2856,#2873,#2890,
    #2907,#2924,#2941,#2958,#2975,#2992,#3009,#3026,#3043,#3060,#3077,
    #3094,#3111,#3128,#3145,#3162,#3179,#3196,#3213,#3230,#3247,#3264,
    #3281,#3298,#3315,#3332,#3349,#3366,#3383,#3400,#3417,#3434,#3451,
    #3468,#3485,#3502,#3519,#3536,#3553,#3570,#3587,#3604,#3621,#3638,
    #3655,#3672,#3689,#3706,#3723,#3740,#3757,#3774,#3791,#3808,#3825,
    #3842,#3859,#3876,#3893,#3910,#3927,#3944,#3961,#3978,#3995,#4012,
    #4029,#4046,#4063,#4080,#4097,#4114,#4131,#4148,#4165,#4182,#4199,
    #4216,#4233,#4250,#4267,#4284,#4301,#4318,#4335,#4352,#4369,#4386,
    #4403,#4420,#4437,#4454,#4471,#4488,#4505,#4522,#4539,#4556,#4573,
    #4590,#4607,#4624));
#35 = ADVANCED_FACE('',(#36),#70,.T.);
#36 = FACE_BOUND('',#37,.T.);
#37 = EDGE_LOOP('',(#38,#48,#56,#64));
#38 = ORIENTED_EDGE('',*,*,#39,.T.);
#39 = EDGE_CURVE('',#40,#42,#44,.T.);
#40 = VERTEX_POINT('',#41);
#41 = CARTESIAN_POINT('',(164.5,-53.,0.));
#42 = VERTEX_POINT('',#43);
#43 = CARTESIAN_POINT('',(164.5,-53.,1.6));
#44 = LINE('',#45,#46);
#45 = CARTESIAN_POINT('',(164.5,-53.,0.));
#46 = VECTOR('',#47,1.);
#47 = DIRECTION('',(0.,0.,1.));
#48 = ORIENTED_EDGE('',*,*,#49,.T.);
#49 = EDGE_CURVE('',#42,#50,#52,.T.);
#50 = VERTEX_POINT('',#51);
#51 = CARTESIAN_POINT('',(183.5,-53.,1.6));
#52 = LINE('',#53,#54);
#53 = CARTESIAN_POINT('',(164.5,-53.,1.6));
#54 = VECTOR('',#55,1.);
#55 = DIRECTION('',(1.,0.,0.));
#56 = ORIENTED_EDGE('',*,*,#57,.F.);
#57 = EDGE_CURVE('',#58,#50,#60,.T.);
#58 = VERTEX_POINT('',#59);
#59 = CARTESIAN_POINT('',(183.5,-53.,0.));
#60 = LINE('',#61,#62);
#61 = CARTESIAN_POINT('',(183.5,-53.,0.));
#62 = VECTOR('',#63,1.);
#63 = DIRECTION('',(0.,0.,1.));
#64 = ORIENTED_EDGE('',*,*,#65,.F.);
#65 = EDGE_CURVE('',#40,#58,#66,.T.);
#66 = LINE('',#67,#68);
#67 = CARTESIAN_POINT('',(164.5,-53.,0.));
#68 = VECTOR('',#69,1.);
#69 = DIRECTION('',(1.,0.,0.));
#70 = PLANE('',#71);
#71 = AXIS2_PLACEMENT_3D('',#72,#73,#74);
#72 = CARTESIAN_POINT('',(164.5,-53.,0.));
#73 = DIRECTION('',(0.,1.,0.));
#74 = DIRECTION('',(1.,0.,0.));
#75 = ADVANCED_FACE('',(#76),#101,.T.);
#76 = FACE_BOUND('',#77,.T.);
#77 = EDGE_LOOP('',(#78,#88,#94,#95));
#78 = ORIENTED_EDGE('',*,*,#79,.T.);
#79 = EDGE_CURVE('',#80,#82,#84,.T.);
#80 = VERTEX_POINT('',#81);
#81 = CARTESIAN_POINT('',(164.5,-48.,0.));
#82 = VERTEX_POINT('',#83);
#83 = CARTESIAN_POINT('',(164.5,-48.,1.6));
#84 = LINE('',#85,#86);
#85 = CARTESIAN_POINT('',(164.5,-48.,0.));
#86 = VECTOR('',#87,1.);
#87 = DIRECTION('',(0.,0.,1.));
#88 = ORIENTED_EDGE('',*,*,#89,.T.);
#89 = EDGE_CURVE('',#82,#42,#90,.T.);
#90 = LINE('',#91,#92);
#91 = CARTESIAN_POINT('',(164.5,-48.,1.6));
#92 = VECTOR('',#93,1.);
#93 = DIRECTION('',(0.,-1.,0.));
#94 = ORIENTED_EDGE('',*,*,#39,.F.);
#95 = ORIENTED_EDGE('',*,*,#96,.F.);
#96 = EDGE_CURVE('',#80,#40,#97,.T.);
#97 = LINE('',#98,#99);
#98 = CARTESIAN_POINT('',(164.5,-48.,0.));
#99 = VECTOR('',#100,1.);
#100 = DIRECTION('',(0.,-1.,0.));
#101 = PLANE('',#102);
#102 = AXIS2_PLACEMENT_3D('',#103,#104,#105);
#103 = CARTESIAN_POINT('',(164.5,-48.,0.));
#104 = DIRECTION('',(1.,0.,-0.));
#105 = DIRECTION('',(0.,-1.,0.));
#106 = ADVANCED_FACE('',(#107),#132,.T.);
#107 = FACE_BOUND('',#108,.T.);
#108 = EDGE_LOOP('',(#109,#110,#118,#126));
#109 = ORIENTED_EDGE('',*,*,#57,.T.);
#110 = ORIENTED_EDGE('',*,*,#111,.T.);
#111 = EDGE_CURVE('',#50,#112,#114,.T.);
#112 = VERTEX_POINT('',#113);
#113 = CARTESIAN_POINT('',(183.5,-55.5,1.6));
#114 = LINE('',#115,#116);
#115 = CARTESIAN_POINT('',(183.5,-53.,1.6));
#116 = VECTOR('',#117,1.);
#117 = DIRECTION('',(0.,-1.,0.));
#118 = ORIENTED_EDGE('',*,*,#119,.F.);
#119 = EDGE_CURVE('',#120,#112,#122,.T.);
#120 = VERTEX_POINT('',#121);
#121 = CARTESIAN_POINT('',(183.5,-55.5,0.));
#122 = LINE('',#123,#124);
#123 = CARTESIAN_POINT('',(183.5,-55.5,0.));
#124 = VECTOR('',#125,1.);
#125 = DIRECTION('',(0.,0.,1.));
#126 = ORIENTED_EDGE('',*,*,#127,.F.);
#127 = EDGE_CURVE('',#58,#120,#128,.T.);
#128 = LINE('',#129,#130);
#129 = CARTESIAN_POINT('',(183.5,-53.,0.));
#130 = VECTOR('',#131,1.);
#131 = DIRECTION('',(0.,-1.,0.));
#132 = PLANE('',#133);
#133 = AXIS2_PLACEMENT_3D('',#134,#135,#136);
#134 = CARTESIAN_POINT('',(183.5,-53.,0.));
#135 = DIRECTION('',(1.,0.,-0.));
#136 = DIRECTION('',(0.,-1.,0.));
#137 = ADVANCED_FACE('',(#138,#237,#248,#259,#270,#281,#292,#303,#314,
    #325,#336,#347,#358,#369,#380,#391,#402,#413,#424,#435,#446,#457,
    #468,#479,#490,#501,#512,#523,#534,#545,#556,#567,#578,#589,#600,
    #611,#622,#633,#644,#655,#666,#677,#688,#699,#710,#721,#732,#743,
    #754,#765,#776,#787,#798,#809,#820,#831,#842,#853,#864,#875,#886,
    #897,#908,#919,#930,#941,#952,#963,#974,#985,#996,#1007,#1018,#1029,
    #1040,#1051,#1062,#1073,#1084,#1095,#1106,#1117,#1128,#1139,#1150,
    #1161,#1172,#1183,#1194,#1205,#1216,#1227,#1238,#1249,#1260,#1271,
    #1282,#1293,#1304,#1315,#1326,#1337,#1348,#1359,#1370,#1381),#1392,
  .T.);
#138 = FACE_BOUND('',#139,.T.);
#139 = EDGE_LOOP('',(#140,#141,#142,#150,#158,#166,#174,#182,#190,#198,
    #206,#214,#222,#230,#236));
#140 = ORIENTED_EDGE('',*,*,#65,.T.);
#141 = ORIENTED_EDGE('',*,*,#127,.T.);
#142 = ORIENTED_EDGE('',*,*,#143,.T.);
#143 = EDGE_CURVE('',#120,#144,#146,.T.);
#144 = VERTEX_POINT('',#145);
#145 = CARTESIAN_POINT('',(201.,-55.5,0.));
#146 = LINE('',#147,#148);
#147 = CARTESIAN_POINT('',(183.5,-55.5,0.));
#148 = VECTOR('',#149,1.);
#149 = DIRECTION('',(1.,0.,0.));
#150 = ORIENTED_EDGE('',*,*,#151,.T.);
#151 = EDGE_CURVE('',#144,#152,#154,.T.);
#152 = VERTEX_POINT('',#153);
#153 = CARTESIAN_POINT('',(201.5,-116.5,0.));
#154 = LINE('',#155,#156);
#155 = CARTESIAN_POINT('',(201.,-55.5,0.));
#156 = VECTOR('',#157,1.);
#157 = DIRECTION('',(8.196445971906E-03,-0.999966408573,0.));
#158 = ORIENTED_EDGE('',*,*,#159,.T.);
#159 = EDGE_CURVE('',#152,#160,#162,.T.);
#160 = VERTEX_POINT('',#161);
#161 = CARTESIAN_POINT('',(225.,-125.,0.));
#162 = LINE('',#163,#164);
#163 = CARTESIAN_POINT('',(201.5,-116.5,0.));
#164 = VECTOR('',#165,1.);
#165 = DIRECTION('',(0.940376225751,-0.340136081654,0.));
#166 = ORIENTED_EDGE('',*,*,#167,.T.);
#167 = EDGE_CURVE('',#160,#168,#170,.T.);
#168 = VERTEX_POINT('',#169);
#169 = CARTESIAN_POINT('',(219.,-141.5,0.));
#170 = LINE('',#171,#172);
#171 = CARTESIAN_POINT('',(225.,-125.,0.));
#172 = VECTOR('',#173,1.);
#173 = DIRECTION('',(-0.341743063087,-0.939793423488,0.));
#174 = ORIENTED_EDGE('',*,*,#175,.T.);
#175 = EDGE_CURVE('',#168,#176,#178,.T.);
#176 = VERTEX_POINT('',#177);
#177 = CARTESIAN_POINT('',(188.,-134.,0.));
#178 = LINE('',#179,#180);
#179 = CARTESIAN_POINT('',(219.,-141.5,0.));
#180 = VECTOR('',#181,1.);
#181 = DIRECTION('',(-0.971958774044,0.235151316301,0.));
#182 = ORIENTED_EDGE('',*,*,#183,.T.);
#183 = EDGE_CURVE('',#176,#184,#186,.T.);
#184 = VERTEX_POINT('',#185);
#185 = CARTESIAN_POINT('',(89.5,-134.,0.));
#186 = LINE('',#187,#188);
#187 = CARTESIAN_POINT('',(188.,-134.,0.));
#188 = VECTOR('',#189,1.);
#189 = DIRECTION('',(-1.,0.,0.));
#190 = ORIENTED_EDGE('',*,*,#191,.T.);
#191 = EDGE_CURVE('',#184,#192,#194,.T.);
#192 = VERTEX_POINT('',#193);
#193 = CARTESIAN_POINT('',(89.5,-66.5,0.));
#194 = LINE('',#195,#196);
#195 = CARTESIAN_POINT('',(89.5,-134.,0.));
#196 = VECTOR('',#197,1.);
#197 = DIRECTION('',(0.,1.,0.));
#198 = ORIENTED_EDGE('',*,*,#199,.T.);
#199 = EDGE_CURVE('',#192,#200,#202,.T.);
#200 = VERTEX_POINT('',#201);
#201 = CARTESIAN_POINT('',(126.5,-66.5,0.));
#202 = LINE('',#203,#204);
#203 = CARTESIAN_POINT('',(89.5,-66.5,0.));
#204 = VECTOR('',#205,1.);
#205 = DIRECTION('',(1.,0.,0.));
#206 = ORIENTED_EDGE('',*,*,#207,.T.);
#207 = EDGE_CURVE('',#200,#208,#210,.T.);
#208 = VERTEX_POINT('',#209);
#209 = CARTESIAN_POINT('',(126.5,-53.,0.));
#210 = LINE('',#211,#212);
#211 = CARTESIAN_POINT('',(126.5,-66.5,0.));
#212 = VECTOR('',#213,1.);
#213 = DIRECTION('',(0.,1.,0.));
#214 = ORIENTED_EDGE('',*,*,#215,.T.);
#215 = EDGE_CURVE('',#208,#216,#218,.T.);
#216 = VERTEX_POINT('',#217);
#217 = CARTESIAN_POINT('',(145.5,-53.,0.));
#218 = LINE('',#219,#220);
#219 = CARTESIAN_POINT('',(126.5,-53.,0.));
#220 = VECTOR('',#221,1.);
#221 = DIRECTION('',(1.,0.,0.));
#222 = ORIENTED_EDGE('',*,*,#223,.T.);
#223 = EDGE_CURVE('',#216,#224,#226,.T.);
#224 = VERTEX_POINT('',#225);
#225 = CARTESIAN_POINT('',(145.,-48.,0.));
#226 = LINE('',#227,#228);
#227 = CARTESIAN_POINT('',(145.5,-53.,0.));
#228 = VECTOR('',#229,1.);
#229 = DIRECTION('',(-9.9503719021E-02,0.99503719021,0.));
#230 = ORIENTED_EDGE('',*,*,#231,.T.);
#231 = EDGE_CURVE('',#224,#80,#232,.T.);
#232 = LINE('',#233,#234);
#233 = CARTESIAN_POINT('',(145.,-48.,0.));
#234 = VECTOR('',#235,1.);
#235 = DIRECTION('',(1.,0.,0.));
#236 = ORIENTED_EDGE('',*,*,#96,.T.);
#237 = FACE_BOUND('',#238,.T.);
#238 = EDGE_LOOP('',(#239));
#239 = ORIENTED_EDGE('',*,*,#240,.F.);
#240 = EDGE_CURVE('',#241,#241,#243,.T.);
#241 = VERTEX_POINT('',#242);
#242 = CARTESIAN_POINT('',(220.302446,-132.677743,0.));
#243 = CIRCLE('',#244,0.95);
#244 = AXIS2_PLACEMENT_3D('',#245,#246,#247);
#245 = CARTESIAN_POINT('',(220.302446,-131.727743,0.));
#246 = DIRECTION('',(-0.,0.,-1.));
#247 = DIRECTION('',(2.991758887411E-14,-1.,-0.));
#248 = FACE_BOUND('',#249,.T.);
#249 = EDGE_LOOP('',(#250));
#250 = ORIENTED_EDGE('',*,*,#251,.F.);
#251 = EDGE_CURVE('',#252,#252,#254,.T.);
#252 = VERTEX_POINT('',#253);
#253 = CARTESIAN_POINT('',(215.134137,-131.571632,0.));
#254 = CIRCLE('',#255,1.725);
#255 = AXIS2_PLACEMENT_3D('',#256,#257,#258);
#256 = CARTESIAN_POINT('',(215.134137,-129.846632,0.));
#257 = DIRECTION('',(-0.,0.,-1.));
#258 = DIRECTION('',(-0.,-1.,0.));
#259 = FACE_BOUND('',#260,.T.);
#260 = EDGE_LOOP('',(#261));
#261 = ORIENTED_EDGE('',*,*,#262,.F.);
#262 = EDGE_CURVE('',#263,#263,#265,.T.);
#263 = VERTEX_POINT('',#264);
#264 = CARTESIAN_POINT('',(209.965828,-128.915521,0.));
#265 = CIRCLE('',#266,0.95);
#266 = AXIS2_PLACEMENT_3D('',#267,#268,#269);
#267 = CARTESIAN_POINT('',(209.965828,-127.965521,0.));
#268 = DIRECTION('',(-0.,0.,-1.));
#269 = DIRECTION('',(-0.,-1.,0.));
#270 = FACE_BOUND('',#271,.T.);
#271 = EDGE_LOOP('',(#272));
#272 = ORIENTED_EDGE('',*,*,#273,.F.);
#273 = EDGE_CURVE('',#274,#274,#276,.T.);
#274 = VERTEX_POINT('',#275);
#275 = CARTESIAN_POINT('',(217.152056,-124.902445,0.));
#276 = CIRCLE('',#277,0.6);
#277 = AXIS2_PLACEMENT_3D('',#278,#279,#280);
#278 = CARTESIAN_POINT('',(217.152056,-124.302445,0.));
#279 = DIRECTION('',(-0.,0.,-1.));
#280 = DIRECTION('',(-4.736951571734E-14,-1.,0.));
#281 = FACE_BOUND('',#282,.T.);
#282 = EDGE_LOOP('',(#283));
#283 = ORIENTED_EDGE('',*,*,#284,.F.);
#284 = EDGE_CURVE('',#285,#285,#287,.T.);
#285 = VERTEX_POINT('',#286);
#286 = CARTESIAN_POINT('',(211.735349,-125.1657,0.));
#287 = CIRCLE('',#288,0.6);
#288 = AXIS2_PLACEMENT_3D('',#289,#290,#291);
#289 = CARTESIAN_POINT('',(211.735349,-124.5657,0.));
#290 = DIRECTION('',(-0.,0.,-1.));
#291 = DIRECTION('',(4.736951571734E-14,-1.,-0.));
#292 = FACE_BOUND('',#293,.T.);
#293 = EDGE_LOOP('',(#294));
#294 = ORIENTED_EDGE('',*,*,#295,.F.);
#295 = EDGE_CURVE('',#296,#296,#298,.T.);
#296 = VERTEX_POINT('',#297);
#297 = CARTESIAN_POINT('',(200.642678,-126.405066,0.));
#298 = CIRCLE('',#299,0.95);
#299 = AXIS2_PLACEMENT_3D('',#300,#301,#302);
#300 = CARTESIAN_POINT('',(200.642678,-125.455066,0.));
#301 = DIRECTION('',(-0.,0.,-1.));
#302 = DIRECTION('',(-0.,-1.,0.));
#303 = FACE_BOUND('',#304,.T.);
#304 = EDGE_LOOP('',(#305));
#305 = ORIENTED_EDGE('',*,*,#306,.F.);
#306 = EDGE_CURVE('',#307,#307,#309,.T.);
#307 = VERTEX_POINT('',#308);
#308 = CARTESIAN_POINT('',(195.226235,-126.225,0.));
#309 = CIRCLE('',#310,1.725);
#310 = AXIS2_PLACEMENT_3D('',#311,#312,#313);
#311 = CARTESIAN_POINT('',(195.226235,-124.5,0.));
#312 = DIRECTION('',(-0.,0.,-1.));
#313 = DIRECTION('',(-0.,-1.,0.));
#314 = FACE_BOUND('',#315,.T.);
#315 = EDGE_LOOP('',(#316));
#316 = ORIENTED_EDGE('',*,*,#317,.F.);
#317 = EDGE_CURVE('',#318,#318,#320,.T.);
#318 = VERTEX_POINT('',#319);
#319 = CARTESIAN_POINT('',(189.809792,-124.494934,0.));
#320 = CIRCLE('',#321,0.95);
#321 = AXIS2_PLACEMENT_3D('',#322,#323,#324);
#322 = CARTESIAN_POINT('',(189.809792,-123.544934,0.));
#323 = DIRECTION('',(-0.,0.,-1.));
#324 = DIRECTION('',(-2.991758887411E-14,-1.,0.));
#325 = FACE_BOUND('',#326,.T.);
#326 = EDGE_LOOP('',(#327));
#327 = ORIENTED_EDGE('',*,*,#328,.F.);
#328 = EDGE_CURVE('',#329,#329,#331,.T.);
#329 = VERTEX_POINT('',#330);
#330 = CARTESIAN_POINT('',(196.250759,-119.289634,0.));
#331 = CIRCLE('',#332,0.6);
#332 = AXIS2_PLACEMENT_3D('',#333,#334,#335);
#333 = CARTESIAN_POINT('',(196.250759,-118.689634,0.));
#334 = DIRECTION('',(-0.,0.,-1.));
#335 = DIRECTION('',(-4.736951571734E-14,-1.,0.));
#336 = FACE_BOUND('',#337,.T.);
#337 = EDGE_LOOP('',(#338));
#338 = ORIENTED_EDGE('',*,*,#339,.F.);
#339 = EDGE_CURVE('',#340,#340,#342,.T.);
#340 = VERTEX_POINT('',#341);
#341 = CARTESIAN_POINT('',(190.96206,-120.489491,0.));
#342 = CIRCLE('',#343,0.6);
#343 = AXIS2_PLACEMENT_3D('',#344,#345,#346);
#344 = CARTESIAN_POINT('',(190.96206,-119.889491,0.));
#345 = DIRECTION('',(-0.,0.,-1.));
#346 = DIRECTION('',(-0.,-1.,0.));
#347 = FACE_BOUND('',#348,.T.);
#348 = EDGE_LOOP('',(#349));
#349 = ORIENTED_EDGE('',*,*,#350,.F.);
#350 = EDGE_CURVE('',#351,#351,#353,.T.);
#351 = VERTEX_POINT('',#352);
#352 = CARTESIAN_POINT('',(180.256559,-124.230887,0.));
#353 = CIRCLE('',#354,0.95);
#354 = AXIS2_PLACEMENT_3D('',#355,#356,#357);
#355 = CARTESIAN_POINT('',(180.256559,-123.280887,0.));
#356 = DIRECTION('',(-0.,0.,-1.));
#357 = DIRECTION('',(2.991758887411E-14,-1.,-0.));
#358 = FACE_BOUND('',#359,.T.);
#359 = EDGE_LOOP('',(#360));
#360 = ORIENTED_EDGE('',*,*,#361,.F.);
#361 = EDGE_CURVE('',#362,#362,#364,.T.);
#362 = VERTEX_POINT('',#363);
#363 = CARTESIAN_POINT('',(174.756559,-125.005887,0.));
#364 = CIRCLE('',#365,1.725);
#365 = AXIS2_PLACEMENT_3D('',#366,#367,#368);
#366 = CARTESIAN_POINT('',(174.756559,-123.280887,0.));
#367 = DIRECTION('',(-0.,0.,-1.));
#368 = DIRECTION('',(1.647635329299E-14,-1.,-0.));
#369 = FACE_BOUND('',#370,.T.);
#370 = EDGE_LOOP('',(#371));
#371 = ORIENTED_EDGE('',*,*,#372,.F.);
#372 = EDGE_CURVE('',#373,#373,#375,.T.);
#373 = VERTEX_POINT('',#374);
#374 = CARTESIAN_POINT('',(169.256559,-124.230887,0.));
#375 = CIRCLE('',#376,0.95);
#376 = AXIS2_PLACEMENT_3D('',#377,#378,#379);
#377 = CARTESIAN_POINT('',(169.256559,-123.280887,0.));
#378 = DIRECTION('',(-0.,0.,-1.));
#379 = DIRECTION('',(2.991758887411E-14,-1.,-0.));
#380 = FACE_BOUND('',#381,.T.);
#381 = EDGE_LOOP('',(#382));
#382 = ORIENTED_EDGE('',*,*,#383,.F.);
#383 = EDGE_CURVE('',#384,#384,#386,.T.);
#384 = VERTEX_POINT('',#385);
#385 = CARTESIAN_POINT('',(174.756559,-117.980887,0.));
#386 = CIRCLE('',#387,0.6);
#387 = AXIS2_PLACEMENT_3D('',#388,#389,#390);
#388 = CARTESIAN_POINT('',(174.756559,-117.380887,0.));
#389 = DIRECTION('',(-0.,0.,-1.));
#390 = DIRECTION('',(4.736951571734E-14,-1.,-0.));
#391 = FACE_BOUND('',#392,.T.);
#392 = EDGE_LOOP('',(#393));
#393 = ORIENTED_EDGE('',*,*,#394,.F.);
#394 = EDGE_CURVE('',#395,#395,#397,.T.);
#395 = VERTEX_POINT('',#396);
#396 = CARTESIAN_POINT('',(169.756559,-120.080887,0.));
#397 = CIRCLE('',#398,0.6);
#398 = AXIS2_PLACEMENT_3D('',#399,#400,#401);
#399 = CARTESIAN_POINT('',(169.756559,-119.480887,0.));
#400 = DIRECTION('',(-0.,0.,-1.));
#401 = DIRECTION('',(4.736951571734E-14,-1.,-0.));
#402 = FACE_BOUND('',#403,.T.);
#403 = EDGE_LOOP('',(#404));
#404 = ORIENTED_EDGE('',*,*,#405,.F.);
#405 = EDGE_CURVE('',#406,#406,#408,.T.);
#406 = VERTEX_POINT('',#407);
#407 = CARTESIAN_POINT('',(198.487651,-104.377479,0.));
#408 = CIRCLE('',#409,0.95);
#409 = AXIS2_PLACEMENT_3D('',#410,#411,#412);
#410 = CARTESIAN_POINT('',(198.487651,-103.427479,0.));
#411 = DIRECTION('',(-0.,0.,-1.));
#412 = DIRECTION('',(-0.,-1.,0.));
#413 = FACE_BOUND('',#414,.T.);
#414 = EDGE_LOOP('',(#415));
#415 = ORIENTED_EDGE('',*,*,#416,.F.);
#416 = EDGE_CURVE('',#417,#417,#419,.T.);
#417 = VERTEX_POINT('',#418);
#418 = CARTESIAN_POINT('',(192.987651,-105.152479,0.));
#419 = CIRCLE('',#420,1.725);
#420 = AXIS2_PLACEMENT_3D('',#421,#422,#423);
#421 = CARTESIAN_POINT('',(192.987651,-103.427479,0.));
#422 = DIRECTION('',(-0.,0.,-1.));
#423 = DIRECTION('',(-0.,-1.,0.));
#424 = FACE_BOUND('',#425,.T.);
#425 = EDGE_LOOP('',(#426));
#426 = ORIENTED_EDGE('',*,*,#427,.F.);
#427 = EDGE_CURVE('',#428,#428,#430,.T.);
#428 = VERTEX_POINT('',#429);
#429 = CARTESIAN_POINT('',(192.987651,-98.127479,0.));
#430 = CIRCLE('',#431,0.6);
#431 = AXIS2_PLACEMENT_3D('',#432,#433,#434);
#432 = CARTESIAN_POINT('',(192.987651,-97.527479,0.));
#433 = DIRECTION('',(-0.,0.,-1.));
#434 = DIRECTION('',(-0.,-1.,0.));
#435 = FACE_BOUND('',#436,.T.);
#436 = EDGE_LOOP('',(#437));
#437 = ORIENTED_EDGE('',*,*,#438,.F.);
#438 = EDGE_CURVE('',#439,#439,#441,.T.);
#439 = VERTEX_POINT('',#440);
#440 = CARTESIAN_POINT('',(187.487651,-104.377479,0.));
#441 = CIRCLE('',#442,0.95);
#442 = AXIS2_PLACEMENT_3D('',#443,#444,#445);
#443 = CARTESIAN_POINT('',(187.487651,-103.427479,0.));
#444 = DIRECTION('',(-0.,0.,-1.));
#445 = DIRECTION('',(-0.,-1.,0.));
#446 = FACE_BOUND('',#447,.T.);
#447 = EDGE_LOOP('',(#448));
#448 = ORIENTED_EDGE('',*,*,#449,.F.);
#449 = EDGE_CURVE('',#450,#450,#452,.T.);
#450 = VERTEX_POINT('',#451);
#451 = CARTESIAN_POINT('',(187.987651,-100.227479,0.));
#452 = CIRCLE('',#453,0.6);
#453 = AXIS2_PLACEMENT_3D('',#454,#455,#456);
#454 = CARTESIAN_POINT('',(187.987651,-99.627479,0.));
#455 = DIRECTION('',(-0.,0.,-1.));
#456 = DIRECTION('',(-0.,-1.,0.));
#457 = FACE_BOUND('',#458,.T.);
#458 = EDGE_LOOP('',(#459));
#459 = ORIENTED_EDGE('',*,*,#460,.F.);
#460 = EDGE_CURVE('',#461,#461,#463,.T.);
#461 = VERTEX_POINT('',#462);
#462 = CARTESIAN_POINT('',(179.467022,-101.840696,0.));
#463 = CIRCLE('',#464,0.95);
#464 = AXIS2_PLACEMENT_3D('',#465,#466,#467);
#465 = CARTESIAN_POINT('',(179.467022,-100.890696,0.));
#466 = DIRECTION('',(-0.,0.,-1.));
#467 = DIRECTION('',(-0.,-1.,0.));
#468 = FACE_BOUND('',#469,.T.);
#469 = EDGE_LOOP('',(#470));
#470 = ORIENTED_EDGE('',*,*,#471,.F.);
#471 = EDGE_CURVE('',#472,#472,#474,.T.);
#472 = VERTEX_POINT('',#473);
#473 = CARTESIAN_POINT('',(173.967022,-102.615696,0.));
#474 = CIRCLE('',#475,1.725);
#475 = AXIS2_PLACEMENT_3D('',#476,#477,#478);
#476 = CARTESIAN_POINT('',(173.967022,-100.890696,0.));
#477 = DIRECTION('',(-0.,0.,-1.));
#478 = DIRECTION('',(-0.,-1.,0.));
#479 = FACE_BOUND('',#480,.T.);
#480 = EDGE_LOOP('',(#481));
#481 = ORIENTED_EDGE('',*,*,#482,.F.);
#482 = EDGE_CURVE('',#483,#483,#485,.T.);
#483 = VERTEX_POINT('',#484);
#484 = CARTESIAN_POINT('',(173.967022,-95.590696,0.));
#485 = CIRCLE('',#486,0.6);
#486 = AXIS2_PLACEMENT_3D('',#487,#488,#489);
#487 = CARTESIAN_POINT('',(173.967022,-94.990696,0.));
#488 = DIRECTION('',(-0.,0.,-1.));
#489 = DIRECTION('',(-0.,-1.,0.));
#490 = FACE_BOUND('',#491,.T.);
#491 = EDGE_LOOP('',(#492));
#492 = ORIENTED_EDGE('',*,*,#493,.F.);
#493 = EDGE_CURVE('',#494,#494,#496,.T.);
#494 = VERTEX_POINT('',#495);
#495 = CARTESIAN_POINT('',(168.467022,-101.840696,0.));
#496 = CIRCLE('',#497,0.95);
#497 = AXIS2_PLACEMENT_3D('',#498,#499,#500);
#498 = CARTESIAN_POINT('',(168.467022,-100.890696,0.));
#499 = DIRECTION('',(-0.,0.,-1.));
#500 = DIRECTION('',(-0.,-1.,0.));
#501 = FACE_BOUND('',#502,.T.);
#502 = EDGE_LOOP('',(#503));
#503 = ORIENTED_EDGE('',*,*,#504,.F.);
#504 = EDGE_CURVE('',#505,#505,#507,.T.);
#505 = VERTEX_POINT('',#506);
#506 = CARTESIAN_POINT('',(168.967022,-97.690696,0.));
#507 = CIRCLE('',#508,0.6);
#508 = AXIS2_PLACEMENT_3D('',#509,#510,#511);
#509 = CARTESIAN_POINT('',(168.967022,-97.090696,0.));
#510 = DIRECTION('',(-0.,0.,-1.));
#511 = DIRECTION('',(-0.,-1.,0.));
#512 = FACE_BOUND('',#513,.T.);
#513 = EDGE_LOOP('',(#514));
#514 = ORIENTED_EDGE('',*,*,#515,.F.);
#515 = EDGE_CURVE('',#516,#516,#518,.T.);
#516 = VERTEX_POINT('',#517);
#517 = CARTESIAN_POINT('',(160.32399,-96.805586,0.));
#518 = CIRCLE('',#519,0.95);
#519 = AXIS2_PLACEMENT_3D('',#520,#521,#522);
#520 = CARTESIAN_POINT('',(160.32399,-95.855586,0.));
#521 = DIRECTION('',(-0.,0.,-1.));
#522 = DIRECTION('',(2.991758887411E-14,-1.,-0.));
#523 = FACE_BOUND('',#524,.T.);
#524 = EDGE_LOOP('',(#525));
#525 = ORIENTED_EDGE('',*,*,#526,.F.);
#526 = EDGE_CURVE('',#527,#527,#529,.T.);
#527 = VERTEX_POINT('',#528);
#528 = CARTESIAN_POINT('',(122.5,-114.45,0.));
#529 = CIRCLE('',#530,0.95);
#530 = AXIS2_PLACEMENT_3D('',#531,#532,#533);
#531 = CARTESIAN_POINT('',(122.5,-113.5,0.));
#532 = DIRECTION('',(-0.,0.,-1.));
#533 = DIRECTION('',(-0.,-1.,0.));
#534 = FACE_BOUND('',#535,.T.);
#535 = EDGE_LOOP('',(#536));
#536 = ORIENTED_EDGE('',*,*,#537,.F.);
#537 = EDGE_CURVE('',#538,#538,#540,.T.);
#538 = VERTEX_POINT('',#539);
#539 = CARTESIAN_POINT('',(117.,-115.225,0.));
#540 = CIRCLE('',#541,1.725);
#541 = AXIS2_PLACEMENT_3D('',#542,#543,#544);
#542 = CARTESIAN_POINT('',(117.,-113.5,0.));
#543 = DIRECTION('',(-0.,0.,-1.));
#544 = DIRECTION('',(-0.,-1.,0.));
#545 = FACE_BOUND('',#546,.T.);
#546 = EDGE_LOOP('',(#547));
#547 = ORIENTED_EDGE('',*,*,#548,.F.);
#548 = EDGE_CURVE('',#549,#549,#551,.T.);
#549 = VERTEX_POINT('',#550);
#550 = CARTESIAN_POINT('',(111.5,-114.45,0.));
#551 = CIRCLE('',#552,0.95);
#552 = AXIS2_PLACEMENT_3D('',#553,#554,#555);
#553 = CARTESIAN_POINT('',(111.5,-113.5,0.));
#554 = DIRECTION('',(-0.,0.,-1.));
#555 = DIRECTION('',(-0.,-1.,0.));
#556 = FACE_BOUND('',#557,.T.);
#557 = EDGE_LOOP('',(#558));
#558 = ORIENTED_EDGE('',*,*,#559,.F.);
#559 = EDGE_CURVE('',#560,#560,#562,.T.);
#560 = VERTEX_POINT('',#561);
#561 = CARTESIAN_POINT('',(103.5,-118.95,0.));
#562 = CIRCLE('',#563,0.95);
#563 = AXIS2_PLACEMENT_3D('',#564,#565,#566);
#564 = CARTESIAN_POINT('',(103.5,-118.,0.));
#565 = DIRECTION('',(-0.,0.,-1.));
#566 = DIRECTION('',(-0.,-1.,0.));
#567 = FACE_BOUND('',#568,.T.);
#568 = EDGE_LOOP('',(#569));
#569 = ORIENTED_EDGE('',*,*,#570,.F.);
#570 = EDGE_CURVE('',#571,#571,#573,.T.);
#571 = VERTEX_POINT('',#572);
#572 = CARTESIAN_POINT('',(98.,-119.725,0.));
#573 = CIRCLE('',#574,1.725);
#574 = AXIS2_PLACEMENT_3D('',#575,#576,#577);
#575 = CARTESIAN_POINT('',(98.,-118.,0.));
#576 = DIRECTION('',(-0.,0.,-1.));
#577 = DIRECTION('',(-0.,-1.,0.));
#578 = FACE_BOUND('',#579,.T.);
#579 = EDGE_LOOP('',(#580));
#580 = ORIENTED_EDGE('',*,*,#581,.F.);
#581 = EDGE_CURVE('',#582,#582,#584,.T.);
#582 = VERTEX_POINT('',#583);
#583 = CARTESIAN_POINT('',(92.5,-118.95,0.));
#584 = CIRCLE('',#585,0.95);
#585 = AXIS2_PLACEMENT_3D('',#586,#587,#588);
#586 = CARTESIAN_POINT('',(92.5,-118.,0.));
#587 = DIRECTION('',(-0.,0.,-1.));
#588 = DIRECTION('',(-0.,-1.,0.));
#589 = FACE_BOUND('',#590,.T.);
#590 = EDGE_LOOP('',(#591));
#591 = ORIENTED_EDGE('',*,*,#592,.F.);
#592 = EDGE_CURVE('',#593,#593,#595,.T.);
#593 = VERTEX_POINT('',#594);
#594 = CARTESIAN_POINT('',(93.,-114.8,0.));
#595 = CIRCLE('',#596,0.6);
#596 = AXIS2_PLACEMENT_3D('',#597,#598,#599);
#597 = CARTESIAN_POINT('',(93.,-114.2,0.));
#598 = DIRECTION('',(-0.,0.,-1.));
#599 = DIRECTION('',(-0.,-1.,0.));
#600 = FACE_BOUND('',#601,.T.);
#601 = EDGE_LOOP('',(#602));
#602 = ORIENTED_EDGE('',*,*,#603,.F.);
#603 = EDGE_CURVE('',#604,#604,#606,.T.);
#604 = VERTEX_POINT('',#605);
#605 = CARTESIAN_POINT('',(141.363371,-101.808894,0.));
#606 = CIRCLE('',#607,0.95);
#607 = AXIS2_PLACEMENT_3D('',#608,#609,#610);
#608 = CARTESIAN_POINT('',(141.363371,-100.858894,0.));
#609 = DIRECTION('',(-0.,0.,-1.));
#610 = DIRECTION('',(-0.,-1.,0.));
#611 = FACE_BOUND('',#612,.T.);
#612 = EDGE_LOOP('',(#613));
#613 = ORIENTED_EDGE('',*,*,#614,.F.);
#614 = EDGE_CURVE('',#615,#615,#617,.T.);
#615 = VERTEX_POINT('',#616);
#616 = CARTESIAN_POINT('',(154.82399,-97.580586,0.));
#617 = CIRCLE('',#618,1.725);
#618 = AXIS2_PLACEMENT_3D('',#619,#620,#621);
#619 = CARTESIAN_POINT('',(154.82399,-95.855586,0.));
#620 = DIRECTION('',(-0.,0.,-1.));
#621 = DIRECTION('',(1.647635329299E-14,-1.,-0.));
#622 = FACE_BOUND('',#623,.T.);
#623 = EDGE_LOOP('',(#624));
#624 = ORIENTED_EDGE('',*,*,#625,.F.);
#625 = EDGE_CURVE('',#626,#626,#628,.T.);
#626 = VERTEX_POINT('',#627);
#627 = CARTESIAN_POINT('',(149.32399,-96.805586,0.));
#628 = CIRCLE('',#629,0.95);
#629 = AXIS2_PLACEMENT_3D('',#630,#631,#632);
#630 = CARTESIAN_POINT('',(149.32399,-95.855586,0.));
#631 = DIRECTION('',(-0.,0.,-1.));
#632 = DIRECTION('',(2.991758887411E-14,-1.,-0.));
#633 = FACE_BOUND('',#634,.T.);
#634 = EDGE_LOOP('',(#635));
#635 = ORIENTED_EDGE('',*,*,#636,.F.);
#636 = EDGE_CURVE('',#637,#637,#639,.T.);
#637 = VERTEX_POINT('',#638);
#638 = CARTESIAN_POINT('',(149.82399,-92.655586,0.));
#639 = CIRCLE('',#640,0.6);
#640 = AXIS2_PLACEMENT_3D('',#641,#642,#643);
#641 = CARTESIAN_POINT('',(149.82399,-92.055586,0.));
#642 = DIRECTION('',(-0.,0.,-1.));
#643 = DIRECTION('',(4.736951571734E-14,-1.,-0.));
#644 = FACE_BOUND('',#645,.T.);
#645 = EDGE_LOOP('',(#646));
#646 = ORIENTED_EDGE('',*,*,#647,.F.);
#647 = EDGE_CURVE('',#648,#648,#650,.T.);
#648 = VERTEX_POINT('',#649);
#649 = CARTESIAN_POINT('',(135.863371,-102.583894,0.));
#650 = CIRCLE('',#651,1.725);
#651 = AXIS2_PLACEMENT_3D('',#652,#653,#654);
#652 = CARTESIAN_POINT('',(135.863371,-100.858894,0.));
#653 = DIRECTION('',(-0.,0.,-1.));
#654 = DIRECTION('',(-0.,-1.,0.));
#655 = FACE_BOUND('',#656,.T.);
#656 = EDGE_LOOP('',(#657));
#657 = ORIENTED_EDGE('',*,*,#658,.F.);
#658 = EDGE_CURVE('',#659,#659,#661,.T.);
#659 = VERTEX_POINT('',#660);
#660 = CARTESIAN_POINT('',(130.363371,-101.808894,0.));
#661 = CIRCLE('',#662,0.95);
#662 = AXIS2_PLACEMENT_3D('',#663,#664,#665);
#663 = CARTESIAN_POINT('',(130.363371,-100.858894,0.));
#664 = DIRECTION('',(-0.,0.,-1.));
#665 = DIRECTION('',(-0.,-1.,0.));
#666 = FACE_BOUND('',#667,.T.);
#667 = EDGE_LOOP('',(#668));
#668 = ORIENTED_EDGE('',*,*,#669,.F.);
#669 = EDGE_CURVE('',#670,#670,#672,.T.);
#670 = VERTEX_POINT('',#671);
#671 = CARTESIAN_POINT('',(135.863371,-95.558894,0.));
#672 = CIRCLE('',#673,0.6);
#673 = AXIS2_PLACEMENT_3D('',#674,#675,#676);
#674 = CARTESIAN_POINT('',(135.863371,-94.958894,0.));
#675 = DIRECTION('',(-0.,0.,-1.));
#676 = DIRECTION('',(-0.,-1.,0.));
#677 = FACE_BOUND('',#678,.T.);
#678 = EDGE_LOOP('',(#679));
#679 = ORIENTED_EDGE('',*,*,#680,.F.);
#680 = EDGE_CURVE('',#681,#681,#683,.T.);
#681 = VERTEX_POINT('',#682);
#682 = CARTESIAN_POINT('',(130.863371,-97.658894,0.));
#683 = CIRCLE('',#684,0.6);
#684 = AXIS2_PLACEMENT_3D('',#685,#686,#687);
#685 = CARTESIAN_POINT('',(130.863371,-97.058894,0.));
#686 = DIRECTION('',(-0.,0.,-1.));
#687 = DIRECTION('',(-0.,-1.,0.));
#688 = FACE_BOUND('',#689,.T.);
#689 = EDGE_LOOP('',(#690));
#690 = ORIENTED_EDGE('',*,*,#691,.F.);
#691 = EDGE_CURVE('',#692,#692,#694,.T.);
#692 = VERTEX_POINT('',#693);
#693 = CARTESIAN_POINT('',(117.,-108.2,0.));
#694 = CIRCLE('',#695,0.6);
#695 = AXIS2_PLACEMENT_3D('',#696,#697,#698);
#696 = CARTESIAN_POINT('',(117.,-107.6,0.));
#697 = DIRECTION('',(-0.,0.,-1.));
#698 = DIRECTION('',(-0.,-1.,0.));
#699 = FACE_BOUND('',#700,.T.);
#700 = EDGE_LOOP('',(#701));
#701 = ORIENTED_EDGE('',*,*,#702,.F.);
#702 = EDGE_CURVE('',#703,#703,#705,.T.);
#703 = VERTEX_POINT('',#704);
#704 = CARTESIAN_POINT('',(112.,-110.3,0.));
#705 = CIRCLE('',#706,0.6);
#706 = AXIS2_PLACEMENT_3D('',#707,#708,#709);
#707 = CARTESIAN_POINT('',(112.,-109.7,0.));
#708 = DIRECTION('',(-0.,0.,-1.));
#709 = DIRECTION('',(-0.,-1.,0.));
#710 = FACE_BOUND('',#711,.T.);
#711 = EDGE_LOOP('',(#712));
#712 = ORIENTED_EDGE('',*,*,#713,.F.);
#713 = EDGE_CURVE('',#714,#714,#716,.T.);
#714 = VERTEX_POINT('',#715);
#715 = CARTESIAN_POINT('',(98.,-112.7,0.));
#716 = CIRCLE('',#717,0.6);
#717 = AXIS2_PLACEMENT_3D('',#718,#719,#720);
#718 = CARTESIAN_POINT('',(98.,-112.1,0.));
#719 = DIRECTION('',(-0.,0.,-1.));
#720 = DIRECTION('',(-0.,-1.,0.));
#721 = FACE_BOUND('',#722,.T.);
#722 = EDGE_LOOP('',(#723));
#723 = ORIENTED_EDGE('',*,*,#724,.F.);
#724 = EDGE_CURVE('',#725,#725,#727,.T.);
#725 = VERTEX_POINT('',#726);
#726 = CARTESIAN_POINT('',(122.5,-95.45,0.));
#727 = CIRCLE('',#728,0.95);
#728 = AXIS2_PLACEMENT_3D('',#729,#730,#731);
#729 = CARTESIAN_POINT('',(122.5,-94.5,0.));
#730 = DIRECTION('',(-0.,0.,-1.));
#731 = DIRECTION('',(-0.,-1.,0.));
#732 = FACE_BOUND('',#733,.T.);
#733 = EDGE_LOOP('',(#734));
#734 = ORIENTED_EDGE('',*,*,#735,.F.);
#735 = EDGE_CURVE('',#736,#736,#738,.T.);
#736 = VERTEX_POINT('',#737);
#737 = CARTESIAN_POINT('',(117.,-96.225,0.));
#738 = CIRCLE('',#739,1.725);
#739 = AXIS2_PLACEMENT_3D('',#740,#741,#742);
#740 = CARTESIAN_POINT('',(117.,-94.5,0.));
#741 = DIRECTION('',(-0.,0.,-1.));
#742 = DIRECTION('',(-0.,-1.,0.));
#743 = FACE_BOUND('',#744,.T.);
#744 = EDGE_LOOP('',(#745));
#745 = ORIENTED_EDGE('',*,*,#746,.F.);
#746 = EDGE_CURVE('',#747,#747,#749,.T.);
#747 = VERTEX_POINT('',#748);
#748 = CARTESIAN_POINT('',(111.5,-95.45,0.));
#749 = CIRCLE('',#750,0.95);
#750 = AXIS2_PLACEMENT_3D('',#751,#752,#753);
#751 = CARTESIAN_POINT('',(111.5,-94.5,0.));
#752 = DIRECTION('',(-0.,0.,-1.));
#753 = DIRECTION('',(-0.,-1.,0.));
#754 = FACE_BOUND('',#755,.T.);
#755 = EDGE_LOOP('',(#756));
#756 = ORIENTED_EDGE('',*,*,#757,.F.);
#757 = EDGE_CURVE('',#758,#758,#760,.T.);
#758 = VERTEX_POINT('',#759);
#759 = CARTESIAN_POINT('',(103.500001,-100.08332,0.));
#760 = CIRCLE('',#761,0.95);
#761 = AXIS2_PLACEMENT_3D('',#762,#763,#764);
#762 = CARTESIAN_POINT('',(103.500001,-99.13332,0.));
#763 = DIRECTION('',(-0.,0.,-1.));
#764 = DIRECTION('',(-0.,-1.,0.));
#765 = FACE_BOUND('',#766,.T.);
#766 = EDGE_LOOP('',(#767));
#767 = ORIENTED_EDGE('',*,*,#768,.F.);
#768 = EDGE_CURVE('',#769,#769,#771,.T.);
#769 = VERTEX_POINT('',#770);
#770 = CARTESIAN_POINT('',(98.000001,-100.85832,0.));
#771 = CIRCLE('',#772,1.725);
#772 = AXIS2_PLACEMENT_3D('',#773,#774,#775);
#773 = CARTESIAN_POINT('',(98.000001,-99.13332,0.));
#774 = DIRECTION('',(-0.,0.,-1.));
#775 = DIRECTION('',(-0.,-1.,0.));
#776 = FACE_BOUND('',#777,.T.);
#777 = EDGE_LOOP('',(#778));
#778 = ORIENTED_EDGE('',*,*,#779,.F.);
#779 = EDGE_CURVE('',#780,#780,#782,.T.);
#780 = VERTEX_POINT('',#781);
#781 = CARTESIAN_POINT('',(92.500001,-100.08332,0.));
#782 = CIRCLE('',#783,0.95);
#783 = AXIS2_PLACEMENT_3D('',#784,#785,#786);
#784 = CARTESIAN_POINT('',(92.500001,-99.13332,0.));
#785 = DIRECTION('',(-0.,0.,-1.));
#786 = DIRECTION('',(-0.,-1.,0.));
#787 = FACE_BOUND('',#788,.T.);
#788 = EDGE_LOOP('',(#789));
#789 = ORIENTED_EDGE('',*,*,#790,.F.);
#790 = EDGE_CURVE('',#791,#791,#793,.T.);
#791 = VERTEX_POINT('',#792);
#792 = CARTESIAN_POINT('',(93.000001,-95.93332,0.));
#793 = CIRCLE('',#794,0.6);
#794 = AXIS2_PLACEMENT_3D('',#795,#796,#797);
#795 = CARTESIAN_POINT('',(93.000001,-95.33332,0.));
#796 = DIRECTION('',(-0.,0.,-1.));
#797 = DIRECTION('',(-0.,-1.,0.));
#798 = FACE_BOUND('',#799,.T.);
#799 = EDGE_LOOP('',(#800));
#800 = ORIENTED_EDGE('',*,*,#801,.F.);
#801 = EDGE_CURVE('',#802,#802,#804,.T.);
#802 = VERTEX_POINT('',#803);
#803 = CARTESIAN_POINT('',(98.000001,-93.83332,0.));
#804 = CIRCLE('',#805,0.6);
#805 = AXIS2_PLACEMENT_3D('',#806,#807,#808);
#806 = CARTESIAN_POINT('',(98.000001,-93.23332,0.));
#807 = DIRECTION('',(-0.,0.,-1.));
#808 = DIRECTION('',(-0.,-1.,0.));
#809 = FACE_BOUND('',#810,.T.);
#810 = EDGE_LOOP('',(#811));
#811 = ORIENTED_EDGE('',*,*,#812,.F.);
#812 = EDGE_CURVE('',#813,#813,#815,.T.);
#813 = VERTEX_POINT('',#814);
#814 = CARTESIAN_POINT('',(198.400467,-85.352297,0.));
#815 = CIRCLE('',#816,0.95);
#816 = AXIS2_PLACEMENT_3D('',#817,#818,#819);
#817 = CARTESIAN_POINT('',(198.400467,-84.402297,0.));
#818 = DIRECTION('',(-0.,0.,-1.));
#819 = DIRECTION('',(-0.,-1.,0.));
#820 = FACE_BOUND('',#821,.T.);
#821 = EDGE_LOOP('',(#822));
#822 = ORIENTED_EDGE('',*,*,#823,.F.);
#823 = EDGE_CURVE('',#824,#824,#826,.T.);
#824 = VERTEX_POINT('',#825);
#825 = CARTESIAN_POINT('',(192.900467,-86.127297,0.));
#826 = CIRCLE('',#827,1.725);
#827 = AXIS2_PLACEMENT_3D('',#828,#829,#830);
#828 = CARTESIAN_POINT('',(192.900467,-84.402297,0.));
#829 = DIRECTION('',(-0.,0.,-1.));
#830 = DIRECTION('',(-0.,-1.,0.));
#831 = FACE_BOUND('',#832,.T.);
#832 = EDGE_LOOP('',(#833));
#833 = ORIENTED_EDGE('',*,*,#834,.F.);
#834 = EDGE_CURVE('',#835,#835,#837,.T.);
#835 = VERTEX_POINT('',#836);
#836 = CARTESIAN_POINT('',(192.900467,-79.102297,0.));
#837 = CIRCLE('',#838,0.6);
#838 = AXIS2_PLACEMENT_3D('',#839,#840,#841);
#839 = CARTESIAN_POINT('',(192.900467,-78.502297,0.));
#840 = DIRECTION('',(-0.,0.,-1.));
#841 = DIRECTION('',(-0.,-1.,0.));
#842 = FACE_BOUND('',#843,.T.);
#843 = EDGE_LOOP('',(#844));
#844 = ORIENTED_EDGE('',*,*,#845,.F.);
#845 = EDGE_CURVE('',#846,#846,#848,.T.);
#846 = VERTEX_POINT('',#847);
#847 = CARTESIAN_POINT('',(187.400467,-85.352297,0.));
#848 = CIRCLE('',#849,0.95);
#849 = AXIS2_PLACEMENT_3D('',#850,#851,#852);
#850 = CARTESIAN_POINT('',(187.400467,-84.402297,0.));
#851 = DIRECTION('',(-0.,0.,-1.));
#852 = DIRECTION('',(-0.,-1.,0.));
#853 = FACE_BOUND('',#854,.T.);
#854 = EDGE_LOOP('',(#855));
#855 = ORIENTED_EDGE('',*,*,#856,.F.);
#856 = EDGE_CURVE('',#857,#857,#859,.T.);
#857 = VERTEX_POINT('',#858);
#858 = CARTESIAN_POINT('',(179.5,-82.95,0.));
#859 = CIRCLE('',#860,0.95);
#860 = AXIS2_PLACEMENT_3D('',#861,#862,#863);
#861 = CARTESIAN_POINT('',(179.5,-82.,0.));
#862 = DIRECTION('',(-0.,0.,-1.));
#863 = DIRECTION('',(-0.,-1.,0.));
#864 = FACE_BOUND('',#865,.T.);
#865 = EDGE_LOOP('',(#866));
#866 = ORIENTED_EDGE('',*,*,#867,.F.);
#867 = EDGE_CURVE('',#868,#868,#870,.T.);
#868 = VERTEX_POINT('',#869);
#869 = CARTESIAN_POINT('',(174.,-83.725,0.));
#870 = CIRCLE('',#871,1.725);
#871 = AXIS2_PLACEMENT_3D('',#872,#873,#874);
#872 = CARTESIAN_POINT('',(174.,-82.,0.));
#873 = DIRECTION('',(-0.,0.,-1.));
#874 = DIRECTION('',(-0.,-1.,0.));
#875 = FACE_BOUND('',#876,.T.);
#876 = EDGE_LOOP('',(#877));
#877 = ORIENTED_EDGE('',*,*,#878,.F.);
#878 = EDGE_CURVE('',#879,#879,#881,.T.);
#879 = VERTEX_POINT('',#880);
#880 = CARTESIAN_POINT('',(168.5,-82.95,0.));
#881 = CIRCLE('',#882,0.95);
#882 = AXIS2_PLACEMENT_3D('',#883,#884,#885);
#883 = CARTESIAN_POINT('',(168.5,-82.,0.));
#884 = DIRECTION('',(-0.,0.,-1.));
#885 = DIRECTION('',(-0.,-1.,0.));
#886 = FACE_BOUND('',#887,.T.);
#887 = EDGE_LOOP('',(#888));
#888 = ORIENTED_EDGE('',*,*,#889,.F.);
#889 = EDGE_CURVE('',#890,#890,#892,.T.);
#890 = VERTEX_POINT('',#891);
#891 = CARTESIAN_POINT('',(187.900467,-81.202297,0.));
#892 = CIRCLE('',#893,0.6);
#893 = AXIS2_PLACEMENT_3D('',#894,#895,#896);
#894 = CARTESIAN_POINT('',(187.900467,-80.602297,0.));
#895 = DIRECTION('',(-0.,0.,-1.));
#896 = DIRECTION('',(-0.,-1.,0.));
#897 = FACE_BOUND('',#898,.T.);
#898 = EDGE_LOOP('',(#899));
#899 = ORIENTED_EDGE('',*,*,#900,.F.);
#900 = EDGE_CURVE('',#901,#901,#903,.T.);
#901 = VERTEX_POINT('',#902);
#902 = CARTESIAN_POINT('',(174.,-76.7,0.));
#903 = CIRCLE('',#904,0.6);
#904 = AXIS2_PLACEMENT_3D('',#905,#906,#907);
#905 = CARTESIAN_POINT('',(174.,-76.1,0.));
#906 = DIRECTION('',(-0.,0.,-1.));
#907 = DIRECTION('',(-0.,-1.,0.));
#908 = FACE_BOUND('',#909,.T.);
#909 = EDGE_LOOP('',(#910));
#910 = ORIENTED_EDGE('',*,*,#911,.F.);
#911 = EDGE_CURVE('',#912,#912,#914,.T.);
#912 = VERTEX_POINT('',#913);
#913 = CARTESIAN_POINT('',(169.,-78.8,0.));
#914 = CIRCLE('',#915,0.6);
#915 = AXIS2_PLACEMENT_3D('',#916,#917,#918);
#916 = CARTESIAN_POINT('',(169.,-78.2,0.));
#917 = DIRECTION('',(-0.,0.,-1.));
#918 = DIRECTION('',(-0.,-1.,0.));
#919 = FACE_BOUND('',#920,.T.);
#920 = EDGE_LOOP('',(#921));
#921 = ORIENTED_EDGE('',*,*,#922,.F.);
#922 = EDGE_CURVE('',#923,#923,#925,.T.);
#923 = VERTEX_POINT('',#924);
#924 = CARTESIAN_POINT('',(160.541066,-77.869294,0.));
#925 = CIRCLE('',#926,0.95);
#926 = AXIS2_PLACEMENT_3D('',#927,#928,#929);
#927 = CARTESIAN_POINT('',(160.541066,-76.919294,0.));
#928 = DIRECTION('',(-0.,0.,-1.));
#929 = DIRECTION('',(-0.,-1.,0.));
#930 = FACE_BOUND('',#931,.T.);
#931 = EDGE_LOOP('',(#932));
#932 = ORIENTED_EDGE('',*,*,#933,.F.);
#933 = EDGE_CURVE('',#934,#934,#936,.T.);
#934 = VERTEX_POINT('',#935);
#935 = CARTESIAN_POINT('',(198.478526,-66.433716,0.));
#936 = CIRCLE('',#937,0.95);
#937 = AXIS2_PLACEMENT_3D('',#938,#939,#940);
#938 = CARTESIAN_POINT('',(198.478526,-65.483716,0.));
#939 = DIRECTION('',(-0.,0.,-1.));
#940 = DIRECTION('',(-0.,-1.,0.));
#941 = FACE_BOUND('',#942,.T.);
#942 = EDGE_LOOP('',(#943));
#943 = ORIENTED_EDGE('',*,*,#944,.F.);
#944 = EDGE_CURVE('',#945,#945,#947,.T.);
#945 = VERTEX_POINT('',#946);
#946 = CARTESIAN_POINT('',(192.978526,-67.208716,0.));
#947 = CIRCLE('',#948,1.725);
#948 = AXIS2_PLACEMENT_3D('',#949,#950,#951);
#949 = CARTESIAN_POINT('',(192.978526,-65.483716,0.));
#950 = DIRECTION('',(-0.,0.,-1.));
#951 = DIRECTION('',(-0.,-1.,0.));
#952 = FACE_BOUND('',#953,.T.);
#953 = EDGE_LOOP('',(#954));
#954 = ORIENTED_EDGE('',*,*,#955,.F.);
#955 = EDGE_CURVE('',#956,#956,#958,.T.);
#956 = VERTEX_POINT('',#957);
#957 = CARTESIAN_POINT('',(192.978526,-60.183716,0.));
#958 = CIRCLE('',#959,0.6);
#959 = AXIS2_PLACEMENT_3D('',#960,#961,#962);
#960 = CARTESIAN_POINT('',(192.978526,-59.583716,0.));
#961 = DIRECTION('',(-0.,0.,-1.));
#962 = DIRECTION('',(-0.,-1.,0.));
#963 = FACE_BOUND('',#964,.T.);
#964 = EDGE_LOOP('',(#965));
#965 = ORIENTED_EDGE('',*,*,#966,.F.);
#966 = EDGE_CURVE('',#967,#967,#969,.T.);
#967 = VERTEX_POINT('',#968);
#968 = CARTESIAN_POINT('',(187.478526,-66.433716,0.));
#969 = CIRCLE('',#970,0.95);
#970 = AXIS2_PLACEMENT_3D('',#971,#972,#973);
#971 = CARTESIAN_POINT('',(187.478526,-65.483716,0.));
#972 = DIRECTION('',(-0.,0.,-1.));
#973 = DIRECTION('',(-0.,-1.,0.));
#974 = FACE_BOUND('',#975,.T.);
#975 = EDGE_LOOP('',(#976));
#976 = ORIENTED_EDGE('',*,*,#977,.F.);
#977 = EDGE_CURVE('',#978,#978,#980,.T.);
#978 = VERTEX_POINT('',#979);
#979 = CARTESIAN_POINT('',(187.978526,-62.283716,0.));
#980 = CIRCLE('',#981,0.6);
#981 = AXIS2_PLACEMENT_3D('',#982,#983,#984);
#982 = CARTESIAN_POINT('',(187.978526,-61.683716,0.));
#983 = DIRECTION('',(-0.,0.,-1.));
#984 = DIRECTION('',(-0.,-1.,0.));
#985 = FACE_BOUND('',#986,.T.);
#986 = EDGE_LOOP('',(#987));
#987 = ORIENTED_EDGE('',*,*,#988,.F.);
#988 = EDGE_CURVE('',#989,#989,#991,.T.);
#989 = VERTEX_POINT('',#990);
#990 = CARTESIAN_POINT('',(179.484429,-63.872602,0.));
#991 = CIRCLE('',#992,0.95);
#992 = AXIS2_PLACEMENT_3D('',#993,#994,#995);
#993 = CARTESIAN_POINT('',(179.484429,-62.922602,0.));
#994 = DIRECTION('',(-0.,0.,-1.));
#995 = DIRECTION('',(2.991758887411E-14,-1.,-0.));
#996 = FACE_BOUND('',#997,.T.);
#997 = EDGE_LOOP('',(#998));
#998 = ORIENTED_EDGE('',*,*,#999,.F.);
#999 = EDGE_CURVE('',#1000,#1000,#1002,.T.);
#1000 = VERTEX_POINT('',#1001);
#1001 = CARTESIAN_POINT('',(173.984429,-64.647602,0.));
#1002 = CIRCLE('',#1003,1.725);
#1003 = AXIS2_PLACEMENT_3D('',#1004,#1005,#1006);
#1004 = CARTESIAN_POINT('',(173.984429,-62.922602,0.));
#1005 = DIRECTION('',(-0.,0.,-1.));
#1006 = DIRECTION('',(-0.,-1.,0.));
#1007 = FACE_BOUND('',#1008,.T.);
#1008 = EDGE_LOOP('',(#1009));
#1009 = ORIENTED_EDGE('',*,*,#1010,.F.);
#1010 = EDGE_CURVE('',#1011,#1011,#1013,.T.);
#1011 = VERTEX_POINT('',#1012);
#1012 = CARTESIAN_POINT('',(168.484429,-63.872602,0.));
#1013 = CIRCLE('',#1014,0.95);
#1014 = AXIS2_PLACEMENT_3D('',#1015,#1016,#1017);
#1015 = CARTESIAN_POINT('',(168.484429,-62.922602,0.));
#1016 = DIRECTION('',(-0.,0.,-1.));
#1017 = DIRECTION('',(2.991758887411E-14,-1.,-0.));
#1018 = FACE_BOUND('',#1019,.T.);
#1019 = EDGE_LOOP('',(#1020));
#1020 = ORIENTED_EDGE('',*,*,#1021,.F.);
#1021 = EDGE_CURVE('',#1022,#1022,#1024,.T.);
#1022 = VERTEX_POINT('',#1023);
#1023 = CARTESIAN_POINT('',(173.984429,-57.622602,0.));
#1024 = CIRCLE('',#1025,0.6);
#1025 = AXIS2_PLACEMENT_3D('',#1026,#1027,#1028);
#1026 = CARTESIAN_POINT('',(173.984429,-57.022602,0.));
#1027 = DIRECTION('',(-0.,0.,-1.));
#1028 = DIRECTION('',(-0.,-1.,0.));
#1029 = FACE_BOUND('',#1030,.T.);
#1030 = EDGE_LOOP('',(#1031));
#1031 = ORIENTED_EDGE('',*,*,#1032,.F.);
#1032 = EDGE_CURVE('',#1033,#1033,#1035,.T.);
#1033 = VERTEX_POINT('',#1034);
#1034 = CARTESIAN_POINT('',(168.984429,-59.722602,0.));
#1035 = CIRCLE('',#1036,0.6);
#1036 = AXIS2_PLACEMENT_3D('',#1037,#1038,#1039);
#1037 = CARTESIAN_POINT('',(168.984429,-59.122602,0.));
#1038 = DIRECTION('',(-0.,0.,-1.));
#1039 = DIRECTION('',(-0.,-1.,0.));
#1040 = FACE_BOUND('',#1041,.T.);
#1041 = EDGE_LOOP('',(#1042));
#1042 = ORIENTED_EDGE('',*,*,#1043,.F.);
#1043 = EDGE_CURVE('',#1044,#1044,#1046,.T.);
#1044 = VERTEX_POINT('',#1045);
#1045 = CARTESIAN_POINT('',(160.495264,-58.752257,0.));
#1046 = CIRCLE('',#1047,0.95);
#1047 = AXIS2_PLACEMENT_3D('',#1048,#1049,#1050);
#1048 = CARTESIAN_POINT('',(160.495264,-57.802257,0.));
#1049 = DIRECTION('',(-0.,0.,-1.));
#1050 = DIRECTION('',(-2.991758887411E-14,-1.,0.));
#1051 = FACE_BOUND('',#1052,.T.);
#1052 = EDGE_LOOP('',(#1053));
#1053 = ORIENTED_EDGE('',*,*,#1054,.F.);
#1054 = EDGE_CURVE('',#1055,#1055,#1057,.T.);
#1055 = VERTEX_POINT('',#1056);
#1056 = CARTESIAN_POINT('',(154.82399,-90.555586,0.));
#1057 = CIRCLE('',#1058,0.6);
#1058 = AXIS2_PLACEMENT_3D('',#1059,#1060,#1061);
#1059 = CARTESIAN_POINT('',(154.82399,-89.955586,0.));
#1060 = DIRECTION('',(-0.,0.,-1.));
#1061 = DIRECTION('',(4.736951571734E-14,-1.,-0.));
#1062 = FACE_BOUND('',#1063,.T.);
#1063 = EDGE_LOOP('',(#1064));
#1064 = ORIENTED_EDGE('',*,*,#1065,.F.);
#1065 = EDGE_CURVE('',#1066,#1066,#1068,.T.);
#1066 = VERTEX_POINT('',#1067);
#1067 = CARTESIAN_POINT('',(141.496745,-82.826551,0.));
#1068 = CIRCLE('',#1069,0.95);
#1069 = AXIS2_PLACEMENT_3D('',#1070,#1071,#1072);
#1070 = CARTESIAN_POINT('',(141.496745,-81.876551,0.));
#1071 = DIRECTION('',(-0.,0.,-1.));
#1072 = DIRECTION('',(2.991758887411E-14,-1.,-0.));
#1073 = FACE_BOUND('',#1074,.T.);
#1074 = EDGE_LOOP('',(#1075));
#1075 = ORIENTED_EDGE('',*,*,#1076,.F.);
#1076 = EDGE_CURVE('',#1077,#1077,#1079,.T.);
#1077 = VERTEX_POINT('',#1078);
#1078 = CARTESIAN_POINT('',(135.996745,-83.601551,0.));
#1079 = CIRCLE('',#1080,1.725);
#1080 = AXIS2_PLACEMENT_3D('',#1081,#1082,#1083);
#1081 = CARTESIAN_POINT('',(135.996745,-81.876551,0.));
#1082 = DIRECTION('',(-0.,0.,-1.));
#1083 = DIRECTION('',(-0.,-1.,0.));
#1084 = FACE_BOUND('',#1085,.T.);
#1085 = EDGE_LOOP('',(#1086));
#1086 = ORIENTED_EDGE('',*,*,#1087,.F.);
#1087 = EDGE_CURVE('',#1088,#1088,#1090,.T.);
#1088 = VERTEX_POINT('',#1089);
#1089 = CARTESIAN_POINT('',(130.496745,-82.826551,0.));
#1090 = CIRCLE('',#1091,0.95);
#1091 = AXIS2_PLACEMENT_3D('',#1092,#1093,#1094);
#1092 = CARTESIAN_POINT('',(130.496745,-81.876551,0.));
#1093 = DIRECTION('',(-0.,0.,-1.));
#1094 = DIRECTION('',(2.991758887411E-14,-1.,-0.));
#1095 = FACE_BOUND('',#1096,.T.);
#1096 = EDGE_LOOP('',(#1097));
#1097 = ORIENTED_EDGE('',*,*,#1098,.F.);
#1098 = EDGE_CURVE('',#1099,#1099,#1101,.T.);
#1099 = VERTEX_POINT('',#1100);
#1100 = CARTESIAN_POINT('',(155.041066,-78.644294,0.));
#1101 = CIRCLE('',#1102,1.725);
#1102 = AXIS2_PLACEMENT_3D('',#1103,#1104,#1105);
#1103 = CARTESIAN_POINT('',(155.041066,-76.919294,0.));
#1104 = DIRECTION('',(-0.,0.,-1.));
#1105 = DIRECTION('',(-0.,-1.,0.));
#1106 = FACE_BOUND('',#1107,.T.);
#1107 = EDGE_LOOP('',(#1108));
#1108 = ORIENTED_EDGE('',*,*,#1109,.F.);
#1109 = EDGE_CURVE('',#1110,#1110,#1112,.T.);
#1110 = VERTEX_POINT('',#1111);
#1111 = CARTESIAN_POINT('',(149.541066,-77.869294,0.));
#1112 = CIRCLE('',#1113,0.95);
#1113 = AXIS2_PLACEMENT_3D('',#1114,#1115,#1116);
#1114 = CARTESIAN_POINT('',(149.541066,-76.919294,0.));
#1115 = DIRECTION('',(-0.,0.,-1.));
#1116 = DIRECTION('',(-0.,-1.,0.));
#1117 = FACE_BOUND('',#1118,.T.);
#1118 = EDGE_LOOP('',(#1119));
#1119 = ORIENTED_EDGE('',*,*,#1120,.F.);
#1120 = EDGE_CURVE('',#1121,#1121,#1123,.T.);
#1121 = VERTEX_POINT('',#1122);
#1122 = CARTESIAN_POINT('',(150.041066,-73.719294,0.));
#1123 = CIRCLE('',#1124,0.6);
#1124 = AXIS2_PLACEMENT_3D('',#1125,#1126,#1127);
#1125 = CARTESIAN_POINT('',(150.041066,-73.119294,0.));
#1126 = DIRECTION('',(-0.,0.,-1.));
#1127 = DIRECTION('',(-0.,-1.,0.));
#1128 = FACE_BOUND('',#1129,.T.);
#1129 = EDGE_LOOP('',(#1130));
#1130 = ORIENTED_EDGE('',*,*,#1131,.F.);
#1131 = EDGE_CURVE('',#1132,#1132,#1134,.T.);
#1132 = VERTEX_POINT('',#1133);
#1133 = CARTESIAN_POINT('',(130.996745,-78.676551,0.));
#1134 = CIRCLE('',#1135,0.6);
#1135 = AXIS2_PLACEMENT_3D('',#1136,#1137,#1138);
#1136 = CARTESIAN_POINT('',(130.996745,-78.076551,0.));
#1137 = DIRECTION('',(-0.,0.,-1.));
#1138 = DIRECTION('',(-0.,-1.,0.));
#1139 = FACE_BOUND('',#1140,.T.);
#1140 = EDGE_LOOP('',(#1141));
#1141 = ORIENTED_EDGE('',*,*,#1142,.F.);
#1142 = EDGE_CURVE('',#1143,#1143,#1145,.T.);
#1143 = VERTEX_POINT('',#1144);
#1144 = CARTESIAN_POINT('',(135.996745,-76.576551,0.));
#1145 = CIRCLE('',#1146,0.6);
#1146 = AXIS2_PLACEMENT_3D('',#1147,#1148,#1149);
#1147 = CARTESIAN_POINT('',(135.996745,-75.976551,0.));
#1148 = DIRECTION('',(-0.,0.,-1.));
#1149 = DIRECTION('',(-0.,-1.,0.));
#1150 = FACE_BOUND('',#1151,.T.);
#1151 = EDGE_LOOP('',(#1152));
#1152 = ORIENTED_EDGE('',*,*,#1153,.F.);
#1153 = EDGE_CURVE('',#1154,#1154,#1156,.T.);
#1154 = VERTEX_POINT('',#1155);
#1155 = CARTESIAN_POINT('',(117.,-89.2,0.));
#1156 = CIRCLE('',#1157,0.6);
#1157 = AXIS2_PLACEMENT_3D('',#1158,#1159,#1160);
#1158 = CARTESIAN_POINT('',(117.,-88.6,0.));
#1159 = DIRECTION('',(-0.,0.,-1.));
#1160 = DIRECTION('',(-0.,-1.,0.));
#1161 = FACE_BOUND('',#1162,.T.);
#1162 = EDGE_LOOP('',(#1163));
#1163 = ORIENTED_EDGE('',*,*,#1164,.F.);
#1164 = EDGE_CURVE('',#1165,#1165,#1167,.T.);
#1165 = VERTEX_POINT('',#1166);
#1166 = CARTESIAN_POINT('',(112.,-91.3,0.));
#1167 = CIRCLE('',#1168,0.6);
#1168 = AXIS2_PLACEMENT_3D('',#1169,#1170,#1171);
#1169 = CARTESIAN_POINT('',(112.,-90.7,0.));
#1170 = DIRECTION('',(-0.,0.,-1.));
#1171 = DIRECTION('',(-0.,-1.,0.));
#1172 = FACE_BOUND('',#1173,.T.);
#1173 = EDGE_LOOP('',(#1174));
#1174 = ORIENTED_EDGE('',*,*,#1175,.F.);
#1175 = EDGE_CURVE('',#1176,#1176,#1178,.T.);
#1176 = VERTEX_POINT('',#1177);
#1177 = CARTESIAN_POINT('',(122.5,-76.45,0.));
#1178 = CIRCLE('',#1179,0.95);
#1179 = AXIS2_PLACEMENT_3D('',#1180,#1181,#1182);
#1180 = CARTESIAN_POINT('',(122.5,-75.5,0.));
#1181 = DIRECTION('',(-0.,0.,-1.));
#1182 = DIRECTION('',(-0.,-1.,0.));
#1183 = FACE_BOUND('',#1184,.T.);
#1184 = EDGE_LOOP('',(#1185));
#1185 = ORIENTED_EDGE('',*,*,#1186,.F.);
#1186 = EDGE_CURVE('',#1187,#1187,#1189,.T.);
#1187 = VERTEX_POINT('',#1188);
#1188 = CARTESIAN_POINT('',(117.,-77.225,0.));
#1189 = CIRCLE('',#1190,1.725);
#1190 = AXIS2_PLACEMENT_3D('',#1191,#1192,#1193);
#1191 = CARTESIAN_POINT('',(117.,-75.5,0.));
#1192 = DIRECTION('',(-0.,0.,-1.));
#1193 = DIRECTION('',(-0.,-1.,0.));
#1194 = FACE_BOUND('',#1195,.T.);
#1195 = EDGE_LOOP('',(#1196));
#1196 = ORIENTED_EDGE('',*,*,#1197,.F.);
#1197 = EDGE_CURVE('',#1198,#1198,#1200,.T.);
#1198 = VERTEX_POINT('',#1199);
#1199 = CARTESIAN_POINT('',(111.5,-76.45,0.));
#1200 = CIRCLE('',#1201,0.95);
#1201 = AXIS2_PLACEMENT_3D('',#1202,#1203,#1204);
#1202 = CARTESIAN_POINT('',(111.5,-75.5,0.));
#1203 = DIRECTION('',(-0.,0.,-1.));
#1204 = DIRECTION('',(-0.,-1.,0.));
#1205 = FACE_BOUND('',#1206,.T.);
#1206 = EDGE_LOOP('',(#1207));
#1207 = ORIENTED_EDGE('',*,*,#1208,.F.);
#1208 = EDGE_CURVE('',#1209,#1209,#1211,.T.);
#1209 = VERTEX_POINT('',#1210);
#1210 = CARTESIAN_POINT('',(112.,-72.3,0.));
#1211 = CIRCLE('',#1212,0.6);
#1212 = AXIS2_PLACEMENT_3D('',#1213,#1214,#1215);
#1213 = CARTESIAN_POINT('',(112.,-71.7,0.));
#1214 = DIRECTION('',(-0.,0.,-1.));
#1215 = DIRECTION('',(-0.,-1.,0.));
#1216 = FACE_BOUND('',#1217,.T.);
#1217 = EDGE_LOOP('',(#1218));
#1218 = ORIENTED_EDGE('',*,*,#1219,.F.);
#1219 = EDGE_CURVE('',#1220,#1220,#1222,.T.);
#1220 = VERTEX_POINT('',#1221);
#1221 = CARTESIAN_POINT('',(103.492566,-81.45,0.));
#1222 = CIRCLE('',#1223,0.95);
#1223 = AXIS2_PLACEMENT_3D('',#1224,#1225,#1226);
#1224 = CARTESIAN_POINT('',(103.492566,-80.5,0.));
#1225 = DIRECTION('',(-0.,0.,-1.));
#1226 = DIRECTION('',(-0.,-1.,0.));
#1227 = FACE_BOUND('',#1228,.T.);
#1228 = EDGE_LOOP('',(#1229));
#1229 = ORIENTED_EDGE('',*,*,#1230,.F.);
#1230 = EDGE_CURVE('',#1231,#1231,#1233,.T.);
#1231 = VERTEX_POINT('',#1232);
#1232 = CARTESIAN_POINT('',(97.992566,-82.225,0.));
#1233 = CIRCLE('',#1234,1.725);
#1234 = AXIS2_PLACEMENT_3D('',#1235,#1236,#1237);
#1235 = CARTESIAN_POINT('',(97.992566,-80.5,0.));
#1236 = DIRECTION('',(-0.,0.,-1.));
#1237 = DIRECTION('',(-8.238176646494E-15,-1.,0.));
#1238 = FACE_BOUND('',#1239,.T.);
#1239 = EDGE_LOOP('',(#1240));
#1240 = ORIENTED_EDGE('',*,*,#1241,.F.);
#1241 = EDGE_CURVE('',#1242,#1242,#1244,.T.);
#1242 = VERTEX_POINT('',#1243);
#1243 = CARTESIAN_POINT('',(92.492566,-81.45,0.));
#1244 = CIRCLE('',#1245,0.95);
#1245 = AXIS2_PLACEMENT_3D('',#1246,#1247,#1248);
#1246 = CARTESIAN_POINT('',(92.492566,-80.5,0.));
#1247 = DIRECTION('',(-0.,0.,-1.));
#1248 = DIRECTION('',(-0.,-1.,0.));
#1249 = FACE_BOUND('',#1250,.T.);
#1250 = EDGE_LOOP('',(#1251));
#1251 = ORIENTED_EDGE('',*,*,#1252,.F.);
#1252 = EDGE_CURVE('',#1253,#1253,#1255,.T.);
#1253 = VERTEX_POINT('',#1254);
#1254 = CARTESIAN_POINT('',(97.992566,-75.2,0.));
#1255 = CIRCLE('',#1256,0.6);
#1256 = AXIS2_PLACEMENT_3D('',#1257,#1258,#1259);
#1257 = CARTESIAN_POINT('',(97.992566,-74.6,0.));
#1258 = DIRECTION('',(-0.,0.,-1.));
#1259 = DIRECTION('',(-2.368475785867E-14,-1.,0.));
#1260 = FACE_BOUND('',#1261,.T.);
#1261 = EDGE_LOOP('',(#1262));
#1262 = ORIENTED_EDGE('',*,*,#1263,.F.);
#1263 = EDGE_CURVE('',#1264,#1264,#1266,.T.);
#1264 = VERTEX_POINT('',#1265);
#1265 = CARTESIAN_POINT('',(92.992566,-77.3,0.));
#1266 = CIRCLE('',#1267,0.6);
#1267 = AXIS2_PLACEMENT_3D('',#1268,#1269,#1270);
#1268 = CARTESIAN_POINT('',(92.992566,-76.7,0.));
#1269 = DIRECTION('',(-0.,0.,-1.));
#1270 = DIRECTION('',(-2.368475785867E-14,-1.,0.));
#1271 = FACE_BOUND('',#1272,.T.);
#1272 = EDGE_LOOP('',(#1273));
#1273 = ORIENTED_EDGE('',*,*,#1274,.F.);
#1274 = EDGE_CURVE('',#1275,#1275,#1277,.T.);
#1275 = VERTEX_POINT('',#1276);
#1276 = CARTESIAN_POINT('',(155.041066,-71.619294,0.));
#1277 = CIRCLE('',#1278,0.6);
#1278 = AXIS2_PLACEMENT_3D('',#1279,#1280,#1281);
#1279 = CARTESIAN_POINT('',(155.041066,-71.019294,0.));
#1280 = DIRECTION('',(-0.,0.,-1.));
#1281 = DIRECTION('',(-0.,-1.,0.));
#1282 = FACE_BOUND('',#1283,.T.);
#1283 = EDGE_LOOP('',(#1284));
#1284 = ORIENTED_EDGE('',*,*,#1285,.F.);
#1285 = EDGE_CURVE('',#1286,#1286,#1288,.T.);
#1286 = VERTEX_POINT('',#1287);
#1287 = CARTESIAN_POINT('',(141.331568,-63.947353,0.));
#1288 = CIRCLE('',#1289,0.95);
#1289 = AXIS2_PLACEMENT_3D('',#1290,#1291,#1292);
#1290 = CARTESIAN_POINT('',(141.331568,-62.997353,0.));
#1291 = DIRECTION('',(-0.,0.,-1.));
#1292 = DIRECTION('',(-0.,-1.,0.));
#1293 = FACE_BOUND('',#1294,.T.);
#1294 = EDGE_LOOP('',(#1295));
#1295 = ORIENTED_EDGE('',*,*,#1296,.F.);
#1296 = EDGE_CURVE('',#1297,#1297,#1299,.T.);
#1297 = VERTEX_POINT('',#1298);
#1298 = CARTESIAN_POINT('',(135.831568,-64.722353,0.));
#1299 = CIRCLE('',#1300,1.725);
#1300 = AXIS2_PLACEMENT_3D('',#1301,#1302,#1303);
#1301 = CARTESIAN_POINT('',(135.831568,-62.997353,0.));
#1302 = DIRECTION('',(-0.,0.,-1.));
#1303 = DIRECTION('',(-0.,-1.,0.));
#1304 = FACE_BOUND('',#1305,.T.);
#1305 = EDGE_LOOP('',(#1306));
#1306 = ORIENTED_EDGE('',*,*,#1307,.F.);
#1307 = EDGE_CURVE('',#1308,#1308,#1310,.T.);
#1308 = VERTEX_POINT('',#1309);
#1309 = CARTESIAN_POINT('',(130.331568,-63.947353,0.));
#1310 = CIRCLE('',#1311,0.95);
#1311 = AXIS2_PLACEMENT_3D('',#1312,#1313,#1314);
#1312 = CARTESIAN_POINT('',(130.331568,-62.997353,0.));
#1313 = DIRECTION('',(-0.,0.,-1.));
#1314 = DIRECTION('',(-0.,-1.,0.));
#1315 = FACE_BOUND('',#1316,.T.);
#1316 = EDGE_LOOP('',(#1317));
#1317 = ORIENTED_EDGE('',*,*,#1318,.F.);
#1318 = EDGE_CURVE('',#1319,#1319,#1321,.T.);
#1319 = VERTEX_POINT('',#1320);
#1320 = CARTESIAN_POINT('',(154.995264,-59.527257,0.));
#1321 = CIRCLE('',#1322,1.725);
#1322 = AXIS2_PLACEMENT_3D('',#1323,#1324,#1325);
#1323 = CARTESIAN_POINT('',(154.995264,-57.802257,0.));
#1324 = DIRECTION('',(-0.,0.,-1.));
#1325 = DIRECTION('',(-0.,-1.,0.));
#1326 = FACE_BOUND('',#1327,.T.);
#1327 = EDGE_LOOP('',(#1328));
#1328 = ORIENTED_EDGE('',*,*,#1329,.F.);
#1329 = EDGE_CURVE('',#1330,#1330,#1332,.T.);
#1330 = VERTEX_POINT('',#1331);
#1331 = CARTESIAN_POINT('',(149.495264,-58.752257,0.));
#1332 = CIRCLE('',#1333,0.95);
#1333 = AXIS2_PLACEMENT_3D('',#1334,#1335,#1336);
#1334 = CARTESIAN_POINT('',(149.495264,-57.802257,0.));
#1335 = DIRECTION('',(-0.,0.,-1.));
#1336 = DIRECTION('',(-2.991758887411E-14,-1.,0.));
#1337 = FACE_BOUND('',#1338,.T.);
#1338 = EDGE_LOOP('',(#1339));
#1339 = ORIENTED_EDGE('',*,*,#1340,.F.);
#1340 = EDGE_CURVE('',#1341,#1341,#1343,.T.);
#1341 = VERTEX_POINT('',#1342);
#1342 = CARTESIAN_POINT('',(149.995264,-54.602257,0.));
#1343 = CIRCLE('',#1344,0.6);
#1344 = AXIS2_PLACEMENT_3D('',#1345,#1346,#1347);
#1345 = CARTESIAN_POINT('',(149.995264,-54.002257,0.));
#1346 = DIRECTION('',(-0.,0.,-1.));
#1347 = DIRECTION('',(-0.,-1.,0.));
#1348 = FACE_BOUND('',#1349,.T.);
#1349 = EDGE_LOOP('',(#1350));
#1350 = ORIENTED_EDGE('',*,*,#1351,.F.);
#1351 = EDGE_CURVE('',#1352,#1352,#1354,.T.);
#1352 = VERTEX_POINT('',#1353);
#1353 = CARTESIAN_POINT('',(154.995264,-52.502257,0.));
#1354 = CIRCLE('',#1355,0.6);
#1355 = AXIS2_PLACEMENT_3D('',#1356,#1357,#1358);
#1356 = CARTESIAN_POINT('',(154.995264,-51.902257,0.));
#1357 = DIRECTION('',(-0.,0.,-1.));
#1358 = DIRECTION('',(-0.,-1.,0.));
#1359 = FACE_BOUND('',#1360,.T.);
#1360 = EDGE_LOOP('',(#1361));
#1361 = ORIENTED_EDGE('',*,*,#1362,.F.);
#1362 = EDGE_CURVE('',#1363,#1363,#1365,.T.);
#1363 = VERTEX_POINT('',#1364);
#1364 = CARTESIAN_POINT('',(135.831568,-57.697353,0.));
#1365 = CIRCLE('',#1366,0.6);
#1366 = AXIS2_PLACEMENT_3D('',#1367,#1368,#1369);
#1367 = CARTESIAN_POINT('',(135.831568,-57.097353,0.));
#1368 = DIRECTION('',(-0.,0.,-1.));
#1369 = DIRECTION('',(-0.,-1.,0.));
#1370 = FACE_BOUND('',#1371,.T.);
#1371 = EDGE_LOOP('',(#1372));
#1372 = ORIENTED_EDGE('',*,*,#1373,.F.);
#1373 = EDGE_CURVE('',#1374,#1374,#1376,.T.);
#1374 = VERTEX_POINT('',#1375);
#1375 = CARTESIAN_POINT('',(130.831568,-59.797353,0.));
#1376 = CIRCLE('',#1377,0.6);
#1377 = AXIS2_PLACEMENT_3D('',#1378,#1379,#1380);
#1378 = CARTESIAN_POINT('',(130.831568,-59.197353,0.));
#1379 = DIRECTION('',(-0.,0.,-1.));
#1380 = DIRECTION('',(-0.,-1.,0.));
#1381 = FACE_BOUND('',#1382,.T.);
#1382 = EDGE_LOOP('',(#1383));
#1383 = ORIENTED_EDGE('',*,*,#1384,.F.);
#1384 = EDGE_CURVE('',#1385,#1385,#1387,.T.);
#1385 = VERTEX_POINT('',#1386);
#1386 = CARTESIAN_POINT('',(117.,-70.2,0.));
#1387 = CIRCLE('',#1388,0.6);
#1388 = AXIS2_PLACEMENT_3D('',#1389,#1390,#1391);
#1389 = CARTESIAN_POINT('',(117.,-69.6,0.));
#1390 = DIRECTION('',(-0.,0.,-1.));
#1391 = DIRECTION('',(-0.,-1.,0.));
#1392 = PLANE('',#1393);
#1393 = AXIS2_PLACEMENT_3D('',#1394,#1395,#1396);
#1394 = CARTESIAN_POINT('',(154.02460029845,-97.37395955384,0.));
#1395 = DIRECTION('',(-0.,-0.,-1.));
#1396 = DIRECTION('',(-1.,0.,0.));
#1397 = ADVANCED_FACE('',(#1398,#1497,#1508,#1519,#1530,#1541,#1552,
    #1563,#1574,#1585,#1596,#1607,#1618,#1629,#1640,#1651,#1662,#1673,
    #1684,#1695,#1706,#1717,#1728,#1739,#1750,#1761,#1772,#1783,#1794,
    #1805,#1816,#1827,#1838,#1849,#1860,#1871,#1882,#1893,#1904,#1915,
    #1926,#1937,#1948,#1959,#1970,#1981,#1992,#2003,#2014,#2025,#2036,
    #2047,#2058,#2069,#2080,#2091,#2102,#2113,#2124,#2135,#2146,#2157,
    #2168,#2179,#2190,#2201,#2212,#2223,#2234,#2245,#2256,#2267,#2278,
    #2289,#2300,#2311,#2322,#2333,#2344,#2355,#2366,#2377,#2388,#2399,
    #2410,#2421,#2432,#2443,#2454,#2465,#2476,#2487,#2498,#2509,#2520,
    #2531,#2542,#2553,#2564,#2575,#2586,#2597,#2608,#2619,#2630,#2641),
  #2652,.F.);
#1398 = FACE_BOUND('',#1399,.F.);
#1399 = EDGE_LOOP('',(#1400,#1401,#1402,#1410,#1418,#1426,#1434,#1442,
    #1450,#1458,#1466,#1474,#1482,#1490,#1496));
#1400 = ORIENTED_EDGE('',*,*,#49,.T.);
#1401 = ORIENTED_EDGE('',*,*,#111,.T.);
#1402 = ORIENTED_EDGE('',*,*,#1403,.T.);
#1403 = EDGE_CURVE('',#112,#1404,#1406,.T.);
#1404 = VERTEX_POINT('',#1405);
#1405 = CARTESIAN_POINT('',(201.,-55.5,1.6));
#1406 = LINE('',#1407,#1408);
#1407 = CARTESIAN_POINT('',(183.5,-55.5,1.6));
#1408 = VECTOR('',#1409,1.);
#1409 = DIRECTION('',(1.,0.,0.));
#1410 = ORIENTED_EDGE('',*,*,#1411,.T.);
#1411 = EDGE_CURVE('',#1404,#1412,#1414,.T.);
#1412 = VERTEX_POINT('',#1413);
#1413 = CARTESIAN_POINT('',(201.5,-116.5,1.6));
#1414 = LINE('',#1415,#1416);
#1415 = CARTESIAN_POINT('',(201.,-55.5,1.6));
#1416 = VECTOR('',#1417,1.);
#1417 = DIRECTION('',(8.196445971906E-03,-0.999966408573,0.));
#1418 = ORIENTED_EDGE('',*,*,#1419,.T.);
#1419 = EDGE_CURVE('',#1412,#1420,#1422,.T.);
#1420 = VERTEX_POINT('',#1421);
#1421 = CARTESIAN_POINT('',(225.,-125.,1.6));
#1422 = LINE('',#1423,#1424);
#1423 = CARTESIAN_POINT('',(201.5,-116.5,1.6));
#1424 = VECTOR('',#1425,1.);
#1425 = DIRECTION('',(0.940376225751,-0.340136081654,0.));
#1426 = ORIENTED_EDGE('',*,*,#1427,.T.);
#1427 = EDGE_CURVE('',#1420,#1428,#1430,.T.);
#1428 = VERTEX_POINT('',#1429);
#1429 = CARTESIAN_POINT('',(219.,-141.5,1.6));
#1430 = LINE('',#1431,#1432);
#1431 = CARTESIAN_POINT('',(225.,-125.,1.6));
#1432 = VECTOR('',#1433,1.);
#1433 = DIRECTION('',(-0.341743063087,-0.939793423488,0.));
#1434 = ORIENTED_EDGE('',*,*,#1435,.T.);
#1435 = EDGE_CURVE('',#1428,#1436,#1438,.T.);
#1436 = VERTEX_POINT('',#1437);
#1437 = CARTESIAN_POINT('',(188.,-134.,1.6));
#1438 = LINE('',#1439,#1440);
#1439 = CARTESIAN_POINT('',(219.,-141.5,1.6));
#1440 = VECTOR('',#1441,1.);
#1441 = DIRECTION('',(-0.971958774044,0.235151316301,0.));
#1442 = ORIENTED_EDGE('',*,*,#1443,.T.);
#1443 = EDGE_CURVE('',#1436,#1444,#1446,.T.);
#1444 = VERTEX_POINT('',#1445);
#1445 = CARTESIAN_POINT('',(89.5,-134.,1.6));
#1446 = LINE('',#1447,#1448);
#1447 = CARTESIAN_POINT('',(188.,-134.,1.6));
#1448 = VECTOR('',#1449,1.);
#1449 = DIRECTION('',(-1.,0.,0.));
#1450 = ORIENTED_EDGE('',*,*,#1451,.T.);
#1451 = EDGE_CURVE('',#1444,#1452,#1454,.T.);
#1452 = VERTEX_POINT('',#1453);
#1453 = CARTESIAN_POINT('',(89.5,-66.5,1.6));
#1454 = LINE('',#1455,#1456);
#1455 = CARTESIAN_POINT('',(89.5,-134.,1.6));
#1456 = VECTOR('',#1457,1.);
#1457 = DIRECTION('',(0.,1.,0.));
#1458 = ORIENTED_EDGE('',*,*,#1459,.T.);
#1459 = EDGE_CURVE('',#1452,#1460,#1462,.T.);
#1460 = VERTEX_POINT('',#1461);
#1461 = CARTESIAN_POINT('',(126.5,-66.5,1.6));
#1462 = LINE('',#1463,#1464);
#1463 = CARTESIAN_POINT('',(89.5,-66.5,1.6));
#1464 = VECTOR('',#1465,1.);
#1465 = DIRECTION('',(1.,0.,0.));
#1466 = ORIENTED_EDGE('',*,*,#1467,.T.);
#1467 = EDGE_CURVE('',#1460,#1468,#1470,.T.);
#1468 = VERTEX_POINT('',#1469);
#1469 = CARTESIAN_POINT('',(126.5,-53.,1.6));
#1470 = LINE('',#1471,#1472);
#1471 = CARTESIAN_POINT('',(126.5,-66.5,1.6));
#1472 = VECTOR('',#1473,1.);
#1473 = DIRECTION('',(0.,1.,0.));
#1474 = ORIENTED_EDGE('',*,*,#1475,.T.);
#1475 = EDGE_CURVE('',#1468,#1476,#1478,.T.);
#1476 = VERTEX_POINT('',#1477);
#1477 = CARTESIAN_POINT('',(145.5,-53.,1.6));
#1478 = LINE('',#1479,#1480);
#1479 = CARTESIAN_POINT('',(126.5,-53.,1.6));
#1480 = VECTOR('',#1481,1.);
#1481 = DIRECTION('',(1.,0.,0.));
#1482 = ORIENTED_EDGE('',*,*,#1483,.T.);
#1483 = EDGE_CURVE('',#1476,#1484,#1486,.T.);
#1484 = VERTEX_POINT('',#1485);
#1485 = CARTESIAN_POINT('',(145.,-48.,1.6));
#1486 = LINE('',#1487,#1488);
#1487 = CARTESIAN_POINT('',(145.5,-53.,1.6));
#1488 = VECTOR('',#1489,1.);
#1489 = DIRECTION('',(-9.9503719021E-02,0.99503719021,0.));
#1490 = ORIENTED_EDGE('',*,*,#1491,.T.);
#1491 = EDGE_CURVE('',#1484,#82,#1492,.T.);
#1492 = LINE('',#1493,#1494);
#1493 = CARTESIAN_POINT('',(145.,-48.,1.6));
#1494 = VECTOR('',#1495,1.);
#1495 = DIRECTION('',(1.,0.,0.));
#1496 = ORIENTED_EDGE('',*,*,#89,.T.);
#1497 = FACE_BOUND('',#1498,.F.);
#1498 = EDGE_LOOP('',(#1499));
#1499 = ORIENTED_EDGE('',*,*,#1500,.F.);
#1500 = EDGE_CURVE('',#1501,#1501,#1503,.T.);
#1501 = VERTEX_POINT('',#1502);
#1502 = CARTESIAN_POINT('',(220.302446,-132.677743,1.6));
#1503 = CIRCLE('',#1504,0.95);
#1504 = AXIS2_PLACEMENT_3D('',#1505,#1506,#1507);
#1505 = CARTESIAN_POINT('',(220.302446,-131.727743,1.6));
#1506 = DIRECTION('',(-0.,0.,-1.));
#1507 = DIRECTION('',(2.991758887411E-14,-1.,-0.));
#1508 = FACE_BOUND('',#1509,.F.);
#1509 = EDGE_LOOP('',(#1510));
#1510 = ORIENTED_EDGE('',*,*,#1511,.F.);
#1511 = EDGE_CURVE('',#1512,#1512,#1514,.T.);
#1512 = VERTEX_POINT('',#1513);
#1513 = CARTESIAN_POINT('',(215.134137,-131.571632,1.6));
#1514 = CIRCLE('',#1515,1.725);
#1515 = AXIS2_PLACEMENT_3D('',#1516,#1517,#1518);
#1516 = CARTESIAN_POINT('',(215.134137,-129.846632,1.6));
#1517 = DIRECTION('',(-0.,0.,-1.));
#1518 = DIRECTION('',(-0.,-1.,0.));
#1519 = FACE_BOUND('',#1520,.F.);
#1520 = EDGE_LOOP('',(#1521));
#1521 = ORIENTED_EDGE('',*,*,#1522,.F.);
#1522 = EDGE_CURVE('',#1523,#1523,#1525,.T.);
#1523 = VERTEX_POINT('',#1524);
#1524 = CARTESIAN_POINT('',(209.965828,-128.915521,1.6));
#1525 = CIRCLE('',#1526,0.95);
#1526 = AXIS2_PLACEMENT_3D('',#1527,#1528,#1529);
#1527 = CARTESIAN_POINT('',(209.965828,-127.965521,1.6));
#1528 = DIRECTION('',(-0.,0.,-1.));
#1529 = DIRECTION('',(-0.,-1.,0.));
#1530 = FACE_BOUND('',#1531,.F.);
#1531 = EDGE_LOOP('',(#1532));
#1532 = ORIENTED_EDGE('',*,*,#1533,.F.);
#1533 = EDGE_CURVE('',#1534,#1534,#1536,.T.);
#1534 = VERTEX_POINT('',#1535);
#1535 = CARTESIAN_POINT('',(217.152056,-124.902445,1.6));
#1536 = CIRCLE('',#1537,0.6);
#1537 = AXIS2_PLACEMENT_3D('',#1538,#1539,#1540);
#1538 = CARTESIAN_POINT('',(217.152056,-124.302445,1.6));
#1539 = DIRECTION('',(-0.,0.,-1.));
#1540 = DIRECTION('',(-4.736951571734E-14,-1.,0.));
#1541 = FACE_BOUND('',#1542,.F.);
#1542 = EDGE_LOOP('',(#1543));
#1543 = ORIENTED_EDGE('',*,*,#1544,.F.);
#1544 = EDGE_CURVE('',#1545,#1545,#1547,.T.);
#1545 = VERTEX_POINT('',#1546);
#1546 = CARTESIAN_POINT('',(211.735349,-125.1657,1.6));
#1547 = CIRCLE('',#1548,0.6);
#1548 = AXIS2_PLACEMENT_3D('',#1549,#1550,#1551);
#1549 = CARTESIAN_POINT('',(211.735349,-124.5657,1.6));
#1550 = DIRECTION('',(-0.,0.,-1.));
#1551 = DIRECTION('',(4.736951571734E-14,-1.,-0.));
#1552 = FACE_BOUND('',#1553,.F.);
#1553 = EDGE_LOOP('',(#1554));
#1554 = ORIENTED_EDGE('',*,*,#1555,.F.);
#1555 = EDGE_CURVE('',#1556,#1556,#1558,.T.);
#1556 = VERTEX_POINT('',#1557);
#1557 = CARTESIAN_POINT('',(200.642678,-126.405066,1.6));
#1558 = CIRCLE('',#1559,0.95);
#1559 = AXIS2_PLACEMENT_3D('',#1560,#1561,#1562);
#1560 = CARTESIAN_POINT('',(200.642678,-125.455066,1.6));
#1561 = DIRECTION('',(-0.,0.,-1.));
#1562 = DIRECTION('',(-0.,-1.,0.));
#1563 = FACE_BOUND('',#1564,.F.);
#1564 = EDGE_LOOP('',(#1565));
#1565 = ORIENTED_EDGE('',*,*,#1566,.F.);
#1566 = EDGE_CURVE('',#1567,#1567,#1569,.T.);
#1567 = VERTEX_POINT('',#1568);
#1568 = CARTESIAN_POINT('',(195.226235,-126.225,1.6));
#1569 = CIRCLE('',#1570,1.725);
#1570 = AXIS2_PLACEMENT_3D('',#1571,#1572,#1573);
#1571 = CARTESIAN_POINT('',(195.226235,-124.5,1.6));
#1572 = DIRECTION('',(-0.,0.,-1.));
#1573 = DIRECTION('',(-0.,-1.,0.));
#1574 = FACE_BOUND('',#1575,.F.);
#1575 = EDGE_LOOP('',(#1576));
#1576 = ORIENTED_EDGE('',*,*,#1577,.F.);
#1577 = EDGE_CURVE('',#1578,#1578,#1580,.T.);
#1578 = VERTEX_POINT('',#1579);
#1579 = CARTESIAN_POINT('',(189.809792,-124.494934,1.6));
#1580 = CIRCLE('',#1581,0.95);
#1581 = AXIS2_PLACEMENT_3D('',#1582,#1583,#1584);
#1582 = CARTESIAN_POINT('',(189.809792,-123.544934,1.6));
#1583 = DIRECTION('',(-0.,0.,-1.));
#1584 = DIRECTION('',(-2.991758887411E-14,-1.,0.));
#1585 = FACE_BOUND('',#1586,.F.);
#1586 = EDGE_LOOP('',(#1587));
#1587 = ORIENTED_EDGE('',*,*,#1588,.F.);
#1588 = EDGE_CURVE('',#1589,#1589,#1591,.T.);
#1589 = VERTEX_POINT('',#1590);
#1590 = CARTESIAN_POINT('',(196.250759,-119.289634,1.6));
#1591 = CIRCLE('',#1592,0.6);
#1592 = AXIS2_PLACEMENT_3D('',#1593,#1594,#1595);
#1593 = CARTESIAN_POINT('',(196.250759,-118.689634,1.6));
#1594 = DIRECTION('',(-0.,0.,-1.));
#1595 = DIRECTION('',(-4.736951571734E-14,-1.,0.));
#1596 = FACE_BOUND('',#1597,.F.);
#1597 = EDGE_LOOP('',(#1598));
#1598 = ORIENTED_EDGE('',*,*,#1599,.F.);
#1599 = EDGE_CURVE('',#1600,#1600,#1602,.T.);
#1600 = VERTEX_POINT('',#1601);
#1601 = CARTESIAN_POINT('',(190.96206,-120.489491,1.6));
#1602 = CIRCLE('',#1603,0.6);
#1603 = AXIS2_PLACEMENT_3D('',#1604,#1605,#1606);
#1604 = CARTESIAN_POINT('',(190.96206,-119.889491,1.6));
#1605 = DIRECTION('',(-0.,0.,-1.));
#1606 = DIRECTION('',(-0.,-1.,0.));
#1607 = FACE_BOUND('',#1608,.F.);
#1608 = EDGE_LOOP('',(#1609));
#1609 = ORIENTED_EDGE('',*,*,#1610,.F.);
#1610 = EDGE_CURVE('',#1611,#1611,#1613,.T.);
#1611 = VERTEX_POINT('',#1612);
#1612 = CARTESIAN_POINT('',(180.256559,-124.230887,1.6));
#1613 = CIRCLE('',#1614,0.95);
#1614 = AXIS2_PLACEMENT_3D('',#1615,#1616,#1617);
#1615 = CARTESIAN_POINT('',(180.256559,-123.280887,1.6));
#1616 = DIRECTION('',(-0.,0.,-1.));
#1617 = DIRECTION('',(2.991758887411E-14,-1.,-0.));
#1618 = FACE_BOUND('',#1619,.F.);
#1619 = EDGE_LOOP('',(#1620));
#1620 = ORIENTED_EDGE('',*,*,#1621,.F.);
#1621 = EDGE_CURVE('',#1622,#1622,#1624,.T.);
#1622 = VERTEX_POINT('',#1623);
#1623 = CARTESIAN_POINT('',(174.756559,-125.005887,1.6));
#1624 = CIRCLE('',#1625,1.725);
#1625 = AXIS2_PLACEMENT_3D('',#1626,#1627,#1628);
#1626 = CARTESIAN_POINT('',(174.756559,-123.280887,1.6));
#1627 = DIRECTION('',(-0.,0.,-1.));
#1628 = DIRECTION('',(1.647635329299E-14,-1.,-0.));
#1629 = FACE_BOUND('',#1630,.F.);
#1630 = EDGE_LOOP('',(#1631));
#1631 = ORIENTED_EDGE('',*,*,#1632,.F.);
#1632 = EDGE_CURVE('',#1633,#1633,#1635,.T.);
#1633 = VERTEX_POINT('',#1634);
#1634 = CARTESIAN_POINT('',(169.256559,-124.230887,1.6));
#1635 = CIRCLE('',#1636,0.95);
#1636 = AXIS2_PLACEMENT_3D('',#1637,#1638,#1639);
#1637 = CARTESIAN_POINT('',(169.256559,-123.280887,1.6));
#1638 = DIRECTION('',(-0.,0.,-1.));
#1639 = DIRECTION('',(2.991758887411E-14,-1.,-0.));
#1640 = FACE_BOUND('',#1641,.F.);
#1641 = EDGE_LOOP('',(#1642));
#1642 = ORIENTED_EDGE('',*,*,#1643,.F.);
#1643 = EDGE_CURVE('',#1644,#1644,#1646,.T.);
#1644 = VERTEX_POINT('',#1645);
#1645 = CARTESIAN_POINT('',(174.756559,-117.980887,1.6));
#1646 = CIRCLE('',#1647,0.6);
#1647 = AXIS2_PLACEMENT_3D('',#1648,#1649,#1650);
#1648 = CARTESIAN_POINT('',(174.756559,-117.380887,1.6));
#1649 = DIRECTION('',(-0.,0.,-1.));
#1650 = DIRECTION('',(4.736951571734E-14,-1.,-0.));
#1651 = FACE_BOUND('',#1652,.F.);
#1652 = EDGE_LOOP('',(#1653));
#1653 = ORIENTED_EDGE('',*,*,#1654,.F.);
#1654 = EDGE_CURVE('',#1655,#1655,#1657,.T.);
#1655 = VERTEX_POINT('',#1656);
#1656 = CARTESIAN_POINT('',(169.756559,-120.080887,1.6));
#1657 = CIRCLE('',#1658,0.6);
#1658 = AXIS2_PLACEMENT_3D('',#1659,#1660,#1661);
#1659 = CARTESIAN_POINT('',(169.756559,-119.480887,1.6));
#1660 = DIRECTION('',(-0.,0.,-1.));
#1661 = DIRECTION('',(4.736951571734E-14,-1.,-0.));
#1662 = FACE_BOUND('',#1663,.F.);
#1663 = EDGE_LOOP('',(#1664));
#1664 = ORIENTED_EDGE('',*,*,#1665,.F.);
#1665 = EDGE_CURVE('',#1666,#1666,#1668,.T.);
#1666 = VERTEX_POINT('',#1667);
#1667 = CARTESIAN_POINT('',(198.487651,-104.377479,1.6));
#1668 = CIRCLE('',#1669,0.95);
#1669 = AXIS2_PLACEMENT_3D('',#1670,#1671,#1672);
#1670 = CARTESIAN_POINT('',(198.487651,-103.427479,1.6));
#1671 = DIRECTION('',(-0.,0.,-1.));
#1672 = DIRECTION('',(-0.,-1.,0.));
#1673 = FACE_BOUND('',#1674,.F.);
#1674 = EDGE_LOOP('',(#1675));
#1675 = ORIENTED_EDGE('',*,*,#1676,.F.);
#1676 = EDGE_CURVE('',#1677,#1677,#1679,.T.);
#1677 = VERTEX_POINT('',#1678);
#1678 = CARTESIAN_POINT('',(192.987651,-105.152479,1.6));
#1679 = CIRCLE('',#1680,1.725);
#1680 = AXIS2_PLACEMENT_3D('',#1681,#1682,#1683);
#1681 = CARTESIAN_POINT('',(192.987651,-103.427479,1.6));
#1682 = DIRECTION('',(-0.,0.,-1.));
#1683 = DIRECTION('',(-0.,-1.,0.));
#1684 = FACE_BOUND('',#1685,.F.);
#1685 = EDGE_LOOP('',(#1686));
#1686 = ORIENTED_EDGE('',*,*,#1687,.F.);
#1687 = EDGE_CURVE('',#1688,#1688,#1690,.T.);
#1688 = VERTEX_POINT('',#1689);
#1689 = CARTESIAN_POINT('',(192.987651,-98.127479,1.6));
#1690 = CIRCLE('',#1691,0.6);
#1691 = AXIS2_PLACEMENT_3D('',#1692,#1693,#1694);
#1692 = CARTESIAN_POINT('',(192.987651,-97.527479,1.6));
#1693 = DIRECTION('',(-0.,0.,-1.));
#1694 = DIRECTION('',(-0.,-1.,0.));
#1695 = FACE_BOUND('',#1696,.F.);
#1696 = EDGE_LOOP('',(#1697));
#1697 = ORIENTED_EDGE('',*,*,#1698,.F.);
#1698 = EDGE_CURVE('',#1699,#1699,#1701,.T.);
#1699 = VERTEX_POINT('',#1700);
#1700 = CARTESIAN_POINT('',(187.487651,-104.377479,1.6));
#1701 = CIRCLE('',#1702,0.95);
#1702 = AXIS2_PLACEMENT_3D('',#1703,#1704,#1705);
#1703 = CARTESIAN_POINT('',(187.487651,-103.427479,1.6));
#1704 = DIRECTION('',(-0.,0.,-1.));
#1705 = DIRECTION('',(-0.,-1.,0.));
#1706 = FACE_BOUND('',#1707,.F.);
#1707 = EDGE_LOOP('',(#1708));
#1708 = ORIENTED_EDGE('',*,*,#1709,.F.);
#1709 = EDGE_CURVE('',#1710,#1710,#1712,.T.);
#1710 = VERTEX_POINT('',#1711);
#1711 = CARTESIAN_POINT('',(187.987651,-100.227479,1.6));
#1712 = CIRCLE('',#1713,0.6);
#1713 = AXIS2_PLACEMENT_3D('',#1714,#1715,#1716);
#1714 = CARTESIAN_POINT('',(187.987651,-99.627479,1.6));
#1715 = DIRECTION('',(-0.,0.,-1.));
#1716 = DIRECTION('',(-0.,-1.,0.));
#1717 = FACE_BOUND('',#1718,.F.);
#1718 = EDGE_LOOP('',(#1719));
#1719 = ORIENTED_EDGE('',*,*,#1720,.F.);
#1720 = EDGE_CURVE('',#1721,#1721,#1723,.T.);
#1721 = VERTEX_POINT('',#1722);
#1722 = CARTESIAN_POINT('',(179.467022,-101.840696,1.6));
#1723 = CIRCLE('',#1724,0.95);
#1724 = AXIS2_PLACEMENT_3D('',#1725,#1726,#1727);
#1725 = CARTESIAN_POINT('',(179.467022,-100.890696,1.6));
#1726 = DIRECTION('',(-0.,0.,-1.));
#1727 = DIRECTION('',(-0.,-1.,0.));
#1728 = FACE_BOUND('',#1729,.F.);
#1729 = EDGE_LOOP('',(#1730));
#1730 = ORIENTED_EDGE('',*,*,#1731,.F.);
#1731 = EDGE_CURVE('',#1732,#1732,#1734,.T.);
#1732 = VERTEX_POINT('',#1733);
#1733 = CARTESIAN_POINT('',(173.967022,-102.615696,1.6));
#1734 = CIRCLE('',#1735,1.725);
#1735 = AXIS2_PLACEMENT_3D('',#1736,#1737,#1738);
#1736 = CARTESIAN_POINT('',(173.967022,-100.890696,1.6));
#1737 = DIRECTION('',(-0.,0.,-1.));
#1738 = DIRECTION('',(-0.,-1.,0.));
#1739 = FACE_BOUND('',#1740,.F.);
#1740 = EDGE_LOOP('',(#1741));
#1741 = ORIENTED_EDGE('',*,*,#1742,.F.);
#1742 = EDGE_CURVE('',#1743,#1743,#1745,.T.);
#1743 = VERTEX_POINT('',#1744);
#1744 = CARTESIAN_POINT('',(173.967022,-95.590696,1.6));
#1745 = CIRCLE('',#1746,0.6);
#1746 = AXIS2_PLACEMENT_3D('',#1747,#1748,#1749);
#1747 = CARTESIAN_POINT('',(173.967022,-94.990696,1.6));
#1748 = DIRECTION('',(-0.,0.,-1.));
#1749 = DIRECTION('',(-0.,-1.,0.));
#1750 = FACE_BOUND('',#1751,.F.);
#1751 = EDGE_LOOP('',(#1752));
#1752 = ORIENTED_EDGE('',*,*,#1753,.F.);
#1753 = EDGE_CURVE('',#1754,#1754,#1756,.T.);
#1754 = VERTEX_POINT('',#1755);
#1755 = CARTESIAN_POINT('',(168.467022,-101.840696,1.6));
#1756 = CIRCLE('',#1757,0.95);
#1757 = AXIS2_PLACEMENT_3D('',#1758,#1759,#1760);
#1758 = CARTESIAN_POINT('',(168.467022,-100.890696,1.6));
#1759 = DIRECTION('',(-0.,0.,-1.));
#1760 = DIRECTION('',(-0.,-1.,0.));
#1761 = FACE_BOUND('',#1762,.F.);
#1762 = EDGE_LOOP('',(#1763));
#1763 = ORIENTED_EDGE('',*,*,#1764,.F.);
#1764 = EDGE_CURVE('',#1765,#1765,#1767,.T.);
#1765 = VERTEX_POINT('',#1766);
#1766 = CARTESIAN_POINT('',(168.967022,-97.690696,1.6));
#1767 = CIRCLE('',#1768,0.6);
#1768 = AXIS2_PLACEMENT_3D('',#1769,#1770,#1771);
#1769 = CARTESIAN_POINT('',(168.967022,-97.090696,1.6));
#1770 = DIRECTION('',(-0.,0.,-1.));
#1771 = DIRECTION('',(-0.,-1.,0.));
#1772 = FACE_BOUND('',#1773,.F.);
#1773 = EDGE_LOOP('',(#1774));
#1774 = ORIENTED_EDGE('',*,*,#1775,.F.);
#1775 = EDGE_CURVE('',#1776,#1776,#1778,.T.);
#1776 = VERTEX_POINT('',#1777);
#1777 = CARTESIAN_POINT('',(160.32399,-96.805586,1.6));
#1778 = CIRCLE('',#1779,0.95);
#1779 = AXIS2_PLACEMENT_3D('',#1780,#1781,#1782);
#1780 = CARTESIAN_POINT('',(160.32399,-95.855586,1.6));
#1781 = DIRECTION('',(-0.,0.,-1.));
#1782 = DIRECTION('',(2.991758887411E-14,-1.,-0.));
#1783 = FACE_BOUND('',#1784,.F.);
#1784 = EDGE_LOOP('',(#1785));
#1785 = ORIENTED_EDGE('',*,*,#1786,.F.);
#1786 = EDGE_CURVE('',#1787,#1787,#1789,.T.);
#1787 = VERTEX_POINT('',#1788);
#1788 = CARTESIAN_POINT('',(122.5,-114.45,1.6));
#1789 = CIRCLE('',#1790,0.95);
#1790 = AXIS2_PLACEMENT_3D('',#1791,#1792,#1793);
#1791 = CARTESIAN_POINT('',(122.5,-113.5,1.6));
#1792 = DIRECTION('',(-0.,0.,-1.));
#1793 = DIRECTION('',(-0.,-1.,0.));
#1794 = FACE_BOUND('',#1795,.F.);
#1795 = EDGE_LOOP('',(#1796));
#1796 = ORIENTED_EDGE('',*,*,#1797,.F.);
#1797 = EDGE_CURVE('',#1798,#1798,#1800,.T.);
#1798 = VERTEX_POINT('',#1799);
#1799 = CARTESIAN_POINT('',(117.,-115.225,1.6));
#1800 = CIRCLE('',#1801,1.725);
#1801 = AXIS2_PLACEMENT_3D('',#1802,#1803,#1804);
#1802 = CARTESIAN_POINT('',(117.,-113.5,1.6));
#1803 = DIRECTION('',(-0.,0.,-1.));
#1804 = DIRECTION('',(-0.,-1.,0.));
#1805 = FACE_BOUND('',#1806,.F.);
#1806 = EDGE_LOOP('',(#1807));
#1807 = ORIENTED_EDGE('',*,*,#1808,.F.);
#1808 = EDGE_CURVE('',#1809,#1809,#1811,.T.);
#1809 = VERTEX_POINT('',#1810);
#1810 = CARTESIAN_POINT('',(111.5,-114.45,1.6));
#1811 = CIRCLE('',#1812,0.95);
#1812 = AXIS2_PLACEMENT_3D('',#1813,#1814,#1815);
#1813 = CARTESIAN_POINT('',(111.5,-113.5,1.6));
#1814 = DIRECTION('',(-0.,0.,-1.));
#1815 = DIRECTION('',(-0.,-1.,0.));
#1816 = FACE_BOUND('',#1817,.F.);
#1817 = EDGE_LOOP('',(#1818));
#1818 = ORIENTED_EDGE('',*,*,#1819,.F.);
#1819 = EDGE_CURVE('',#1820,#1820,#1822,.T.);
#1820 = VERTEX_POINT('',#1821);
#1821 = CARTESIAN_POINT('',(103.5,-118.95,1.6));
#1822 = CIRCLE('',#1823,0.95);
#1823 = AXIS2_PLACEMENT_3D('',#1824,#1825,#1826);
#1824 = CARTESIAN_POINT('',(103.5,-118.,1.6));
#1825 = DIRECTION('',(-0.,0.,-1.));
#1826 = DIRECTION('',(-0.,-1.,0.));
#1827 = FACE_BOUND('',#1828,.F.);
#1828 = EDGE_LOOP('',(#1829));
#1829 = ORIENTED_EDGE('',*,*,#1830,.F.);
#1830 = EDGE_CURVE('',#1831,#1831,#1833,.T.);
#1831 = VERTEX_POINT('',#1832);
#1832 = CARTESIAN_POINT('',(98.,-119.725,1.6));
#1833 = CIRCLE('',#1834,1.725);
#1834 = AXIS2_PLACEMENT_3D('',#1835,#1836,#1837);
#1835 = CARTESIAN_POINT('',(98.,-118.,1.6));
#1836 = DIRECTION('',(-0.,0.,-1.));
#1837 = DIRECTION('',(-0.,-1.,0.));
#1838 = FACE_BOUND('',#1839,.F.);
#1839 = EDGE_LOOP('',(#1840));
#1840 = ORIENTED_EDGE('',*,*,#1841,.F.);
#1841 = EDGE_CURVE('',#1842,#1842,#1844,.T.);
#1842 = VERTEX_POINT('',#1843);
#1843 = CARTESIAN_POINT('',(92.5,-118.95,1.6));
#1844 = CIRCLE('',#1845,0.95);
#1845 = AXIS2_PLACEMENT_3D('',#1846,#1847,#1848);
#1846 = CARTESIAN_POINT('',(92.5,-118.,1.6));
#1847 = DIRECTION('',(-0.,0.,-1.));
#1848 = DIRECTION('',(-0.,-1.,0.));
#1849 = FACE_BOUND('',#1850,.F.);
#1850 = EDGE_LOOP('',(#1851));
#1851 = ORIENTED_EDGE('',*,*,#1852,.F.);
#1852 = EDGE_CURVE('',#1853,#1853,#1855,.T.);
#1853 = VERTEX_POINT('',#1854);
#1854 = CARTESIAN_POINT('',(93.,-114.8,1.6));
#1855 = CIRCLE('',#1856,0.6);
#1856 = AXIS2_PLACEMENT_3D('',#1857,#1858,#1859);
#1857 = CARTESIAN_POINT('',(93.,-114.2,1.6));
#1858 = DIRECTION('',(-0.,0.,-1.));
#1859 = DIRECTION('',(-0.,-1.,0.));
#1860 = FACE_BOUND('',#1861,.F.);
#1861 = EDGE_LOOP('',(#1862));
#1862 = ORIENTED_EDGE('',*,*,#1863,.F.);
#1863 = EDGE_CURVE('',#1864,#1864,#1866,.T.);
#1864 = VERTEX_POINT('',#1865);
#1865 = CARTESIAN_POINT('',(141.363371,-101.808894,1.6));
#1866 = CIRCLE('',#1867,0.95);
#1867 = AXIS2_PLACEMENT_3D('',#1868,#1869,#1870);
#1868 = CARTESIAN_POINT('',(141.363371,-100.858894,1.6));
#1869 = DIRECTION('',(-0.,0.,-1.));
#1870 = DIRECTION('',(-0.,-1.,0.));
#1871 = FACE_BOUND('',#1872,.F.);
#1872 = EDGE_LOOP('',(#1873));
#1873 = ORIENTED_EDGE('',*,*,#1874,.F.);
#1874 = EDGE_CURVE('',#1875,#1875,#1877,.T.);
#1875 = VERTEX_POINT('',#1876);
#1876 = CARTESIAN_POINT('',(154.82399,-97.580586,1.6));
#1877 = CIRCLE('',#1878,1.725);
#1878 = AXIS2_PLACEMENT_3D('',#1879,#1880,#1881);
#1879 = CARTESIAN_POINT('',(154.82399,-95.855586,1.6));
#1880 = DIRECTION('',(-0.,0.,-1.));
#1881 = DIRECTION('',(1.647635329299E-14,-1.,-0.));
#1882 = FACE_BOUND('',#1883,.F.);
#1883 = EDGE_LOOP('',(#1884));
#1884 = ORIENTED_EDGE('',*,*,#1885,.F.);
#1885 = EDGE_CURVE('',#1886,#1886,#1888,.T.);
#1886 = VERTEX_POINT('',#1887);
#1887 = CARTESIAN_POINT('',(149.32399,-96.805586,1.6));
#1888 = CIRCLE('',#1889,0.95);
#1889 = AXIS2_PLACEMENT_3D('',#1890,#1891,#1892);
#1890 = CARTESIAN_POINT('',(149.32399,-95.855586,1.6));
#1891 = DIRECTION('',(-0.,0.,-1.));
#1892 = DIRECTION('',(2.991758887411E-14,-1.,-0.));
#1893 = FACE_BOUND('',#1894,.F.);
#1894 = EDGE_LOOP('',(#1895));
#1895 = ORIENTED_EDGE('',*,*,#1896,.F.);
#1896 = EDGE_CURVE('',#1897,#1897,#1899,.T.);
#1897 = VERTEX_POINT('',#1898);
#1898 = CARTESIAN_POINT('',(149.82399,-92.655586,1.6));
#1899 = CIRCLE('',#1900,0.6);
#1900 = AXIS2_PLACEMENT_3D('',#1901,#1902,#1903);
#1901 = CARTESIAN_POINT('',(149.82399,-92.055586,1.6));
#1902 = DIRECTION('',(-0.,0.,-1.));
#1903 = DIRECTION('',(4.736951571734E-14,-1.,-0.));
#1904 = FACE_BOUND('',#1905,.F.);
#1905 = EDGE_LOOP('',(#1906));
#1906 = ORIENTED_EDGE('',*,*,#1907,.F.);
#1907 = EDGE_CURVE('',#1908,#1908,#1910,.T.);
#1908 = VERTEX_POINT('',#1909);
#1909 = CARTESIAN_POINT('',(135.863371,-102.583894,1.6));
#1910 = CIRCLE('',#1911,1.725);
#1911 = AXIS2_PLACEMENT_3D('',#1912,#1913,#1914);
#1912 = CARTESIAN_POINT('',(135.863371,-100.858894,1.6));
#1913 = DIRECTION('',(-0.,0.,-1.));
#1914 = DIRECTION('',(-0.,-1.,0.));
#1915 = FACE_BOUND('',#1916,.F.);
#1916 = EDGE_LOOP('',(#1917));
#1917 = ORIENTED_EDGE('',*,*,#1918,.F.);
#1918 = EDGE_CURVE('',#1919,#1919,#1921,.T.);
#1919 = VERTEX_POINT('',#1920);
#1920 = CARTESIAN_POINT('',(130.363371,-101.808894,1.6));
#1921 = CIRCLE('',#1922,0.95);
#1922 = AXIS2_PLACEMENT_3D('',#1923,#1924,#1925);
#1923 = CARTESIAN_POINT('',(130.363371,-100.858894,1.6));
#1924 = DIRECTION('',(-0.,0.,-1.));
#1925 = DIRECTION('',(-0.,-1.,0.));
#1926 = FACE_BOUND('',#1927,.F.);
#1927 = EDGE_LOOP('',(#1928));
#1928 = ORIENTED_EDGE('',*,*,#1929,.F.);
#1929 = EDGE_CURVE('',#1930,#1930,#1932,.T.);
#1930 = VERTEX_POINT('',#1931);
#1931 = CARTESIAN_POINT('',(135.863371,-95.558894,1.6));
#1932 = CIRCLE('',#1933,0.6);
#1933 = AXIS2_PLACEMENT_3D('',#1934,#1935,#1936);
#1934 = CARTESIAN_POINT('',(135.863371,-94.958894,1.6));
#1935 = DIRECTION('',(-0.,0.,-1.));
#1936 = DIRECTION('',(-0.,-1.,0.));
#1937 = FACE_BOUND('',#1938,.F.);
#1938 = EDGE_LOOP('',(#1939));
#1939 = ORIENTED_EDGE('',*,*,#1940,.F.);
#1940 = EDGE_CURVE('',#1941,#1941,#1943,.T.);
#1941 = VERTEX_POINT('',#1942);
#1942 = CARTESIAN_POINT('',(130.863371,-97.658894,1.6));
#1943 = CIRCLE('',#1944,0.6);
#1944 = AXIS2_PLACEMENT_3D('',#1945,#1946,#1947);
#1945 = CARTESIAN_POINT('',(130.863371,-97.058894,1.6));
#1946 = DIRECTION('',(-0.,0.,-1.));
#1947 = DIRECTION('',(-0.,-1.,0.));
#1948 = FACE_BOUND('',#1949,.F.);
#1949 = EDGE_LOOP('',(#1950));
#1950 = ORIENTED_EDGE('',*,*,#1951,.F.);
#1951 = EDGE_CURVE('',#1952,#1952,#1954,.T.);
#1952 = VERTEX_POINT('',#1953);
#1953 = CARTESIAN_POINT('',(117.,-108.2,1.6));
#1954 = CIRCLE('',#1955,0.6);
#1955 = AXIS2_PLACEMENT_3D('',#1956,#1957,#1958);
#1956 = CARTESIAN_POINT('',(117.,-107.6,1.6));
#1957 = DIRECTION('',(-0.,0.,-1.));
#1958 = DIRECTION('',(-0.,-1.,0.));
#1959 = FACE_BOUND('',#1960,.F.);
#1960 = EDGE_LOOP('',(#1961));
#1961 = ORIENTED_EDGE('',*,*,#1962,.F.);
#1962 = EDGE_CURVE('',#1963,#1963,#1965,.T.);
#1963 = VERTEX_POINT('',#1964);
#1964 = CARTESIAN_POINT('',(112.,-110.3,1.6));
#1965 = CIRCLE('',#1966,0.6);
#1966 = AXIS2_PLACEMENT_3D('',#1967,#1968,#1969);
#1967 = CARTESIAN_POINT('',(112.,-109.7,1.6));
#1968 = DIRECTION('',(-0.,0.,-1.));
#1969 = DIRECTION('',(-0.,-1.,0.));
#1970 = FACE_BOUND('',#1971,.F.);
#1971 = EDGE_LOOP('',(#1972));
#1972 = ORIENTED_EDGE('',*,*,#1973,.F.);
#1973 = EDGE_CURVE('',#1974,#1974,#1976,.T.);
#1974 = VERTEX_POINT('',#1975);
#1975 = CARTESIAN_POINT('',(98.,-112.7,1.6));
#1976 = CIRCLE('',#1977,0.6);
#1977 = AXIS2_PLACEMENT_3D('',#1978,#1979,#1980);
#1978 = CARTESIAN_POINT('',(98.,-112.1,1.6));
#1979 = DIRECTION('',(-0.,0.,-1.));
#1980 = DIRECTION('',(-0.,-1.,0.));
#1981 = FACE_BOUND('',#1982,.F.);
#1982 = EDGE_LOOP('',(#1983));
#1983 = ORIENTED_EDGE('',*,*,#1984,.F.);
#1984 = EDGE_CURVE('',#1985,#1985,#1987,.T.);
#1985 = VERTEX_POINT('',#1986);
#1986 = CARTESIAN_POINT('',(122.5,-95.45,1.6));
#1987 = CIRCLE('',#1988,0.95);
#1988 = AXIS2_PLACEMENT_3D('',#1989,#1990,#1991);
#1989 = CARTESIAN_POINT('',(122.5,-94.5,1.6));
#1990 = DIRECTION('',(-0.,0.,-1.));
#1991 = DIRECTION('',(-0.,-1.,0.));
#1992 = FACE_BOUND('',#1993,.F.);
#1993 = EDGE_LOOP('',(#1994));
#1994 = ORIENTED_EDGE('',*,*,#1995,.F.);
#1995 = EDGE_CURVE('',#1996,#1996,#1998,.T.);
#1996 = VERTEX_POINT('',#1997);
#1997 = CARTESIAN_POINT('',(117.,-96.225,1.6));
#1998 = CIRCLE('',#1999,1.725);
#1999 = AXIS2_PLACEMENT_3D('',#2000,#2001,#2002);
#2000 = CARTESIAN_POINT('',(117.,-94.5,1.6));
#2001 = DIRECTION('',(-0.,0.,-1.));
#2002 = DIRECTION('',(-0.,-1.,0.));
#2003 = FACE_BOUND('',#2004,.F.);
#2004 = EDGE_LOOP('',(#2005));
#2005 = ORIENTED_EDGE('',*,*,#2006,.F.);
#2006 = EDGE_CURVE('',#2007,#2007,#2009,.T.);
#2007 = VERTEX_POINT('',#2008);
#2008 = CARTESIAN_POINT('',(111.5,-95.45,1.6));
#2009 = CIRCLE('',#2010,0.95);
#2010 = AXIS2_PLACEMENT_3D('',#2011,#2012,#2013);
#2011 = CARTESIAN_POINT('',(111.5,-94.5,1.6));
#2012 = DIRECTION('',(-0.,0.,-1.));
#2013 = DIRECTION('',(-0.,-1.,0.));
#2014 = FACE_BOUND('',#2015,.F.);
#2015 = EDGE_LOOP('',(#2016));
#2016 = ORIENTED_EDGE('',*,*,#2017,.F.);
#2017 = EDGE_CURVE('',#2018,#2018,#2020,.T.);
#2018 = VERTEX_POINT('',#2019);
#2019 = CARTESIAN_POINT('',(103.500001,-100.08332,1.6));
#2020 = CIRCLE('',#2021,0.95);
#2021 = AXIS2_PLACEMENT_3D('',#2022,#2023,#2024);
#2022 = CARTESIAN_POINT('',(103.500001,-99.13332,1.6));
#2023 = DIRECTION('',(-0.,0.,-1.));
#2024 = DIRECTION('',(-0.,-1.,0.));
#2025 = FACE_BOUND('',#2026,.F.);
#2026 = EDGE_LOOP('',(#2027));
#2027 = ORIENTED_EDGE('',*,*,#2028,.F.);
#2028 = EDGE_CURVE('',#2029,#2029,#2031,.T.);
#2029 = VERTEX_POINT('',#2030);
#2030 = CARTESIAN_POINT('',(98.000001,-100.85832,1.6));
#2031 = CIRCLE('',#2032,1.725);
#2032 = AXIS2_PLACEMENT_3D('',#2033,#2034,#2035);
#2033 = CARTESIAN_POINT('',(98.000001,-99.13332,1.6));
#2034 = DIRECTION('',(-0.,0.,-1.));
#2035 = DIRECTION('',(-0.,-1.,0.));
#2036 = FACE_BOUND('',#2037,.F.);
#2037 = EDGE_LOOP('',(#2038));
#2038 = ORIENTED_EDGE('',*,*,#2039,.F.);
#2039 = EDGE_CURVE('',#2040,#2040,#2042,.T.);
#2040 = VERTEX_POINT('',#2041);
#2041 = CARTESIAN_POINT('',(92.500001,-100.08332,1.6));
#2042 = CIRCLE('',#2043,0.95);
#2043 = AXIS2_PLACEMENT_3D('',#2044,#2045,#2046);
#2044 = CARTESIAN_POINT('',(92.500001,-99.13332,1.6));
#2045 = DIRECTION('',(-0.,0.,-1.));
#2046 = DIRECTION('',(-0.,-1.,0.));
#2047 = FACE_BOUND('',#2048,.F.);
#2048 = EDGE_LOOP('',(#2049));
#2049 = ORIENTED_EDGE('',*,*,#2050,.F.);
#2050 = EDGE_CURVE('',#2051,#2051,#2053,.T.);
#2051 = VERTEX_POINT('',#2052);
#2052 = CARTESIAN_POINT('',(93.000001,-95.93332,1.6));
#2053 = CIRCLE('',#2054,0.6);
#2054 = AXIS2_PLACEMENT_3D('',#2055,#2056,#2057);
#2055 = CARTESIAN_POINT('',(93.000001,-95.33332,1.6));
#2056 = DIRECTION('',(-0.,0.,-1.));
#2057 = DIRECTION('',(-0.,-1.,0.));
#2058 = FACE_BOUND('',#2059,.F.);
#2059 = EDGE_LOOP('',(#2060));
#2060 = ORIENTED_EDGE('',*,*,#2061,.F.);
#2061 = EDGE_CURVE('',#2062,#2062,#2064,.T.);
#2062 = VERTEX_POINT('',#2063);
#2063 = CARTESIAN_POINT('',(98.000001,-93.83332,1.6));
#2064 = CIRCLE('',#2065,0.6);
#2065 = AXIS2_PLACEMENT_3D('',#2066,#2067,#2068);
#2066 = CARTESIAN_POINT('',(98.000001,-93.23332,1.6));
#2067 = DIRECTION('',(-0.,0.,-1.));
#2068 = DIRECTION('',(-0.,-1.,0.));
#2069 = FACE_BOUND('',#2070,.F.);
#2070 = EDGE_LOOP('',(#2071));
#2071 = ORIENTED_EDGE('',*,*,#2072,.F.);
#2072 = EDGE_CURVE('',#2073,#2073,#2075,.T.);
#2073 = VERTEX_POINT('',#2074);
#2074 = CARTESIAN_POINT('',(198.400467,-85.352297,1.6));
#2075 = CIRCLE('',#2076,0.95);
#2076 = AXIS2_PLACEMENT_3D('',#2077,#2078,#2079);
#2077 = CARTESIAN_POINT('',(198.400467,-84.402297,1.6));
#2078 = DIRECTION('',(-0.,0.,-1.));
#2079 = DIRECTION('',(-0.,-1.,0.));
#2080 = FACE_BOUND('',#2081,.F.);
#2081 = EDGE_LOOP('',(#2082));
#2082 = ORIENTED_EDGE('',*,*,#2083,.F.);
#2083 = EDGE_CURVE('',#2084,#2084,#2086,.T.);
#2084 = VERTEX_POINT('',#2085);
#2085 = CARTESIAN_POINT('',(192.900467,-86.127297,1.6));
#2086 = CIRCLE('',#2087,1.725);
#2087 = AXIS2_PLACEMENT_3D('',#2088,#2089,#2090);
#2088 = CARTESIAN_POINT('',(192.900467,-84.402297,1.6));
#2089 = DIRECTION('',(-0.,0.,-1.));
#2090 = DIRECTION('',(-0.,-1.,0.));
#2091 = FACE_BOUND('',#2092,.F.);
#2092 = EDGE_LOOP('',(#2093));
#2093 = ORIENTED_EDGE('',*,*,#2094,.F.);
#2094 = EDGE_CURVE('',#2095,#2095,#2097,.T.);
#2095 = VERTEX_POINT('',#2096);
#2096 = CARTESIAN_POINT('',(192.900467,-79.102297,1.6));
#2097 = CIRCLE('',#2098,0.6);
#2098 = AXIS2_PLACEMENT_3D('',#2099,#2100,#2101);
#2099 = CARTESIAN_POINT('',(192.900467,-78.502297,1.6));
#2100 = DIRECTION('',(-0.,0.,-1.));
#2101 = DIRECTION('',(-0.,-1.,0.));
#2102 = FACE_BOUND('',#2103,.F.);
#2103 = EDGE_LOOP('',(#2104));
#2104 = ORIENTED_EDGE('',*,*,#2105,.F.);
#2105 = EDGE_CURVE('',#2106,#2106,#2108,.T.);
#2106 = VERTEX_POINT('',#2107);
#2107 = CARTESIAN_POINT('',(187.400467,-85.352297,1.6));
#2108 = CIRCLE('',#2109,0.95);
#2109 = AXIS2_PLACEMENT_3D('',#2110,#2111,#2112);
#2110 = CARTESIAN_POINT('',(187.400467,-84.402297,1.6));
#2111 = DIRECTION('',(-0.,0.,-1.));
#2112 = DIRECTION('',(-0.,-1.,0.));
#2113 = FACE_BOUND('',#2114,.F.);
#2114 = EDGE_LOOP('',(#2115));
#2115 = ORIENTED_EDGE('',*,*,#2116,.F.);
#2116 = EDGE_CURVE('',#2117,#2117,#2119,.T.);
#2117 = VERTEX_POINT('',#2118);
#2118 = CARTESIAN_POINT('',(179.5,-82.95,1.6));
#2119 = CIRCLE('',#2120,0.95);
#2120 = AXIS2_PLACEMENT_3D('',#2121,#2122,#2123);
#2121 = CARTESIAN_POINT('',(179.5,-82.,1.6));
#2122 = DIRECTION('',(-0.,0.,-1.));
#2123 = DIRECTION('',(-0.,-1.,0.));
#2124 = FACE_BOUND('',#2125,.F.);
#2125 = EDGE_LOOP('',(#2126));
#2126 = ORIENTED_EDGE('',*,*,#2127,.F.);
#2127 = EDGE_CURVE('',#2128,#2128,#2130,.T.);
#2128 = VERTEX_POINT('',#2129);
#2129 = CARTESIAN_POINT('',(174.,-83.725,1.6));
#2130 = CIRCLE('',#2131,1.725);
#2131 = AXIS2_PLACEMENT_3D('',#2132,#2133,#2134);
#2132 = CARTESIAN_POINT('',(174.,-82.,1.6));
#2133 = DIRECTION('',(-0.,0.,-1.));
#2134 = DIRECTION('',(-0.,-1.,0.));
#2135 = FACE_BOUND('',#2136,.F.);
#2136 = EDGE_LOOP('',(#2137));
#2137 = ORIENTED_EDGE('',*,*,#2138,.F.);
#2138 = EDGE_CURVE('',#2139,#2139,#2141,.T.);
#2139 = VERTEX_POINT('',#2140);
#2140 = CARTESIAN_POINT('',(168.5,-82.95,1.6));
#2141 = CIRCLE('',#2142,0.95);
#2142 = AXIS2_PLACEMENT_3D('',#2143,#2144,#2145);
#2143 = CARTESIAN_POINT('',(168.5,-82.,1.6));
#2144 = DIRECTION('',(-0.,0.,-1.));
#2145 = DIRECTION('',(-0.,-1.,0.));
#2146 = FACE_BOUND('',#2147,.F.);
#2147 = EDGE_LOOP('',(#2148));
#2148 = ORIENTED_EDGE('',*,*,#2149,.F.);
#2149 = EDGE_CURVE('',#2150,#2150,#2152,.T.);
#2150 = VERTEX_POINT('',#2151);
#2151 = CARTESIAN_POINT('',(187.900467,-81.202297,1.6));
#2152 = CIRCLE('',#2153,0.6);
#2153 = AXIS2_PLACEMENT_3D('',#2154,#2155,#2156);
#2154 = CARTESIAN_POINT('',(187.900467,-80.602297,1.6));
#2155 = DIRECTION('',(-0.,0.,-1.));
#2156 = DIRECTION('',(-0.,-1.,0.));
#2157 = FACE_BOUND('',#2158,.F.);
#2158 = EDGE_LOOP('',(#2159));
#2159 = ORIENTED_EDGE('',*,*,#2160,.F.);
#2160 = EDGE_CURVE('',#2161,#2161,#2163,.T.);
#2161 = VERTEX_POINT('',#2162);
#2162 = CARTESIAN_POINT('',(174.,-76.7,1.6));
#2163 = CIRCLE('',#2164,0.6);
#2164 = AXIS2_PLACEMENT_3D('',#2165,#2166,#2167);
#2165 = CARTESIAN_POINT('',(174.,-76.1,1.6));
#2166 = DIRECTION('',(-0.,0.,-1.));
#2167 = DIRECTION('',(-0.,-1.,0.));
#2168 = FACE_BOUND('',#2169,.F.);
#2169 = EDGE_LOOP('',(#2170));
#2170 = ORIENTED_EDGE('',*,*,#2171,.F.);
#2171 = EDGE_CURVE('',#2172,#2172,#2174,.T.);
#2172 = VERTEX_POINT('',#2173);
#2173 = CARTESIAN_POINT('',(169.,-78.8,1.6));
#2174 = CIRCLE('',#2175,0.6);
#2175 = AXIS2_PLACEMENT_3D('',#2176,#2177,#2178);
#2176 = CARTESIAN_POINT('',(169.,-78.2,1.6));
#2177 = DIRECTION('',(-0.,0.,-1.));
#2178 = DIRECTION('',(-0.,-1.,0.));
#2179 = FACE_BOUND('',#2180,.F.);
#2180 = EDGE_LOOP('',(#2181));
#2181 = ORIENTED_EDGE('',*,*,#2182,.F.);
#2182 = EDGE_CURVE('',#2183,#2183,#2185,.T.);
#2183 = VERTEX_POINT('',#2184);
#2184 = CARTESIAN_POINT('',(160.541066,-77.869294,1.6));
#2185 = CIRCLE('',#2186,0.95);
#2186 = AXIS2_PLACEMENT_3D('',#2187,#2188,#2189);
#2187 = CARTESIAN_POINT('',(160.541066,-76.919294,1.6));
#2188 = DIRECTION('',(-0.,0.,-1.));
#2189 = DIRECTION('',(-0.,-1.,0.));
#2190 = FACE_BOUND('',#2191,.F.);
#2191 = EDGE_LOOP('',(#2192));
#2192 = ORIENTED_EDGE('',*,*,#2193,.F.);
#2193 = EDGE_CURVE('',#2194,#2194,#2196,.T.);
#2194 = VERTEX_POINT('',#2195);
#2195 = CARTESIAN_POINT('',(198.478526,-66.433716,1.6));
#2196 = CIRCLE('',#2197,0.95);
#2197 = AXIS2_PLACEMENT_3D('',#2198,#2199,#2200);
#2198 = CARTESIAN_POINT('',(198.478526,-65.483716,1.6));
#2199 = DIRECTION('',(-0.,0.,-1.));
#2200 = DIRECTION('',(-0.,-1.,0.));
#2201 = FACE_BOUND('',#2202,.F.);
#2202 = EDGE_LOOP('',(#2203));
#2203 = ORIENTED_EDGE('',*,*,#2204,.F.);
#2204 = EDGE_CURVE('',#2205,#2205,#2207,.T.);
#2205 = VERTEX_POINT('',#2206);
#2206 = CARTESIAN_POINT('',(192.978526,-67.208716,1.6));
#2207 = CIRCLE('',#2208,1.725);
#2208 = AXIS2_PLACEMENT_3D('',#2209,#2210,#2211);
#2209 = CARTESIAN_POINT('',(192.978526,-65.483716,1.6));
#2210 = DIRECTION('',(-0.,0.,-1.));
#2211 = DIRECTION('',(-0.,-1.,0.));
#2212 = FACE_BOUND('',#2213,.F.);
#2213 = EDGE_LOOP('',(#2214));
#2214 = ORIENTED_EDGE('',*,*,#2215,.F.);
#2215 = EDGE_CURVE('',#2216,#2216,#2218,.T.);
#2216 = VERTEX_POINT('',#2217);
#2217 = CARTESIAN_POINT('',(192.978526,-60.183716,1.6));
#2218 = CIRCLE('',#2219,0.6);
#2219 = AXIS2_PLACEMENT_3D('',#2220,#2221,#2222);
#2220 = CARTESIAN_POINT('',(192.978526,-59.583716,1.6));
#2221 = DIRECTION('',(-0.,0.,-1.));
#2222 = DIRECTION('',(-0.,-1.,0.));
#2223 = FACE_BOUND('',#2224,.F.);
#2224 = EDGE_LOOP('',(#2225));
#2225 = ORIENTED_EDGE('',*,*,#2226,.F.);
#2226 = EDGE_CURVE('',#2227,#2227,#2229,.T.);
#2227 = VERTEX_POINT('',#2228);
#2228 = CARTESIAN_POINT('',(187.478526,-66.433716,1.6));
#2229 = CIRCLE('',#2230,0.95);
#2230 = AXIS2_PLACEMENT_3D('',#2231,#2232,#2233);
#2231 = CARTESIAN_POINT('',(187.478526,-65.483716,1.6));
#2232 = DIRECTION('',(-0.,0.,-1.));
#2233 = DIRECTION('',(-0.,-1.,0.));
#2234 = FACE_BOUND('',#2235,.F.);
#2235 = EDGE_LOOP('',(#2236));
#2236 = ORIENTED_EDGE('',*,*,#2237,.F.);
#2237 = EDGE_CURVE('',#2238,#2238,#2240,.T.);
#2238 = VERTEX_POINT('',#2239);
#2239 = CARTESIAN_POINT('',(187.978526,-62.283716,1.6));
#2240 = CIRCLE('',#2241,0.6);
#2241 = AXIS2_PLACEMENT_3D('',#2242,#2243,#2244);
#2242 = CARTESIAN_POINT('',(187.978526,-61.683716,1.6));
#2243 = DIRECTION('',(-0.,0.,-1.));
#2244 = DIRECTION('',(-0.,-1.,0.));
#2245 = FACE_BOUND('',#2246,.F.);
#2246 = EDGE_LOOP('',(#2247));
#2247 = ORIENTED_EDGE('',*,*,#2248,.F.);
#2248 = EDGE_CURVE('',#2249,#2249,#2251,.T.);
#2249 = VERTEX_POINT('',#2250);
#2250 = CARTESIAN_POINT('',(179.484429,-63.872602,1.6));
#2251 = CIRCLE('',#2252,0.95);
#2252 = AXIS2_PLACEMENT_3D('',#2253,#2254,#2255);
#2253 = CARTESIAN_POINT('',(179.484429,-62.922602,1.6));
#2254 = DIRECTION('',(-0.,0.,-1.));
#2255 = DIRECTION('',(2.991758887411E-14,-1.,-0.));
#2256 = FACE_BOUND('',#2257,.F.);
#2257 = EDGE_LOOP('',(#2258));
#2258 = ORIENTED_EDGE('',*,*,#2259,.F.);
#2259 = EDGE_CURVE('',#2260,#2260,#2262,.T.);
#2260 = VERTEX_POINT('',#2261);
#2261 = CARTESIAN_POINT('',(173.984429,-64.647602,1.6));
#2262 = CIRCLE('',#2263,1.725);
#2263 = AXIS2_PLACEMENT_3D('',#2264,#2265,#2266);
#2264 = CARTESIAN_POINT('',(173.984429,-62.922602,1.6));
#2265 = DIRECTION('',(-0.,0.,-1.));
#2266 = DIRECTION('',(-0.,-1.,0.));
#2267 = FACE_BOUND('',#2268,.F.);
#2268 = EDGE_LOOP('',(#2269));
#2269 = ORIENTED_EDGE('',*,*,#2270,.F.);
#2270 = EDGE_CURVE('',#2271,#2271,#2273,.T.);
#2271 = VERTEX_POINT('',#2272);
#2272 = CARTESIAN_POINT('',(168.484429,-63.872602,1.6));
#2273 = CIRCLE('',#2274,0.95);
#2274 = AXIS2_PLACEMENT_3D('',#2275,#2276,#2277);
#2275 = CARTESIAN_POINT('',(168.484429,-62.922602,1.6));
#2276 = DIRECTION('',(-0.,0.,-1.));
#2277 = DIRECTION('',(2.991758887411E-14,-1.,-0.));
#2278 = FACE_BOUND('',#2279,.F.);
#2279 = EDGE_LOOP('',(#2280));
#2280 = ORIENTED_EDGE('',*,*,#2281,.F.);
#2281 = EDGE_CURVE('',#2282,#2282,#2284,.T.);
#2282 = VERTEX_POINT('',#2283);
#2283 = CARTESIAN_POINT('',(173.984429,-57.622602,1.6));
#2284 = CIRCLE('',#2285,0.6);
#2285 = AXIS2_PLACEMENT_3D('',#2286,#2287,#2288);
#2286 = CARTESIAN_POINT('',(173.984429,-57.022602,1.6));
#2287 = DIRECTION('',(-0.,0.,-1.));
#2288 = DIRECTION('',(-0.,-1.,0.));
#2289 = FACE_BOUND('',#2290,.F.);
#2290 = EDGE_LOOP('',(#2291));
#2291 = ORIENTED_EDGE('',*,*,#2292,.F.);
#2292 = EDGE_CURVE('',#2293,#2293,#2295,.T.);
#2293 = VERTEX_POINT('',#2294);
#2294 = CARTESIAN_POINT('',(168.984429,-59.722602,1.6));
#2295 = CIRCLE('',#2296,0.6);
#2296 = AXIS2_PLACEMENT_3D('',#2297,#2298,#2299);
#2297 = CARTESIAN_POINT('',(168.984429,-59.122602,1.6));
#2298 = DIRECTION('',(-0.,0.,-1.));
#2299 = DIRECTION('',(-0.,-1.,0.));
#2300 = FACE_BOUND('',#2301,.F.);
#2301 = EDGE_LOOP('',(#2302));
#2302 = ORIENTED_EDGE('',*,*,#2303,.F.);
#2303 = EDGE_CURVE('',#2304,#2304,#2306,.T.);
#2304 = VERTEX_POINT('',#2305);
#2305 = CARTESIAN_POINT('',(160.495264,-58.752257,1.6));
#2306 = CIRCLE('',#2307,0.95);
#2307 = AXIS2_PLACEMENT_3D('',#2308,#2309,#2310);
#2308 = CARTESIAN_POINT('',(160.495264,-57.802257,1.6));
#2309 = DIRECTION('',(-0.,0.,-1.));
#2310 = DIRECTION('',(-2.991758887411E-14,-1.,0.));
#2311 = FACE_BOUND('',#2312,.F.);
#2312 = EDGE_LOOP('',(#2313));
#2313 = ORIENTED_EDGE('',*,*,#2314,.F.);
#2314 = EDGE_CURVE('',#2315,#2315,#2317,.T.);
#2315 = VERTEX_POINT('',#2316);
#2316 = CARTESIAN_POINT('',(154.82399,-90.555586,1.6));
#2317 = CIRCLE('',#2318,0.6);
#2318 = AXIS2_PLACEMENT_3D('',#2319,#2320,#2321);
#2319 = CARTESIAN_POINT('',(154.82399,-89.955586,1.6));
#2320 = DIRECTION('',(-0.,0.,-1.));
#2321 = DIRECTION('',(4.736951571734E-14,-1.,-0.));
#2322 = FACE_BOUND('',#2323,.F.);
#2323 = EDGE_LOOP('',(#2324));
#2324 = ORIENTED_EDGE('',*,*,#2325,.F.);
#2325 = EDGE_CURVE('',#2326,#2326,#2328,.T.);
#2326 = VERTEX_POINT('',#2327);
#2327 = CARTESIAN_POINT('',(141.496745,-82.826551,1.6));
#2328 = CIRCLE('',#2329,0.95);
#2329 = AXIS2_PLACEMENT_3D('',#2330,#2331,#2332);
#2330 = CARTESIAN_POINT('',(141.496745,-81.876551,1.6));
#2331 = DIRECTION('',(-0.,0.,-1.));
#2332 = DIRECTION('',(2.991758887411E-14,-1.,-0.));
#2333 = FACE_BOUND('',#2334,.F.);
#2334 = EDGE_LOOP('',(#2335));
#2335 = ORIENTED_EDGE('',*,*,#2336,.F.);
#2336 = EDGE_CURVE('',#2337,#2337,#2339,.T.);
#2337 = VERTEX_POINT('',#2338);
#2338 = CARTESIAN_POINT('',(135.996745,-83.601551,1.6));
#2339 = CIRCLE('',#2340,1.725);
#2340 = AXIS2_PLACEMENT_3D('',#2341,#2342,#2343);
#2341 = CARTESIAN_POINT('',(135.996745,-81.876551,1.6));
#2342 = DIRECTION('',(-0.,0.,-1.));
#2343 = DIRECTION('',(-0.,-1.,0.));
#2344 = FACE_BOUND('',#2345,.F.);
#2345 = EDGE_LOOP('',(#2346));
#2346 = ORIENTED_EDGE('',*,*,#2347,.F.);
#2347 = EDGE_CURVE('',#2348,#2348,#2350,.T.);
#2348 = VERTEX_POINT('',#2349);
#2349 = CARTESIAN_POINT('',(130.496745,-82.826551,1.6));
#2350 = CIRCLE('',#2351,0.95);
#2351 = AXIS2_PLACEMENT_3D('',#2352,#2353,#2354);
#2352 = CARTESIAN_POINT('',(130.496745,-81.876551,1.6));
#2353 = DIRECTION('',(-0.,0.,-1.));
#2354 = DIRECTION('',(2.991758887411E-14,-1.,-0.));
#2355 = FACE_BOUND('',#2356,.F.);
#2356 = EDGE_LOOP('',(#2357));
#2357 = ORIENTED_EDGE('',*,*,#2358,.F.);
#2358 = EDGE_CURVE('',#2359,#2359,#2361,.T.);
#2359 = VERTEX_POINT('',#2360);
#2360 = CARTESIAN_POINT('',(155.041066,-78.644294,1.6));
#2361 = CIRCLE('',#2362,1.725);
#2362 = AXIS2_PLACEMENT_3D('',#2363,#2364,#2365);
#2363 = CARTESIAN_POINT('',(155.041066,-76.919294,1.6));
#2364 = DIRECTION('',(-0.,0.,-1.));
#2365 = DIRECTION('',(-0.,-1.,0.));
#2366 = FACE_BOUND('',#2367,.F.);
#2367 = EDGE_LOOP('',(#2368));
#2368 = ORIENTED_EDGE('',*,*,#2369,.F.);
#2369 = EDGE_CURVE('',#2370,#2370,#2372,.T.);
#2370 = VERTEX_POINT('',#2371);
#2371 = CARTESIAN_POINT('',(149.541066,-77.869294,1.6));
#2372 = CIRCLE('',#2373,0.95);
#2373 = AXIS2_PLACEMENT_3D('',#2374,#2375,#2376);
#2374 = CARTESIAN_POINT('',(149.541066,-76.919294,1.6));
#2375 = DIRECTION('',(-0.,0.,-1.));
#2376 = DIRECTION('',(-0.,-1.,0.));
#2377 = FACE_BOUND('',#2378,.F.);
#2378 = EDGE_LOOP('',(#2379));
#2379 = ORIENTED_EDGE('',*,*,#2380,.F.);
#2380 = EDGE_CURVE('',#2381,#2381,#2383,.T.);
#2381 = VERTEX_POINT('',#2382);
#2382 = CARTESIAN_POINT('',(150.041066,-73.719294,1.6));
#2383 = CIRCLE('',#2384,0.6);
#2384 = AXIS2_PLACEMENT_3D('',#2385,#2386,#2387);
#2385 = CARTESIAN_POINT('',(150.041066,-73.119294,1.6));
#2386 = DIRECTION('',(-0.,0.,-1.));
#2387 = DIRECTION('',(-0.,-1.,0.));
#2388 = FACE_BOUND('',#2389,.F.);
#2389 = EDGE_LOOP('',(#2390));
#2390 = ORIENTED_EDGE('',*,*,#2391,.F.);
#2391 = EDGE_CURVE('',#2392,#2392,#2394,.T.);
#2392 = VERTEX_POINT('',#2393);
#2393 = CARTESIAN_POINT('',(130.996745,-78.676551,1.6));
#2394 = CIRCLE('',#2395,0.6);
#2395 = AXIS2_PLACEMENT_3D('',#2396,#2397,#2398);
#2396 = CARTESIAN_POINT('',(130.996745,-78.076551,1.6));
#2397 = DIRECTION('',(-0.,0.,-1.));
#2398 = DIRECTION('',(-0.,-1.,0.));
#2399 = FACE_BOUND('',#2400,.F.);
#2400 = EDGE_LOOP('',(#2401));
#2401 = ORIENTED_EDGE('',*,*,#2402,.F.);
#2402 = EDGE_CURVE('',#2403,#2403,#2405,.T.);
#2403 = VERTEX_POINT('',#2404);
#2404 = CARTESIAN_POINT('',(135.996745,-76.576551,1.6));
#2405 = CIRCLE('',#2406,0.6);
#2406 = AXIS2_PLACEMENT_3D('',#2407,#2408,#2409);
#2407 = CARTESIAN_POINT('',(135.996745,-75.976551,1.6));
#2408 = DIRECTION('',(-0.,0.,-1.));
#2409 = DIRECTION('',(-0.,-1.,0.));
#2410 = FACE_BOUND('',#2411,.F.);
#2411 = EDGE_LOOP('',(#2412));
#2412 = ORIENTED_EDGE('',*,*,#2413,.F.);
#2413 = EDGE_CURVE('',#2414,#2414,#2416,.T.);
#2414 = VERTEX_POINT('',#2415);
#2415 = CARTESIAN_POINT('',(117.,-89.2,1.6));
#2416 = CIRCLE('',#2417,0.6);
#2417 = AXIS2_PLACEMENT_3D('',#2418,#2419,#2420);
#2418 = CARTESIAN_POINT('',(117.,-88.6,1.6));
#2419 = DIRECTION('',(-0.,0.,-1.));
#2420 = DIRECTION('',(-0.,-1.,0.));
#2421 = FACE_BOUND('',#2422,.F.);
#2422 = EDGE_LOOP('',(#2423));
#2423 = ORIENTED_EDGE('',*,*,#2424,.F.);
#2424 = EDGE_CURVE('',#2425,#2425,#2427,.T.);
#2425 = VERTEX_POINT('',#2426);
#2426 = CARTESIAN_POINT('',(112.,-91.3,1.6));
#2427 = CIRCLE('',#2428,0.6);
#2428 = AXIS2_PLACEMENT_3D('',#2429,#2430,#2431);
#2429 = CARTESIAN_POINT('',(112.,-90.7,1.6));
#2430 = DIRECTION('',(-0.,0.,-1.));
#2431 = DIRECTION('',(-0.,-1.,0.));
#2432 = FACE_BOUND('',#2433,.F.);
#2433 = EDGE_LOOP('',(#2434));
#2434 = ORIENTED_EDGE('',*,*,#2435,.F.);
#2435 = EDGE_CURVE('',#2436,#2436,#2438,.T.);
#2436 = VERTEX_POINT('',#2437);
#2437 = CARTESIAN_POINT('',(122.5,-76.45,1.6));
#2438 = CIRCLE('',#2439,0.95);
#2439 = AXIS2_PLACEMENT_3D('',#2440,#2441,#2442);
#2440 = CARTESIAN_POINT('',(122.5,-75.5,1.6));
#2441 = DIRECTION('',(-0.,0.,-1.));
#2442 = DIRECTION('',(-0.,-1.,0.));
#2443 = FACE_BOUND('',#2444,.F.);
#2444 = EDGE_LOOP('',(#2445));
#2445 = ORIENTED_EDGE('',*,*,#2446,.F.);
#2446 = EDGE_CURVE('',#2447,#2447,#2449,.T.);
#2447 = VERTEX_POINT('',#2448);
#2448 = CARTESIAN_POINT('',(117.,-77.225,1.6));
#2449 = CIRCLE('',#2450,1.725);
#2450 = AXIS2_PLACEMENT_3D('',#2451,#2452,#2453);
#2451 = CARTESIAN_POINT('',(117.,-75.5,1.6));
#2452 = DIRECTION('',(-0.,0.,-1.));
#2453 = DIRECTION('',(-0.,-1.,0.));
#2454 = FACE_BOUND('',#2455,.F.);
#2455 = EDGE_LOOP('',(#2456));
#2456 = ORIENTED_EDGE('',*,*,#2457,.F.);
#2457 = EDGE_CURVE('',#2458,#2458,#2460,.T.);
#2458 = VERTEX_POINT('',#2459);
#2459 = CARTESIAN_POINT('',(111.5,-76.45,1.6));
#2460 = CIRCLE('',#2461,0.95);
#2461 = AXIS2_PLACEMENT_3D('',#2462,#2463,#2464);
#2462 = CARTESIAN_POINT('',(111.5,-75.5,1.6));
#2463 = DIRECTION('',(-0.,0.,-1.));
#2464 = DIRECTION('',(-0.,-1.,0.));
#2465 = FACE_BOUND('',#2466,.F.);
#2466 = EDGE_LOOP('',(#2467));
#2467 = ORIENTED_EDGE('',*,*,#2468,.F.);
#2468 = EDGE_CURVE('',#2469,#2469,#2471,.T.);
#2469 = VERTEX_POINT('',#2470);
#2470 = CARTESIAN_POINT('',(112.,-72.3,1.6));
#2471 = CIRCLE('',#2472,0.6);
#2472 = AXIS2_PLACEMENT_3D('',#2473,#2474,#2475);
#2473 = CARTESIAN_POINT('',(112.,-71.7,1.6));
#2474 = DIRECTION('',(-0.,0.,-1.));
#2475 = DIRECTION('',(-0.,-1.,0.));
#2476 = FACE_BOUND('',#2477,.F.);
#2477 = EDGE_LOOP('',(#2478));
#2478 = ORIENTED_EDGE('',*,*,#2479,.F.);
#2479 = EDGE_CURVE('',#2480,#2480,#2482,.T.);
#2480 = VERTEX_POINT('',#2481);
#2481 = CARTESIAN_POINT('',(103.492566,-81.45,1.6));
#2482 = CIRCLE('',#2483,0.95);
#2483 = AXIS2_PLACEMENT_3D('',#2484,#2485,#2486);
#2484 = CARTESIAN_POINT('',(103.492566,-80.5,1.6));
#2485 = DIRECTION('',(-0.,0.,-1.));
#2486 = DIRECTION('',(-0.,-1.,0.));
#2487 = FACE_BOUND('',#2488,.F.);
#2488 = EDGE_LOOP('',(#2489));
#2489 = ORIENTED_EDGE('',*,*,#2490,.F.);
#2490 = EDGE_CURVE('',#2491,#2491,#2493,.T.);
#2491 = VERTEX_POINT('',#2492);
#2492 = CARTESIAN_POINT('',(97.992566,-82.225,1.6));
#2493 = CIRCLE('',#2494,1.725);
#2494 = AXIS2_PLACEMENT_3D('',#2495,#2496,#2497);
#2495 = CARTESIAN_POINT('',(97.992566,-80.5,1.6));
#2496 = DIRECTION('',(-0.,0.,-1.));
#2497 = DIRECTION('',(-8.238176646494E-15,-1.,0.));
#2498 = FACE_BOUND('',#2499,.F.);
#2499 = EDGE_LOOP('',(#2500));
#2500 = ORIENTED_EDGE('',*,*,#2501,.F.);
#2501 = EDGE_CURVE('',#2502,#2502,#2504,.T.);
#2502 = VERTEX_POINT('',#2503);
#2503 = CARTESIAN_POINT('',(92.492566,-81.45,1.6));
#2504 = CIRCLE('',#2505,0.95);
#2505 = AXIS2_PLACEMENT_3D('',#2506,#2507,#2508);
#2506 = CARTESIAN_POINT('',(92.492566,-80.5,1.6));
#2507 = DIRECTION('',(-0.,0.,-1.));
#2508 = DIRECTION('',(-0.,-1.,0.));
#2509 = FACE_BOUND('',#2510,.F.);
#2510 = EDGE_LOOP('',(#2511));
#2511 = ORIENTED_EDGE('',*,*,#2512,.F.);
#2512 = EDGE_CURVE('',#2513,#2513,#2515,.T.);
#2513 = VERTEX_POINT('',#2514);
#2514 = CARTESIAN_POINT('',(97.992566,-75.2,1.6));
#2515 = CIRCLE('',#2516,0.6);
#2516 = AXIS2_PLACEMENT_3D('',#2517,#2518,#2519);
#2517 = CARTESIAN_POINT('',(97.992566,-74.6,1.6));
#2518 = DIRECTION('',(-0.,0.,-1.));
#2519 = DIRECTION('',(-2.368475785867E-14,-1.,0.));
#2520 = FACE_BOUND('',#2521,.F.);
#2521 = EDGE_LOOP('',(#2522));
#2522 = ORIENTED_EDGE('',*,*,#2523,.F.);
#2523 = EDGE_CURVE('',#2524,#2524,#2526,.T.);
#2524 = VERTEX_POINT('',#2525);
#2525 = CARTESIAN_POINT('',(92.992566,-77.3,1.6));
#2526 = CIRCLE('',#2527,0.6);
#2527 = AXIS2_PLACEMENT_3D('',#2528,#2529,#2530);
#2528 = CARTESIAN_POINT('',(92.992566,-76.7,1.6));
#2529 = DIRECTION('',(-0.,0.,-1.));
#2530 = DIRECTION('',(-2.368475785867E-14,-1.,0.));
#2531 = FACE_BOUND('',#2532,.F.);
#2532 = EDGE_LOOP('',(#2533));
#2533 = ORIENTED_EDGE('',*,*,#2534,.F.);
#2534 = EDGE_CURVE('',#2535,#2535,#2537,.T.);
#2535 = VERTEX_POINT('',#2536);
#2536 = CARTESIAN_POINT('',(155.041066,-71.619294,1.6));
#2537 = CIRCLE('',#2538,0.6);
#2538 = AXIS2_PLACEMENT_3D('',#2539,#2540,#2541);
#2539 = CARTESIAN_POINT('',(155.041066,-71.019294,1.6));
#2540 = DIRECTION('',(-0.,0.,-1.));
#2541 = DIRECTION('',(-0.,-1.,0.));
#2542 = FACE_BOUND('',#2543,.F.);
#2543 = EDGE_LOOP('',(#2544));
#2544 = ORIENTED_EDGE('',*,*,#2545,.F.);
#2545 = EDGE_CURVE('',#2546,#2546,#2548,.T.);
#2546 = VERTEX_POINT('',#2547);
#2547 = CARTESIAN_POINT('',(141.331568,-63.947353,1.6));
#2548 = CIRCLE('',#2549,0.95);
#2549 = AXIS2_PLACEMENT_3D('',#2550,#2551,#2552);
#2550 = CARTESIAN_POINT('',(141.331568,-62.997353,1.6));
#2551 = DIRECTION('',(-0.,0.,-1.));
#2552 = DIRECTION('',(-0.,-1.,0.));
#2553 = FACE_BOUND('',#2554,.F.);
#2554 = EDGE_LOOP('',(#2555));
#2555 = ORIENTED_EDGE('',*,*,#2556,.F.);
#2556 = EDGE_CURVE('',#2557,#2557,#2559,.T.);
#2557 = VERTEX_POINT('',#2558);
#2558 = CARTESIAN_POINT('',(135.831568,-64.722353,1.6));
#2559 = CIRCLE('',#2560,1.725);
#2560 = AXIS2_PLACEMENT_3D('',#2561,#2562,#2563);
#2561 = CARTESIAN_POINT('',(135.831568,-62.997353,1.6));
#2562 = DIRECTION('',(-0.,0.,-1.));
#2563 = DIRECTION('',(-0.,-1.,0.));
#2564 = FACE_BOUND('',#2565,.F.);
#2565 = EDGE_LOOP('',(#2566));
#2566 = ORIENTED_EDGE('',*,*,#2567,.F.);
#2567 = EDGE_CURVE('',#2568,#2568,#2570,.T.);
#2568 = VERTEX_POINT('',#2569);
#2569 = CARTESIAN_POINT('',(130.331568,-63.947353,1.6));
#2570 = CIRCLE('',#2571,0.95);
#2571 = AXIS2_PLACEMENT_3D('',#2572,#2573,#2574);
#2572 = CARTESIAN_POINT('',(130.331568,-62.997353,1.6));
#2573 = DIRECTION('',(-0.,0.,-1.));
#2574 = DIRECTION('',(-0.,-1.,0.));
#2575 = FACE_BOUND('',#2576,.F.);
#2576 = EDGE_LOOP('',(#2577));
#2577 = ORIENTED_EDGE('',*,*,#2578,.F.);
#2578 = EDGE_CURVE('',#2579,#2579,#2581,.T.);
#2579 = VERTEX_POINT('',#2580);
#2580 = CARTESIAN_POINT('',(154.995264,-59.527257,1.6));
#2581 = CIRCLE('',#2582,1.725);
#2582 = AXIS2_PLACEMENT_3D('',#2583,#2584,#2585);
#2583 = CARTESIAN_POINT('',(154.995264,-57.802257,1.6));
#2584 = DIRECTION('',(-0.,0.,-1.));
#2585 = DIRECTION('',(-0.,-1.,0.));
#2586 = FACE_BOUND('',#2587,.F.);
#2587 = EDGE_LOOP('',(#2588));
#2588 = ORIENTED_EDGE('',*,*,#2589,.F.);
#2589 = EDGE_CURVE('',#2590,#2590,#2592,.T.);
#2590 = VERTEX_POINT('',#2591);
#2591 = CARTESIAN_POINT('',(149.495264,-58.752257,1.6));
#2592 = CIRCLE('',#2593,0.95);
#2593 = AXIS2_PLACEMENT_3D('',#2594,#2595,#2596);
#2594 = CARTESIAN_POINT('',(149.495264,-57.802257,1.6));
#2595 = DIRECTION('',(-0.,0.,-1.));
#2596 = DIRECTION('',(-2.991758887411E-14,-1.,0.));
#2597 = FACE_BOUND('',#2598,.F.);
#2598 = EDGE_LOOP('',(#2599));
#2599 = ORIENTED_EDGE('',*,*,#2600,.F.);
#2600 = EDGE_CURVE('',#2601,#2601,#2603,.T.);
#2601 = VERTEX_POINT('',#2602);
#2602 = CARTESIAN_POINT('',(149.995264,-54.602257,1.6));
#2603 = CIRCLE('',#2604,0.6);
#2604 = AXIS2_PLACEMENT_3D('',#2605,#2606,#2607);
#2605 = CARTESIAN_POINT('',(149.995264,-54.002257,1.6));
#2606 = DIRECTION('',(-0.,0.,-1.));
#2607 = DIRECTION('',(-0.,-1.,0.));
#2608 = FACE_BOUND('',#2609,.F.);
#2609 = EDGE_LOOP('',(#2610));
#2610 = ORIENTED_EDGE('',*,*,#2611,.F.);
#2611 = EDGE_CURVE('',#2612,#2612,#2614,.T.);
#2612 = VERTEX_POINT('',#2613);
#2613 = CARTESIAN_POINT('',(154.995264,-52.502257,1.6));
#2614 = CIRCLE('',#2615,0.6);
#2615 = AXIS2_PLACEMENT_3D('',#2616,#2617,#2618);
#2616 = CARTESIAN_POINT('',(154.995264,-51.902257,1.6));
#2617 = DIRECTION('',(-0.,0.,-1.));
#2618 = DIRECTION('',(-0.,-1.,0.));
#2619 = FACE_BOUND('',#2620,.F.);
#2620 = EDGE_LOOP('',(#2621));
#2621 = ORIENTED_EDGE('',*,*,#2622,.F.);
#2622 = EDGE_CURVE('',#2623,#2623,#2625,.T.);
#2623 = VERTEX_POINT('',#2624);
#2624 = CARTESIAN_POINT('',(135.831568,-57.697353,1.6));
#2625 = CIRCLE('',#2626,0.6);
#2626 = AXIS2_PLACEMENT_3D('',#2627,#2628,#2629);
#2627 = CARTESIAN_POINT('',(135.831568,-57.097353,1.6));
#2628 = DIRECTION('',(-0.,0.,-1.));
#2629 = DIRECTION('',(-0.,-1.,0.));
#2630 = FACE_BOUND('',#2631,.F.);
#2631 = EDGE_LOOP('',(#2632));
#2632 = ORIENTED_EDGE('',*,*,#2633,.F.);
#2633 = EDGE_CURVE('',#2634,#2634,#2636,.T.);
#2634 = VERTEX_POINT('',#2635);
#2635 = CARTESIAN_POINT('',(130.831568,-59.797353,1.6));
#2636 = CIRCLE('',#2637,0.6);
#2637 = AXIS2_PLACEMENT_3D('',#2638,#2639,#2640);
#2638 = CARTESIAN_POINT('',(130.831568,-59.197353,1.6));
#2639 = DIRECTION('',(-0.,0.,-1.));
#2640 = DIRECTION('',(-0.,-1.,0.));
#2641 = FACE_BOUND('',#2642,.F.);
#2642 = EDGE_LOOP('',(#2643));
#2643 = ORIENTED_EDGE('',*,*,#2644,.F.);
#2644 = EDGE_CURVE('',#2645,#2645,#2647,.T.);
#2645 = VERTEX_POINT('',#2646);
#2646 = CARTESIAN_POINT('',(117.,-70.2,1.6));
#2647 = CIRCLE('',#2648,0.6);
#2648 = AXIS2_PLACEMENT_3D('',#2649,#2650,#2651);
#2649 = CARTESIAN_POINT('',(117.,-69.6,1.6));
#2650 = DIRECTION('',(-0.,0.,-1.));
#2651 = DIRECTION('',(-0.,-1.,0.));
#2652 = PLANE('',#2653);
#2653 = AXIS2_PLACEMENT_3D('',#2654,#2655,#2656);
#2654 = CARTESIAN_POINT('',(154.02460029845,-97.37395955384,1.6));
#2655 = DIRECTION('',(-0.,-0.,-1.));
#2656 = DIRECTION('',(-1.,0.,0.));
#2657 = ADVANCED_FACE('',(#2658),#2669,.T.);
#2658 = FACE_BOUND('',#2659,.T.);
#2659 = EDGE_LOOP('',(#2660,#2666,#2667,#2668));
#2660 = ORIENTED_EDGE('',*,*,#2661,.T.);
#2661 = EDGE_CURVE('',#224,#1484,#2662,.T.);
#2662 = LINE('',#2663,#2664);
#2663 = CARTESIAN_POINT('',(145.,-48.,0.));
#2664 = VECTOR('',#2665,1.);
#2665 = DIRECTION('',(0.,0.,1.));
#2666 = ORIENTED_EDGE('',*,*,#1491,.T.);
#2667 = ORIENTED_EDGE('',*,*,#79,.F.);
#2668 = ORIENTED_EDGE('',*,*,#231,.F.);
#2669 = PLANE('',#2670);
#2670 = AXIS2_PLACEMENT_3D('',#2671,#2672,#2673);
#2671 = CARTESIAN_POINT('',(145.,-48.,0.));
#2672 = DIRECTION('',(0.,1.,0.));
#2673 = DIRECTION('',(1.,0.,0.));
#2674 = ADVANCED_FACE('',(#2675),#2686,.T.);
#2675 = FACE_BOUND('',#2676,.T.);
#2676 = EDGE_LOOP('',(#2677,#2678,#2679,#2685));
#2677 = ORIENTED_EDGE('',*,*,#119,.T.);
#2678 = ORIENTED_EDGE('',*,*,#1403,.T.);
#2679 = ORIENTED_EDGE('',*,*,#2680,.F.);
#2680 = EDGE_CURVE('',#144,#1404,#2681,.T.);
#2681 = LINE('',#2682,#2683);
#2682 = CARTESIAN_POINT('',(201.,-55.5,0.));
#2683 = VECTOR('',#2684,1.);
#2684 = DIRECTION('',(0.,0.,1.));
#2685 = ORIENTED_EDGE('',*,*,#143,.F.);
#2686 = PLANE('',#2687);
#2687 = AXIS2_PLACEMENT_3D('',#2688,#2689,#2690);
#2688 = CARTESIAN_POINT('',(183.5,-55.5,0.));
#2689 = DIRECTION('',(0.,1.,0.));
#2690 = DIRECTION('',(1.,0.,0.));
#2691 = ADVANCED_FACE('',(#2692),#2703,.T.);
#2692 = FACE_BOUND('',#2693,.T.);
#2693 = EDGE_LOOP('',(#2694,#2700,#2701,#2702));
#2694 = ORIENTED_EDGE('',*,*,#2695,.T.);
#2695 = EDGE_CURVE('',#216,#1476,#2696,.T.);
#2696 = LINE('',#2697,#2698);
#2697 = CARTESIAN_POINT('',(145.5,-53.,0.));
#2698 = VECTOR('',#2699,1.);
#2699 = DIRECTION('',(0.,0.,1.));
#2700 = ORIENTED_EDGE('',*,*,#1483,.T.);
#2701 = ORIENTED_EDGE('',*,*,#2661,.F.);
#2702 = ORIENTED_EDGE('',*,*,#223,.F.);
#2703 = PLANE('',#2704);
#2704 = AXIS2_PLACEMENT_3D('',#2705,#2706,#2707);
#2705 = CARTESIAN_POINT('',(145.5,-53.,0.));
#2706 = DIRECTION('',(-0.99503719021,-9.9503719021E-02,0.));
#2707 = DIRECTION('',(-9.9503719021E-02,0.99503719021,0.));
#2708 = ADVANCED_FACE('',(#2709),#2720,.T.);
#2709 = FACE_BOUND('',#2710,.T.);
#2710 = EDGE_LOOP('',(#2711,#2712,#2713,#2719));
#2711 = ORIENTED_EDGE('',*,*,#2680,.T.);
#2712 = ORIENTED_EDGE('',*,*,#1411,.T.);
#2713 = ORIENTED_EDGE('',*,*,#2714,.F.);
#2714 = EDGE_CURVE('',#152,#1412,#2715,.T.);
#2715 = LINE('',#2716,#2717);
#2716 = CARTESIAN_POINT('',(201.5,-116.5,0.));
#2717 = VECTOR('',#2718,1.);
#2718 = DIRECTION('',(0.,0.,1.));
#2719 = ORIENTED_EDGE('',*,*,#151,.F.);
#2720 = PLANE('',#2721);
#2721 = AXIS2_PLACEMENT_3D('',#2722,#2723,#2724);
#2722 = CARTESIAN_POINT('',(201.,-55.5,0.));
#2723 = DIRECTION('',(0.999966408573,8.196445971906E-03,-0.));
#2724 = DIRECTION('',(8.196445971906E-03,-0.999966408573,0.));
#2725 = ADVANCED_FACE('',(#2726),#2737,.T.);
#2726 = FACE_BOUND('',#2727,.T.);
#2727 = EDGE_LOOP('',(#2728,#2734,#2735,#2736));
#2728 = ORIENTED_EDGE('',*,*,#2729,.T.);
#2729 = EDGE_CURVE('',#208,#1468,#2730,.T.);
#2730 = LINE('',#2731,#2732);
#2731 = CARTESIAN_POINT('',(126.5,-53.,0.));
#2732 = VECTOR('',#2733,1.);
#2733 = DIRECTION('',(0.,0.,1.));
#2734 = ORIENTED_EDGE('',*,*,#1475,.T.);
#2735 = ORIENTED_EDGE('',*,*,#2695,.F.);
#2736 = ORIENTED_EDGE('',*,*,#215,.F.);
#2737 = PLANE('',#2738);
#2738 = AXIS2_PLACEMENT_3D('',#2739,#2740,#2741);
#2739 = CARTESIAN_POINT('',(126.5,-53.,0.));
#2740 = DIRECTION('',(0.,1.,0.));
#2741 = DIRECTION('',(1.,0.,0.));
#2742 = ADVANCED_FACE('',(#2743),#2754,.T.);
#2743 = FACE_BOUND('',#2744,.T.);
#2744 = EDGE_LOOP('',(#2745,#2746,#2747,#2753));
#2745 = ORIENTED_EDGE('',*,*,#2714,.T.);
#2746 = ORIENTED_EDGE('',*,*,#1419,.T.);
#2747 = ORIENTED_EDGE('',*,*,#2748,.F.);
#2748 = EDGE_CURVE('',#160,#1420,#2749,.T.);
#2749 = LINE('',#2750,#2751);
#2750 = CARTESIAN_POINT('',(225.,-125.,0.));
#2751 = VECTOR('',#2752,1.);
#2752 = DIRECTION('',(0.,0.,1.));
#2753 = ORIENTED_EDGE('',*,*,#159,.F.);
#2754 = PLANE('',#2755);
#2755 = AXIS2_PLACEMENT_3D('',#2756,#2757,#2758);
#2756 = CARTESIAN_POINT('',(201.5,-116.5,0.));
#2757 = DIRECTION('',(0.340136081654,0.940376225751,-0.));
#2758 = DIRECTION('',(0.940376225751,-0.340136081654,0.));
#2759 = ADVANCED_FACE('',(#2760),#2771,.T.);
#2760 = FACE_BOUND('',#2761,.T.);
#2761 = EDGE_LOOP('',(#2762,#2768,#2769,#2770));
#2762 = ORIENTED_EDGE('',*,*,#2763,.T.);
#2763 = EDGE_CURVE('',#200,#1460,#2764,.T.);
#2764 = LINE('',#2765,#2766);
#2765 = CARTESIAN_POINT('',(126.5,-66.5,0.));
#2766 = VECTOR('',#2767,1.);
#2767 = DIRECTION('',(0.,0.,1.));
#2768 = ORIENTED_EDGE('',*,*,#1467,.T.);
#2769 = ORIENTED_EDGE('',*,*,#2729,.F.);
#2770 = ORIENTED_EDGE('',*,*,#207,.F.);
#2771 = PLANE('',#2772);
#2772 = AXIS2_PLACEMENT_3D('',#2773,#2774,#2775);
#2773 = CARTESIAN_POINT('',(126.5,-66.5,0.));
#2774 = DIRECTION('',(-1.,0.,0.));
#2775 = DIRECTION('',(0.,1.,0.));
#2776 = ADVANCED_FACE('',(#2777),#2788,.T.);
#2777 = FACE_BOUND('',#2778,.T.);
#2778 = EDGE_LOOP('',(#2779,#2780,#2781,#2787));
#2779 = ORIENTED_EDGE('',*,*,#2748,.T.);
#2780 = ORIENTED_EDGE('',*,*,#1427,.T.);
#2781 = ORIENTED_EDGE('',*,*,#2782,.F.);
#2782 = EDGE_CURVE('',#168,#1428,#2783,.T.);
#2783 = LINE('',#2784,#2785);
#2784 = CARTESIAN_POINT('',(219.,-141.5,0.));
#2785 = VECTOR('',#2786,1.);
#2786 = DIRECTION('',(0.,0.,1.));
#2787 = ORIENTED_EDGE('',*,*,#167,.F.);
#2788 = PLANE('',#2789);
#2789 = AXIS2_PLACEMENT_3D('',#2790,#2791,#2792);
#2790 = CARTESIAN_POINT('',(225.,-125.,0.));
#2791 = DIRECTION('',(0.939793423488,-0.341743063087,0.));
#2792 = DIRECTION('',(-0.341743063087,-0.939793423488,0.));
#2793 = ADVANCED_FACE('',(#2794),#2805,.T.);
#2794 = FACE_BOUND('',#2795,.T.);
#2795 = EDGE_LOOP('',(#2796,#2802,#2803,#2804));
#2796 = ORIENTED_EDGE('',*,*,#2797,.T.);
#2797 = EDGE_CURVE('',#192,#1452,#2798,.T.);
#2798 = LINE('',#2799,#2800);
#2799 = CARTESIAN_POINT('',(89.5,-66.5,0.));
#2800 = VECTOR('',#2801,1.);
#2801 = DIRECTION('',(0.,0.,1.));
#2802 = ORIENTED_EDGE('',*,*,#1459,.T.);
#2803 = ORIENTED_EDGE('',*,*,#2763,.F.);
#2804 = ORIENTED_EDGE('',*,*,#199,.F.);
#2805 = PLANE('',#2806);
#2806 = AXIS2_PLACEMENT_3D('',#2807,#2808,#2809);
#2807 = CARTESIAN_POINT('',(89.5,-66.5,0.));
#2808 = DIRECTION('',(0.,1.,0.));
#2809 = DIRECTION('',(1.,0.,0.));
#2810 = ADVANCED_FACE('',(#2811),#2822,.T.);
#2811 = FACE_BOUND('',#2812,.T.);
#2812 = EDGE_LOOP('',(#2813,#2814,#2815,#2821));
#2813 = ORIENTED_EDGE('',*,*,#2782,.T.);
#2814 = ORIENTED_EDGE('',*,*,#1435,.T.);
#2815 = ORIENTED_EDGE('',*,*,#2816,.F.);
#2816 = EDGE_CURVE('',#176,#1436,#2817,.T.);
#2817 = LINE('',#2818,#2819);
#2818 = CARTESIAN_POINT('',(188.,-134.,0.));
#2819 = VECTOR('',#2820,1.);
#2820 = DIRECTION('',(0.,0.,1.));
#2821 = ORIENTED_EDGE('',*,*,#175,.F.);
#2822 = PLANE('',#2823);
#2823 = AXIS2_PLACEMENT_3D('',#2824,#2825,#2826);
#2824 = CARTESIAN_POINT('',(219.,-141.5,0.));
#2825 = DIRECTION('',(-0.235151316301,-0.971958774044,0.));
#2826 = DIRECTION('',(-0.971958774044,0.235151316301,0.));
#2827 = ADVANCED_FACE('',(#2828),#2839,.T.);
#2828 = FACE_BOUND('',#2829,.T.);
#2829 = EDGE_LOOP('',(#2830,#2836,#2837,#2838));
#2830 = ORIENTED_EDGE('',*,*,#2831,.T.);
#2831 = EDGE_CURVE('',#184,#1444,#2832,.T.);
#2832 = LINE('',#2833,#2834);
#2833 = CARTESIAN_POINT('',(89.5,-134.,0.));
#2834 = VECTOR('',#2835,1.);
#2835 = DIRECTION('',(0.,0.,1.));
#2836 = ORIENTED_EDGE('',*,*,#1451,.T.);
#2837 = ORIENTED_EDGE('',*,*,#2797,.F.);
#2838 = ORIENTED_EDGE('',*,*,#191,.F.);
#2839 = PLANE('',#2840);
#2840 = AXIS2_PLACEMENT_3D('',#2841,#2842,#2843);
#2841 = CARTESIAN_POINT('',(89.5,-134.,0.));
#2842 = DIRECTION('',(-1.,0.,0.));
#2843 = DIRECTION('',(0.,1.,0.));
#2844 = ADVANCED_FACE('',(#2845),#2851,.T.);
#2845 = FACE_BOUND('',#2846,.T.);
#2846 = EDGE_LOOP('',(#2847,#2848,#2849,#2850));
#2847 = ORIENTED_EDGE('',*,*,#2816,.T.);
#2848 = ORIENTED_EDGE('',*,*,#1443,.T.);
#2849 = ORIENTED_EDGE('',*,*,#2831,.F.);
#2850 = ORIENTED_EDGE('',*,*,#183,.F.);
#2851 = PLANE('',#2852);
#2852 = AXIS2_PLACEMENT_3D('',#2853,#2854,#2855);
#2853 = CARTESIAN_POINT('',(188.,-134.,0.));
#2854 = DIRECTION('',(0.,-1.,0.));
#2855 = DIRECTION('',(-1.,0.,0.));
#2856 = ADVANCED_FACE('',(#2857),#2868,.F.);
#2857 = FACE_BOUND('',#2858,.T.);
#2858 = EDGE_LOOP('',(#2859,#2860,#2866,#2867));
#2859 = ORIENTED_EDGE('',*,*,#240,.T.);
#2860 = ORIENTED_EDGE('',*,*,#2861,.T.);
#2861 = EDGE_CURVE('',#241,#1501,#2862,.T.);
#2862 = LINE('',#2863,#2864);
#2863 = CARTESIAN_POINT('',(220.302446,-132.677743,-4.5E-02));
#2864 = VECTOR('',#2865,1.);
#2865 = DIRECTION('',(0.,0.,1.));
#2866 = ORIENTED_EDGE('',*,*,#1500,.F.);
#2867 = ORIENTED_EDGE('',*,*,#2861,.F.);
#2868 = CYLINDRICAL_SURFACE('',#2869,0.95);
#2869 = AXIS2_PLACEMENT_3D('',#2870,#2871,#2872);
#2870 = CARTESIAN_POINT('',(220.302446,-131.727743,-4.5E-02));
#2871 = DIRECTION('',(-0.,0.,-1.));
#2872 = DIRECTION('',(2.991758887411E-14,-1.,-0.));
#2873 = ADVANCED_FACE('',(#2874),#2885,.F.);
#2874 = FACE_BOUND('',#2875,.T.);
#2875 = EDGE_LOOP('',(#2876,#2877,#2883,#2884));
#2876 = ORIENTED_EDGE('',*,*,#251,.T.);
#2877 = ORIENTED_EDGE('',*,*,#2878,.T.);
#2878 = EDGE_CURVE('',#252,#1512,#2879,.T.);
#2879 = LINE('',#2880,#2881);
#2880 = CARTESIAN_POINT('',(215.134137,-131.571632,-4.5E-02));
#2881 = VECTOR('',#2882,1.);
#2882 = DIRECTION('',(0.,0.,1.));
#2883 = ORIENTED_EDGE('',*,*,#1511,.F.);
#2884 = ORIENTED_EDGE('',*,*,#2878,.F.);
#2885 = CYLINDRICAL_SURFACE('',#2886,1.725);
#2886 = AXIS2_PLACEMENT_3D('',#2887,#2888,#2889);
#2887 = CARTESIAN_POINT('',(215.134137,-129.846632,-4.5E-02));
#2888 = DIRECTION('',(-0.,-0.,-1.));
#2889 = DIRECTION('',(-0.,-1.,0.));
#2890 = ADVANCED_FACE('',(#2891),#2902,.F.);
#2891 = FACE_BOUND('',#2892,.T.);
#2892 = EDGE_LOOP('',(#2893,#2894,#2900,#2901));
#2893 = ORIENTED_EDGE('',*,*,#262,.T.);
#2894 = ORIENTED_EDGE('',*,*,#2895,.T.);
#2895 = EDGE_CURVE('',#263,#1523,#2896,.T.);
#2896 = LINE('',#2897,#2898);
#2897 = CARTESIAN_POINT('',(209.965828,-128.915521,-4.5E-02));
#2898 = VECTOR('',#2899,1.);
#2899 = DIRECTION('',(0.,0.,1.));
#2900 = ORIENTED_EDGE('',*,*,#1522,.F.);
#2901 = ORIENTED_EDGE('',*,*,#2895,.F.);
#2902 = CYLINDRICAL_SURFACE('',#2903,0.95);
#2903 = AXIS2_PLACEMENT_3D('',#2904,#2905,#2906);
#2904 = CARTESIAN_POINT('',(209.965828,-127.965521,-4.5E-02));
#2905 = DIRECTION('',(-0.,-0.,-1.));
#2906 = DIRECTION('',(-0.,-1.,0.));
#2907 = ADVANCED_FACE('',(#2908),#2919,.F.);
#2908 = FACE_BOUND('',#2909,.T.);
#2909 = EDGE_LOOP('',(#2910,#2911,#2917,#2918));
#2910 = ORIENTED_EDGE('',*,*,#273,.T.);
#2911 = ORIENTED_EDGE('',*,*,#2912,.T.);
#2912 = EDGE_CURVE('',#274,#1534,#2913,.T.);
#2913 = LINE('',#2914,#2915);
#2914 = CARTESIAN_POINT('',(217.152056,-124.902445,-4.5E-02));
#2915 = VECTOR('',#2916,1.);
#2916 = DIRECTION('',(0.,0.,1.));
#2917 = ORIENTED_EDGE('',*,*,#1533,.F.);
#2918 = ORIENTED_EDGE('',*,*,#2912,.F.);
#2919 = CYLINDRICAL_SURFACE('',#2920,0.6);
#2920 = AXIS2_PLACEMENT_3D('',#2921,#2922,#2923);
#2921 = CARTESIAN_POINT('',(217.152056,-124.302445,-4.5E-02));
#2922 = DIRECTION('',(-0.,-0.,-1.));
#2923 = DIRECTION('',(-4.736951571734E-14,-1.,0.));
#2924 = ADVANCED_FACE('',(#2925),#2936,.F.);
#2925 = FACE_BOUND('',#2926,.T.);
#2926 = EDGE_LOOP('',(#2927,#2928,#2934,#2935));
#2927 = ORIENTED_EDGE('',*,*,#284,.T.);
#2928 = ORIENTED_EDGE('',*,*,#2929,.T.);
#2929 = EDGE_CURVE('',#285,#1545,#2930,.T.);
#2930 = LINE('',#2931,#2932);
#2931 = CARTESIAN_POINT('',(211.735349,-125.1657,-4.5E-02));
#2932 = VECTOR('',#2933,1.);
#2933 = DIRECTION('',(0.,0.,1.));
#2934 = ORIENTED_EDGE('',*,*,#1544,.F.);
#2935 = ORIENTED_EDGE('',*,*,#2929,.F.);
#2936 = CYLINDRICAL_SURFACE('',#2937,0.6);
#2937 = AXIS2_PLACEMENT_3D('',#2938,#2939,#2940);
#2938 = CARTESIAN_POINT('',(211.735349,-124.5657,-4.5E-02));
#2939 = DIRECTION('',(-0.,0.,-1.));
#2940 = DIRECTION('',(4.736951571734E-14,-1.,-0.));
#2941 = ADVANCED_FACE('',(#2942),#2953,.F.);
#2942 = FACE_BOUND('',#2943,.T.);
#2943 = EDGE_LOOP('',(#2944,#2945,#2951,#2952));
#2944 = ORIENTED_EDGE('',*,*,#295,.T.);
#2945 = ORIENTED_EDGE('',*,*,#2946,.T.);
#2946 = EDGE_CURVE('',#296,#1556,#2947,.T.);
#2947 = LINE('',#2948,#2949);
#2948 = CARTESIAN_POINT('',(200.642678,-126.405066,-4.5E-02));
#2949 = VECTOR('',#2950,1.);
#2950 = DIRECTION('',(0.,0.,1.));
#2951 = ORIENTED_EDGE('',*,*,#1555,.F.);
#2952 = ORIENTED_EDGE('',*,*,#2946,.F.);
#2953 = CYLINDRICAL_SURFACE('',#2954,0.95);
#2954 = AXIS2_PLACEMENT_3D('',#2955,#2956,#2957);
#2955 = CARTESIAN_POINT('',(200.642678,-125.455066,-4.5E-02));
#2956 = DIRECTION('',(-0.,-0.,-1.));
#2957 = DIRECTION('',(-0.,-1.,0.));
#2958 = ADVANCED_FACE('',(#2959),#2970,.F.);
#2959 = FACE_BOUND('',#2960,.T.);
#2960 = EDGE_LOOP('',(#2961,#2962,#2968,#2969));
#2961 = ORIENTED_EDGE('',*,*,#306,.T.);
#2962 = ORIENTED_EDGE('',*,*,#2963,.T.);
#2963 = EDGE_CURVE('',#307,#1567,#2964,.T.);
#2964 = LINE('',#2965,#2966);
#2965 = CARTESIAN_POINT('',(195.226235,-126.225,-4.5E-02));
#2966 = VECTOR('',#2967,1.);
#2967 = DIRECTION('',(0.,0.,1.));
#2968 = ORIENTED_EDGE('',*,*,#1566,.F.);
#2969 = ORIENTED_EDGE('',*,*,#2963,.F.);
#2970 = CYLINDRICAL_SURFACE('',#2971,1.725);
#2971 = AXIS2_PLACEMENT_3D('',#2972,#2973,#2974);
#2972 = CARTESIAN_POINT('',(195.226235,-124.5,-4.5E-02));
#2973 = DIRECTION('',(-0.,-0.,-1.));
#2974 = DIRECTION('',(-0.,-1.,0.));
#2975 = ADVANCED_FACE('',(#2976),#2987,.F.);
#2976 = FACE_BOUND('',#2977,.T.);
#2977 = EDGE_LOOP('',(#2978,#2979,#2985,#2986));
#2978 = ORIENTED_EDGE('',*,*,#317,.T.);
#2979 = ORIENTED_EDGE('',*,*,#2980,.T.);
#2980 = EDGE_CURVE('',#318,#1578,#2981,.T.);
#2981 = LINE('',#2982,#2983);
#2982 = CARTESIAN_POINT('',(189.809792,-124.494934,-4.5E-02));
#2983 = VECTOR('',#2984,1.);
#2984 = DIRECTION('',(0.,0.,1.));
#2985 = ORIENTED_EDGE('',*,*,#1577,.F.);
#2986 = ORIENTED_EDGE('',*,*,#2980,.F.);
#2987 = CYLINDRICAL_SURFACE('',#2988,0.95);
#2988 = AXIS2_PLACEMENT_3D('',#2989,#2990,#2991);
#2989 = CARTESIAN_POINT('',(189.809792,-123.544934,-4.5E-02));
#2990 = DIRECTION('',(-0.,-0.,-1.));
#2991 = DIRECTION('',(-2.991758887411E-14,-1.,0.));
#2992 = ADVANCED_FACE('',(#2993),#3004,.F.);
#2993 = FACE_BOUND('',#2994,.T.);
#2994 = EDGE_LOOP('',(#2995,#2996,#3002,#3003));
#2995 = ORIENTED_EDGE('',*,*,#328,.T.);
#2996 = ORIENTED_EDGE('',*,*,#2997,.T.);
#2997 = EDGE_CURVE('',#329,#1589,#2998,.T.);
#2998 = LINE('',#2999,#3000);
#2999 = CARTESIAN_POINT('',(196.250759,-119.289634,-4.5E-02));
#3000 = VECTOR('',#3001,1.);
#3001 = DIRECTION('',(0.,0.,1.));
#3002 = ORIENTED_EDGE('',*,*,#1588,.F.);
#3003 = ORIENTED_EDGE('',*,*,#2997,.F.);
#3004 = CYLINDRICAL_SURFACE('',#3005,0.6);
#3005 = AXIS2_PLACEMENT_3D('',#3006,#3007,#3008);
#3006 = CARTESIAN_POINT('',(196.250759,-118.689634,-4.5E-02));
#3007 = DIRECTION('',(-0.,-0.,-1.));
#3008 = DIRECTION('',(-4.736951571734E-14,-1.,0.));
#3009 = ADVANCED_FACE('',(#3010),#3021,.F.);
#3010 = FACE_BOUND('',#3011,.T.);
#3011 = EDGE_LOOP('',(#3012,#3013,#3019,#3020));
#3012 = ORIENTED_EDGE('',*,*,#339,.T.);
#3013 = ORIENTED_EDGE('',*,*,#3014,.T.);
#3014 = EDGE_CURVE('',#340,#1600,#3015,.T.);
#3015 = LINE('',#3016,#3017);
#3016 = CARTESIAN_POINT('',(190.96206,-120.489491,-4.5E-02));
#3017 = VECTOR('',#3018,1.);
#3018 = DIRECTION('',(0.,0.,1.));
#3019 = ORIENTED_EDGE('',*,*,#1599,.F.);
#3020 = ORIENTED_EDGE('',*,*,#3014,.F.);
#3021 = CYLINDRICAL_SURFACE('',#3022,0.6);
#3022 = AXIS2_PLACEMENT_3D('',#3023,#3024,#3025);
#3023 = CARTESIAN_POINT('',(190.96206,-119.889491,-4.5E-02));
#3024 = DIRECTION('',(-0.,-0.,-1.));
#3025 = DIRECTION('',(-0.,-1.,0.));
#3026 = ADVANCED_FACE('',(#3027),#3038,.F.);
#3027 = FACE_BOUND('',#3028,.T.);
#3028 = EDGE_LOOP('',(#3029,#3030,#3036,#3037));
#3029 = ORIENTED_EDGE('',*,*,#350,.T.);
#3030 = ORIENTED_EDGE('',*,*,#3031,.T.);
#3031 = EDGE_CURVE('',#351,#1611,#3032,.T.);
#3032 = LINE('',#3033,#3034);
#3033 = CARTESIAN_POINT('',(180.256559,-124.230887,-4.5E-02));
#3034 = VECTOR('',#3035,1.);
#3035 = DIRECTION('',(0.,0.,1.));
#3036 = ORIENTED_EDGE('',*,*,#1610,.F.);
#3037 = ORIENTED_EDGE('',*,*,#3031,.F.);
#3038 = CYLINDRICAL_SURFACE('',#3039,0.95);
#3039 = AXIS2_PLACEMENT_3D('',#3040,#3041,#3042);
#3040 = CARTESIAN_POINT('',(180.256559,-123.280887,-4.5E-02));
#3041 = DIRECTION('',(-0.,0.,-1.));
#3042 = DIRECTION('',(2.991758887411E-14,-1.,-0.));
#3043 = ADVANCED_FACE('',(#3044),#3055,.F.);
#3044 = FACE_BOUND('',#3045,.T.);
#3045 = EDGE_LOOP('',(#3046,#3047,#3053,#3054));
#3046 = ORIENTED_EDGE('',*,*,#361,.T.);
#3047 = ORIENTED_EDGE('',*,*,#3048,.T.);
#3048 = EDGE_CURVE('',#362,#1622,#3049,.T.);
#3049 = LINE('',#3050,#3051);
#3050 = CARTESIAN_POINT('',(174.756559,-125.005887,-4.5E-02));
#3051 = VECTOR('',#3052,1.);
#3052 = DIRECTION('',(0.,0.,1.));
#3053 = ORIENTED_EDGE('',*,*,#1621,.F.);
#3054 = ORIENTED_EDGE('',*,*,#3048,.F.);
#3055 = CYLINDRICAL_SURFACE('',#3056,1.725);
#3056 = AXIS2_PLACEMENT_3D('',#3057,#3058,#3059);
#3057 = CARTESIAN_POINT('',(174.756559,-123.280887,-4.5E-02));
#3058 = DIRECTION('',(-0.,0.,-1.));
#3059 = DIRECTION('',(1.647635329299E-14,-1.,-0.));
#3060 = ADVANCED_FACE('',(#3061),#3072,.F.);
#3061 = FACE_BOUND('',#3062,.T.);
#3062 = EDGE_LOOP('',(#3063,#3064,#3070,#3071));
#3063 = ORIENTED_EDGE('',*,*,#372,.T.);
#3064 = ORIENTED_EDGE('',*,*,#3065,.T.);
#3065 = EDGE_CURVE('',#373,#1633,#3066,.T.);
#3066 = LINE('',#3067,#3068);
#3067 = CARTESIAN_POINT('',(169.256559,-124.230887,-4.5E-02));
#3068 = VECTOR('',#3069,1.);
#3069 = DIRECTION('',(0.,0.,1.));
#3070 = ORIENTED_EDGE('',*,*,#1632,.F.);
#3071 = ORIENTED_EDGE('',*,*,#3065,.F.);
#3072 = CYLINDRICAL_SURFACE('',#3073,0.95);
#3073 = AXIS2_PLACEMENT_3D('',#3074,#3075,#3076);
#3074 = CARTESIAN_POINT('',(169.256559,-123.280887,-4.5E-02));
#3075 = DIRECTION('',(-0.,0.,-1.));
#3076 = DIRECTION('',(2.991758887411E-14,-1.,-0.));
#3077 = ADVANCED_FACE('',(#3078),#3089,.F.);
#3078 = FACE_BOUND('',#3079,.T.);
#3079 = EDGE_LOOP('',(#3080,#3081,#3087,#3088));
#3080 = ORIENTED_EDGE('',*,*,#383,.T.);
#3081 = ORIENTED_EDGE('',*,*,#3082,.T.);
#3082 = EDGE_CURVE('',#384,#1644,#3083,.T.);
#3083 = LINE('',#3084,#3085);
#3084 = CARTESIAN_POINT('',(174.756559,-117.980887,-4.5E-02));
#3085 = VECTOR('',#3086,1.);
#3086 = DIRECTION('',(0.,0.,1.));
#3087 = ORIENTED_EDGE('',*,*,#1643,.F.);
#3088 = ORIENTED_EDGE('',*,*,#3082,.F.);
#3089 = CYLINDRICAL_SURFACE('',#3090,0.6);
#3090 = AXIS2_PLACEMENT_3D('',#3091,#3092,#3093);
#3091 = CARTESIAN_POINT('',(174.756559,-117.380887,-4.5E-02));
#3092 = DIRECTION('',(-0.,0.,-1.));
#3093 = DIRECTION('',(4.736951571734E-14,-1.,-0.));
#3094 = ADVANCED_FACE('',(#3095),#3106,.F.);
#3095 = FACE_BOUND('',#3096,.T.);
#3096 = EDGE_LOOP('',(#3097,#3098,#3104,#3105));
#3097 = ORIENTED_EDGE('',*,*,#394,.T.);
#3098 = ORIENTED_EDGE('',*,*,#3099,.T.);
#3099 = EDGE_CURVE('',#395,#1655,#3100,.T.);
#3100 = LINE('',#3101,#3102);
#3101 = CARTESIAN_POINT('',(169.756559,-120.080887,-4.5E-02));
#3102 = VECTOR('',#3103,1.);
#3103 = DIRECTION('',(0.,0.,1.));
#3104 = ORIENTED_EDGE('',*,*,#1654,.F.);
#3105 = ORIENTED_EDGE('',*,*,#3099,.F.);
#3106 = CYLINDRICAL_SURFACE('',#3107,0.6);
#3107 = AXIS2_PLACEMENT_3D('',#3108,#3109,#3110);
#3108 = CARTESIAN_POINT('',(169.756559,-119.480887,-4.5E-02));
#3109 = DIRECTION('',(-0.,0.,-1.));
#3110 = DIRECTION('',(4.736951571734E-14,-1.,-0.));
#3111 = ADVANCED_FACE('',(#3112),#3123,.F.);
#3112 = FACE_BOUND('',#3113,.T.);
#3113 = EDGE_LOOP('',(#3114,#3115,#3121,#3122));
#3114 = ORIENTED_EDGE('',*,*,#405,.T.);
#3115 = ORIENTED_EDGE('',*,*,#3116,.T.);
#3116 = EDGE_CURVE('',#406,#1666,#3117,.T.);
#3117 = LINE('',#3118,#3119);
#3118 = CARTESIAN_POINT('',(198.487651,-104.377479,-4.5E-02));
#3119 = VECTOR('',#3120,1.);
#3120 = DIRECTION('',(0.,0.,1.));
#3121 = ORIENTED_EDGE('',*,*,#1665,.F.);
#3122 = ORIENTED_EDGE('',*,*,#3116,.F.);
#3123 = CYLINDRICAL_SURFACE('',#3124,0.95);
#3124 = AXIS2_PLACEMENT_3D('',#3125,#3126,#3127);
#3125 = CARTESIAN_POINT('',(198.487651,-103.427479,-4.5E-02));
#3126 = DIRECTION('',(-0.,-0.,-1.));
#3127 = DIRECTION('',(-0.,-1.,0.));
#3128 = ADVANCED_FACE('',(#3129),#3140,.F.);
#3129 = FACE_BOUND('',#3130,.T.);
#3130 = EDGE_LOOP('',(#3131,#3132,#3138,#3139));
#3131 = ORIENTED_EDGE('',*,*,#416,.T.);
#3132 = ORIENTED_EDGE('',*,*,#3133,.T.);
#3133 = EDGE_CURVE('',#417,#1677,#3134,.T.);
#3134 = LINE('',#3135,#3136);
#3135 = CARTESIAN_POINT('',(192.987651,-105.152479,-4.5E-02));
#3136 = VECTOR('',#3137,1.);
#3137 = DIRECTION('',(0.,0.,1.));
#3138 = ORIENTED_EDGE('',*,*,#1676,.F.);
#3139 = ORIENTED_EDGE('',*,*,#3133,.F.);
#3140 = CYLINDRICAL_SURFACE('',#3141,1.725);
#3141 = AXIS2_PLACEMENT_3D('',#3142,#3143,#3144);
#3142 = CARTESIAN_POINT('',(192.987651,-103.427479,-4.5E-02));
#3143 = DIRECTION('',(-0.,-0.,-1.));
#3144 = DIRECTION('',(-0.,-1.,0.));
#3145 = ADVANCED_FACE('',(#3146),#3157,.F.);
#3146 = FACE_BOUND('',#3147,.T.);
#3147 = EDGE_LOOP('',(#3148,#3149,#3155,#3156));
#3148 = ORIENTED_EDGE('',*,*,#427,.T.);
#3149 = ORIENTED_EDGE('',*,*,#3150,.T.);
#3150 = EDGE_CURVE('',#428,#1688,#3151,.T.);
#3151 = LINE('',#3152,#3153);
#3152 = CARTESIAN_POINT('',(192.987651,-98.127479,-4.5E-02));
#3153 = VECTOR('',#3154,1.);
#3154 = DIRECTION('',(0.,0.,1.));
#3155 = ORIENTED_EDGE('',*,*,#1687,.F.);
#3156 = ORIENTED_EDGE('',*,*,#3150,.F.);
#3157 = CYLINDRICAL_SURFACE('',#3158,0.6);
#3158 = AXIS2_PLACEMENT_3D('',#3159,#3160,#3161);
#3159 = CARTESIAN_POINT('',(192.987651,-97.527479,-4.5E-02));
#3160 = DIRECTION('',(-0.,-0.,-1.));
#3161 = DIRECTION('',(-0.,-1.,0.));
#3162 = ADVANCED_FACE('',(#3163),#3174,.F.);
#3163 = FACE_BOUND('',#3164,.T.);
#3164 = EDGE_LOOP('',(#3165,#3166,#3172,#3173));
#3165 = ORIENTED_EDGE('',*,*,#438,.T.);
#3166 = ORIENTED_EDGE('',*,*,#3167,.T.);
#3167 = EDGE_CURVE('',#439,#1699,#3168,.T.);
#3168 = LINE('',#3169,#3170);
#3169 = CARTESIAN_POINT('',(187.487651,-104.377479,-4.5E-02));
#3170 = VECTOR('',#3171,1.);
#3171 = DIRECTION('',(0.,0.,1.));
#3172 = ORIENTED_EDGE('',*,*,#1698,.F.);
#3173 = ORIENTED_EDGE('',*,*,#3167,.F.);
#3174 = CYLINDRICAL_SURFACE('',#3175,0.95);
#3175 = AXIS2_PLACEMENT_3D('',#3176,#3177,#3178);
#3176 = CARTESIAN_POINT('',(187.487651,-103.427479,-4.5E-02));
#3177 = DIRECTION('',(-0.,-0.,-1.));
#3178 = DIRECTION('',(-0.,-1.,0.));
#3179 = ADVANCED_FACE('',(#3180),#3191,.F.);
#3180 = FACE_BOUND('',#3181,.T.);
#3181 = EDGE_LOOP('',(#3182,#3183,#3189,#3190));
#3182 = ORIENTED_EDGE('',*,*,#449,.T.);
#3183 = ORIENTED_EDGE('',*,*,#3184,.T.);
#3184 = EDGE_CURVE('',#450,#1710,#3185,.T.);
#3185 = LINE('',#3186,#3187);
#3186 = CARTESIAN_POINT('',(187.987651,-100.227479,-4.5E-02));
#3187 = VECTOR('',#3188,1.);
#3188 = DIRECTION('',(0.,0.,1.));
#3189 = ORIENTED_EDGE('',*,*,#1709,.F.);
#3190 = ORIENTED_EDGE('',*,*,#3184,.F.);
#3191 = CYLINDRICAL_SURFACE('',#3192,0.6);
#3192 = AXIS2_PLACEMENT_3D('',#3193,#3194,#3195);
#3193 = CARTESIAN_POINT('',(187.987651,-99.627479,-4.5E-02));
#3194 = DIRECTION('',(-0.,-0.,-1.));
#3195 = DIRECTION('',(-0.,-1.,0.));
#3196 = ADVANCED_FACE('',(#3197),#3208,.F.);
#3197 = FACE_BOUND('',#3198,.T.);
#3198 = EDGE_LOOP('',(#3199,#3200,#3206,#3207));
#3199 = ORIENTED_EDGE('',*,*,#460,.T.);
#3200 = ORIENTED_EDGE('',*,*,#3201,.T.);
#3201 = EDGE_CURVE('',#461,#1721,#3202,.T.);
#3202 = LINE('',#3203,#3204);
#3203 = CARTESIAN_POINT('',(179.467022,-101.840696,-4.5E-02));
#3204 = VECTOR('',#3205,1.);
#3205 = DIRECTION('',(0.,0.,1.));
#3206 = ORIENTED_EDGE('',*,*,#1720,.F.);
#3207 = ORIENTED_EDGE('',*,*,#3201,.F.);
#3208 = CYLINDRICAL_SURFACE('',#3209,0.95);
#3209 = AXIS2_PLACEMENT_3D('',#3210,#3211,#3212);
#3210 = CARTESIAN_POINT('',(179.467022,-100.890696,-4.5E-02));
#3211 = DIRECTION('',(-0.,-0.,-1.));
#3212 = DIRECTION('',(-0.,-1.,0.));
#3213 = ADVANCED_FACE('',(#3214),#3225,.F.);
#3214 = FACE_BOUND('',#3215,.T.);
#3215 = EDGE_LOOP('',(#3216,#3217,#3223,#3224));
#3216 = ORIENTED_EDGE('',*,*,#471,.T.);
#3217 = ORIENTED_EDGE('',*,*,#3218,.T.);
#3218 = EDGE_CURVE('',#472,#1732,#3219,.T.);
#3219 = LINE('',#3220,#3221);
#3220 = CARTESIAN_POINT('',(173.967022,-102.615696,-4.5E-02));
#3221 = VECTOR('',#3222,1.);
#3222 = DIRECTION('',(0.,0.,1.));
#3223 = ORIENTED_EDGE('',*,*,#1731,.F.);
#3224 = ORIENTED_EDGE('',*,*,#3218,.F.);
#3225 = CYLINDRICAL_SURFACE('',#3226,1.725);
#3226 = AXIS2_PLACEMENT_3D('',#3227,#3228,#3229);
#3227 = CARTESIAN_POINT('',(173.967022,-100.890696,-4.5E-02));
#3228 = DIRECTION('',(-0.,-0.,-1.));
#3229 = DIRECTION('',(-0.,-1.,0.));
#3230 = ADVANCED_FACE('',(#3231),#3242,.F.);
#3231 = FACE_BOUND('',#3232,.T.);
#3232 = EDGE_LOOP('',(#3233,#3234,#3240,#3241));
#3233 = ORIENTED_EDGE('',*,*,#482,.T.);
#3234 = ORIENTED_EDGE('',*,*,#3235,.T.);
#3235 = EDGE_CURVE('',#483,#1743,#3236,.T.);
#3236 = LINE('',#3237,#3238);
#3237 = CARTESIAN_POINT('',(173.967022,-95.590696,-4.5E-02));
#3238 = VECTOR('',#3239,1.);
#3239 = DIRECTION('',(0.,0.,1.));
#3240 = ORIENTED_EDGE('',*,*,#1742,.F.);
#3241 = ORIENTED_EDGE('',*,*,#3235,.F.);
#3242 = CYLINDRICAL_SURFACE('',#3243,0.6);
#3243 = AXIS2_PLACEMENT_3D('',#3244,#3245,#3246);
#3244 = CARTESIAN_POINT('',(173.967022,-94.990696,-4.5E-02));
#3245 = DIRECTION('',(-0.,-0.,-1.));
#3246 = DIRECTION('',(-0.,-1.,0.));
#3247 = ADVANCED_FACE('',(#3248),#3259,.F.);
#3248 = FACE_BOUND('',#3249,.T.);
#3249 = EDGE_LOOP('',(#3250,#3251,#3257,#3258));
#3250 = ORIENTED_EDGE('',*,*,#493,.T.);
#3251 = ORIENTED_EDGE('',*,*,#3252,.T.);
#3252 = EDGE_CURVE('',#494,#1754,#3253,.T.);
#3253 = LINE('',#3254,#3255);
#3254 = CARTESIAN_POINT('',(168.467022,-101.840696,-4.5E-02));
#3255 = VECTOR('',#3256,1.);
#3256 = DIRECTION('',(0.,0.,1.));
#3257 = ORIENTED_EDGE('',*,*,#1753,.F.);
#3258 = ORIENTED_EDGE('',*,*,#3252,.F.);
#3259 = CYLINDRICAL_SURFACE('',#3260,0.95);
#3260 = AXIS2_PLACEMENT_3D('',#3261,#3262,#3263);
#3261 = CARTESIAN_POINT('',(168.467022,-100.890696,-4.5E-02));
#3262 = DIRECTION('',(-0.,-0.,-1.));
#3263 = DIRECTION('',(-0.,-1.,0.));
#3264 = ADVANCED_FACE('',(#3265),#3276,.F.);
#3265 = FACE_BOUND('',#3266,.T.);
#3266 = EDGE_LOOP('',(#3267,#3268,#3274,#3275));
#3267 = ORIENTED_EDGE('',*,*,#504,.T.);
#3268 = ORIENTED_EDGE('',*,*,#3269,.T.);
#3269 = EDGE_CURVE('',#505,#1765,#3270,.T.);
#3270 = LINE('',#3271,#3272);
#3271 = CARTESIAN_POINT('',(168.967022,-97.690696,-4.5E-02));
#3272 = VECTOR('',#3273,1.);
#3273 = DIRECTION('',(0.,0.,1.));
#3274 = ORIENTED_EDGE('',*,*,#1764,.F.);
#3275 = ORIENTED_EDGE('',*,*,#3269,.F.);
#3276 = CYLINDRICAL_SURFACE('',#3277,0.6);
#3277 = AXIS2_PLACEMENT_3D('',#3278,#3279,#3280);
#3278 = CARTESIAN_POINT('',(168.967022,-97.090696,-4.5E-02));
#3279 = DIRECTION('',(-0.,-0.,-1.));
#3280 = DIRECTION('',(-0.,-1.,0.));
#3281 = ADVANCED_FACE('',(#3282),#3293,.F.);
#3282 = FACE_BOUND('',#3283,.T.);
#3283 = EDGE_LOOP('',(#3284,#3285,#3291,#3292));
#3284 = ORIENTED_EDGE('',*,*,#515,.T.);
#3285 = ORIENTED_EDGE('',*,*,#3286,.T.);
#3286 = EDGE_CURVE('',#516,#1776,#3287,.T.);
#3287 = LINE('',#3288,#3289);
#3288 = CARTESIAN_POINT('',(160.32399,-96.805586,-4.5E-02));
#3289 = VECTOR('',#3290,1.);
#3290 = DIRECTION('',(0.,0.,1.));
#3291 = ORIENTED_EDGE('',*,*,#1775,.F.);
#3292 = ORIENTED_EDGE('',*,*,#3286,.F.);
#3293 = CYLINDRICAL_SURFACE('',#3294,0.95);
#3294 = AXIS2_PLACEMENT_3D('',#3295,#3296,#3297);
#3295 = CARTESIAN_POINT('',(160.32399,-95.855586,-4.5E-02));
#3296 = DIRECTION('',(-0.,0.,-1.));
#3297 = DIRECTION('',(2.991758887411E-14,-1.,-0.));
#3298 = ADVANCED_FACE('',(#3299),#3310,.F.);
#3299 = FACE_BOUND('',#3300,.T.);
#3300 = EDGE_LOOP('',(#3301,#3302,#3308,#3309));
#3301 = ORIENTED_EDGE('',*,*,#526,.T.);
#3302 = ORIENTED_EDGE('',*,*,#3303,.T.);
#3303 = EDGE_CURVE('',#527,#1787,#3304,.T.);
#3304 = LINE('',#3305,#3306);
#3305 = CARTESIAN_POINT('',(122.5,-114.45,-4.5E-02));
#3306 = VECTOR('',#3307,1.);
#3307 = DIRECTION('',(0.,0.,1.));
#3308 = ORIENTED_EDGE('',*,*,#1786,.F.);
#3309 = ORIENTED_EDGE('',*,*,#3303,.F.);
#3310 = CYLINDRICAL_SURFACE('',#3311,0.95);
#3311 = AXIS2_PLACEMENT_3D('',#3312,#3313,#3314);
#3312 = CARTESIAN_POINT('',(122.5,-113.5,-4.5E-02));
#3313 = DIRECTION('',(-0.,-0.,-1.));
#3314 = DIRECTION('',(-0.,-1.,0.));
#3315 = ADVANCED_FACE('',(#3316),#3327,.F.);
#3316 = FACE_BOUND('',#3317,.T.);
#3317 = EDGE_LOOP('',(#3318,#3319,#3325,#3326));
#3318 = ORIENTED_EDGE('',*,*,#537,.T.);
#3319 = ORIENTED_EDGE('',*,*,#3320,.T.);
#3320 = EDGE_CURVE('',#538,#1798,#3321,.T.);
#3321 = LINE('',#3322,#3323);
#3322 = CARTESIAN_POINT('',(117.,-115.225,-4.5E-02));
#3323 = VECTOR('',#3324,1.);
#3324 = DIRECTION('',(0.,0.,1.));
#3325 = ORIENTED_EDGE('',*,*,#1797,.F.);
#3326 = ORIENTED_EDGE('',*,*,#3320,.F.);
#3327 = CYLINDRICAL_SURFACE('',#3328,1.725);
#3328 = AXIS2_PLACEMENT_3D('',#3329,#3330,#3331);
#3329 = CARTESIAN_POINT('',(117.,-113.5,-4.5E-02));
#3330 = DIRECTION('',(-0.,-0.,-1.));
#3331 = DIRECTION('',(-0.,-1.,0.));
#3332 = ADVANCED_FACE('',(#3333),#3344,.F.);
#3333 = FACE_BOUND('',#3334,.T.);
#3334 = EDGE_LOOP('',(#3335,#3336,#3342,#3343));
#3335 = ORIENTED_EDGE('',*,*,#548,.T.);
#3336 = ORIENTED_EDGE('',*,*,#3337,.T.);
#3337 = EDGE_CURVE('',#549,#1809,#3338,.T.);
#3338 = LINE('',#3339,#3340);
#3339 = CARTESIAN_POINT('',(111.5,-114.45,-4.5E-02));
#3340 = VECTOR('',#3341,1.);
#3341 = DIRECTION('',(0.,0.,1.));
#3342 = ORIENTED_EDGE('',*,*,#1808,.F.);
#3343 = ORIENTED_EDGE('',*,*,#3337,.F.);
#3344 = CYLINDRICAL_SURFACE('',#3345,0.95);
#3345 = AXIS2_PLACEMENT_3D('',#3346,#3347,#3348);
#3346 = CARTESIAN_POINT('',(111.5,-113.5,-4.5E-02));
#3347 = DIRECTION('',(-0.,-0.,-1.));
#3348 = DIRECTION('',(-0.,-1.,0.));
#3349 = ADVANCED_FACE('',(#3350),#3361,.F.);
#3350 = FACE_BOUND('',#3351,.T.);
#3351 = EDGE_LOOP('',(#3352,#3353,#3359,#3360));
#3352 = ORIENTED_EDGE('',*,*,#559,.T.);
#3353 = ORIENTED_EDGE('',*,*,#3354,.T.);
#3354 = EDGE_CURVE('',#560,#1820,#3355,.T.);
#3355 = LINE('',#3356,#3357);
#3356 = CARTESIAN_POINT('',(103.5,-118.95,-4.5E-02));
#3357 = VECTOR('',#3358,1.);
#3358 = DIRECTION('',(0.,0.,1.));
#3359 = ORIENTED_EDGE('',*,*,#1819,.F.);
#3360 = ORIENTED_EDGE('',*,*,#3354,.F.);
#3361 = CYLINDRICAL_SURFACE('',#3362,0.95);
#3362 = AXIS2_PLACEMENT_3D('',#3363,#3364,#3365);
#3363 = CARTESIAN_POINT('',(103.5,-118.,-4.5E-02));
#3364 = DIRECTION('',(-0.,-0.,-1.));
#3365 = DIRECTION('',(-0.,-1.,0.));
#3366 = ADVANCED_FACE('',(#3367),#3378,.F.);
#3367 = FACE_BOUND('',#3368,.T.);
#3368 = EDGE_LOOP('',(#3369,#3370,#3376,#3377));
#3369 = ORIENTED_EDGE('',*,*,#570,.T.);
#3370 = ORIENTED_EDGE('',*,*,#3371,.T.);
#3371 = EDGE_CURVE('',#571,#1831,#3372,.T.);
#3372 = LINE('',#3373,#3374);
#3373 = CARTESIAN_POINT('',(98.,-119.725,-4.5E-02));
#3374 = VECTOR('',#3375,1.);
#3375 = DIRECTION('',(0.,0.,1.));
#3376 = ORIENTED_EDGE('',*,*,#1830,.F.);
#3377 = ORIENTED_EDGE('',*,*,#3371,.F.);
#3378 = CYLINDRICAL_SURFACE('',#3379,1.725);
#3379 = AXIS2_PLACEMENT_3D('',#3380,#3381,#3382);
#3380 = CARTESIAN_POINT('',(98.,-118.,-4.5E-02));
#3381 = DIRECTION('',(-0.,-0.,-1.));
#3382 = DIRECTION('',(-0.,-1.,0.));
#3383 = ADVANCED_FACE('',(#3384),#3395,.F.);
#3384 = FACE_BOUND('',#3385,.T.);
#3385 = EDGE_LOOP('',(#3386,#3387,#3393,#3394));
#3386 = ORIENTED_EDGE('',*,*,#581,.T.);
#3387 = ORIENTED_EDGE('',*,*,#3388,.T.);
#3388 = EDGE_CURVE('',#582,#1842,#3389,.T.);
#3389 = LINE('',#3390,#3391);
#3390 = CARTESIAN_POINT('',(92.5,-118.95,-4.5E-02));
#3391 = VECTOR('',#3392,1.);
#3392 = DIRECTION('',(0.,0.,1.));
#3393 = ORIENTED_EDGE('',*,*,#1841,.F.);
#3394 = ORIENTED_EDGE('',*,*,#3388,.F.);
#3395 = CYLINDRICAL_SURFACE('',#3396,0.95);
#3396 = AXIS2_PLACEMENT_3D('',#3397,#3398,#3399);
#3397 = CARTESIAN_POINT('',(92.5,-118.,-4.5E-02));
#3398 = DIRECTION('',(-0.,-0.,-1.));
#3399 = DIRECTION('',(-0.,-1.,0.));
#3400 = ADVANCED_FACE('',(#3401),#3412,.F.);
#3401 = FACE_BOUND('',#3402,.T.);
#3402 = EDGE_LOOP('',(#3403,#3404,#3410,#3411));
#3403 = ORIENTED_EDGE('',*,*,#592,.T.);
#3404 = ORIENTED_EDGE('',*,*,#3405,.T.);
#3405 = EDGE_CURVE('',#593,#1853,#3406,.T.);
#3406 = LINE('',#3407,#3408);
#3407 = CARTESIAN_POINT('',(93.,-114.8,-4.5E-02));
#3408 = VECTOR('',#3409,1.);
#3409 = DIRECTION('',(0.,0.,1.));
#3410 = ORIENTED_EDGE('',*,*,#1852,.F.);
#3411 = ORIENTED_EDGE('',*,*,#3405,.F.);
#3412 = CYLINDRICAL_SURFACE('',#3413,0.6);
#3413 = AXIS2_PLACEMENT_3D('',#3414,#3415,#3416);
#3414 = CARTESIAN_POINT('',(93.,-114.2,-4.5E-02));
#3415 = DIRECTION('',(-0.,-0.,-1.));
#3416 = DIRECTION('',(-0.,-1.,0.));
#3417 = ADVANCED_FACE('',(#3418),#3429,.F.);
#3418 = FACE_BOUND('',#3419,.T.);
#3419 = EDGE_LOOP('',(#3420,#3421,#3427,#3428));
#3420 = ORIENTED_EDGE('',*,*,#603,.T.);
#3421 = ORIENTED_EDGE('',*,*,#3422,.T.);
#3422 = EDGE_CURVE('',#604,#1864,#3423,.T.);
#3423 = LINE('',#3424,#3425);
#3424 = CARTESIAN_POINT('',(141.363371,-101.808894,-4.5E-02));
#3425 = VECTOR('',#3426,1.);
#3426 = DIRECTION('',(0.,0.,1.));
#3427 = ORIENTED_EDGE('',*,*,#1863,.F.);
#3428 = ORIENTED_EDGE('',*,*,#3422,.F.);
#3429 = CYLINDRICAL_SURFACE('',#3430,0.95);
#3430 = AXIS2_PLACEMENT_3D('',#3431,#3432,#3433);
#3431 = CARTESIAN_POINT('',(141.363371,-100.858894,-4.5E-02));
#3432 = DIRECTION('',(-0.,-0.,-1.));
#3433 = DIRECTION('',(-0.,-1.,0.));
#3434 = ADVANCED_FACE('',(#3435),#3446,.F.);
#3435 = FACE_BOUND('',#3436,.T.);
#3436 = EDGE_LOOP('',(#3437,#3438,#3444,#3445));
#3437 = ORIENTED_EDGE('',*,*,#614,.T.);
#3438 = ORIENTED_EDGE('',*,*,#3439,.T.);
#3439 = EDGE_CURVE('',#615,#1875,#3440,.T.);
#3440 = LINE('',#3441,#3442);
#3441 = CARTESIAN_POINT('',(154.82399,-97.580586,-4.5E-02));
#3442 = VECTOR('',#3443,1.);
#3443 = DIRECTION('',(0.,0.,1.));
#3444 = ORIENTED_EDGE('',*,*,#1874,.F.);
#3445 = ORIENTED_EDGE('',*,*,#3439,.F.);
#3446 = CYLINDRICAL_SURFACE('',#3447,1.725);
#3447 = AXIS2_PLACEMENT_3D('',#3448,#3449,#3450);
#3448 = CARTESIAN_POINT('',(154.82399,-95.855586,-4.5E-02));
#3449 = DIRECTION('',(-0.,0.,-1.));
#3450 = DIRECTION('',(1.647635329299E-14,-1.,-0.));
#3451 = ADVANCED_FACE('',(#3452),#3463,.F.);
#3452 = FACE_BOUND('',#3453,.T.);
#3453 = EDGE_LOOP('',(#3454,#3455,#3461,#3462));
#3454 = ORIENTED_EDGE('',*,*,#625,.T.);
#3455 = ORIENTED_EDGE('',*,*,#3456,.T.);
#3456 = EDGE_CURVE('',#626,#1886,#3457,.T.);
#3457 = LINE('',#3458,#3459);
#3458 = CARTESIAN_POINT('',(149.32399,-96.805586,-4.5E-02));
#3459 = VECTOR('',#3460,1.);
#3460 = DIRECTION('',(0.,0.,1.));
#3461 = ORIENTED_EDGE('',*,*,#1885,.F.);
#3462 = ORIENTED_EDGE('',*,*,#3456,.F.);
#3463 = CYLINDRICAL_SURFACE('',#3464,0.95);
#3464 = AXIS2_PLACEMENT_3D('',#3465,#3466,#3467);
#3465 = CARTESIAN_POINT('',(149.32399,-95.855586,-4.5E-02));
#3466 = DIRECTION('',(-0.,0.,-1.));
#3467 = DIRECTION('',(2.991758887411E-14,-1.,-0.));
#3468 = ADVANCED_FACE('',(#3469),#3480,.F.);
#3469 = FACE_BOUND('',#3470,.T.);
#3470 = EDGE_LOOP('',(#3471,#3472,#3478,#3479));
#3471 = ORIENTED_EDGE('',*,*,#636,.T.);
#3472 = ORIENTED_EDGE('',*,*,#3473,.T.);
#3473 = EDGE_CURVE('',#637,#1897,#3474,.T.);
#3474 = LINE('',#3475,#3476);
#3475 = CARTESIAN_POINT('',(149.82399,-92.655586,-4.5E-02));
#3476 = VECTOR('',#3477,1.);
#3477 = DIRECTION('',(0.,0.,1.));
#3478 = ORIENTED_EDGE('',*,*,#1896,.F.);
#3479 = ORIENTED_EDGE('',*,*,#3473,.F.);
#3480 = CYLINDRICAL_SURFACE('',#3481,0.6);
#3481 = AXIS2_PLACEMENT_3D('',#3482,#3483,#3484);
#3482 = CARTESIAN_POINT('',(149.82399,-92.055586,-4.5E-02));
#3483 = DIRECTION('',(-0.,0.,-1.));
#3484 = DIRECTION('',(4.736951571734E-14,-1.,-0.));
#3485 = ADVANCED_FACE('',(#3486),#3497,.F.);
#3486 = FACE_BOUND('',#3487,.T.);
#3487 = EDGE_LOOP('',(#3488,#3489,#3495,#3496));
#3488 = ORIENTED_EDGE('',*,*,#647,.T.);
#3489 = ORIENTED_EDGE('',*,*,#3490,.T.);
#3490 = EDGE_CURVE('',#648,#1908,#3491,.T.);
#3491 = LINE('',#3492,#3493);
#3492 = CARTESIAN_POINT('',(135.863371,-102.583894,-4.5E-02));
#3493 = VECTOR('',#3494,1.);
#3494 = DIRECTION('',(0.,0.,1.));
#3495 = ORIENTED_EDGE('',*,*,#1907,.F.);
#3496 = ORIENTED_EDGE('',*,*,#3490,.F.);
#3497 = CYLINDRICAL_SURFACE('',#3498,1.725);
#3498 = AXIS2_PLACEMENT_3D('',#3499,#3500,#3501);
#3499 = CARTESIAN_POINT('',(135.863371,-100.858894,-4.5E-02));
#3500 = DIRECTION('',(-0.,-0.,-1.));
#3501 = DIRECTION('',(-0.,-1.,0.));
#3502 = ADVANCED_FACE('',(#3503),#3514,.F.);
#3503 = FACE_BOUND('',#3504,.T.);
#3504 = EDGE_LOOP('',(#3505,#3506,#3512,#3513));
#3505 = ORIENTED_EDGE('',*,*,#658,.T.);
#3506 = ORIENTED_EDGE('',*,*,#3507,.T.);
#3507 = EDGE_CURVE('',#659,#1919,#3508,.T.);
#3508 = LINE('',#3509,#3510);
#3509 = CARTESIAN_POINT('',(130.363371,-101.808894,-4.5E-02));
#3510 = VECTOR('',#3511,1.);
#3511 = DIRECTION('',(0.,0.,1.));
#3512 = ORIENTED_EDGE('',*,*,#1918,.F.);
#3513 = ORIENTED_EDGE('',*,*,#3507,.F.);
#3514 = CYLINDRICAL_SURFACE('',#3515,0.95);
#3515 = AXIS2_PLACEMENT_3D('',#3516,#3517,#3518);
#3516 = CARTESIAN_POINT('',(130.363371,-100.858894,-4.5E-02));
#3517 = DIRECTION('',(-0.,-0.,-1.));
#3518 = DIRECTION('',(-0.,-1.,0.));
#3519 = ADVANCED_FACE('',(#3520),#3531,.F.);
#3520 = FACE_BOUND('',#3521,.T.);
#3521 = EDGE_LOOP('',(#3522,#3523,#3529,#3530));
#3522 = ORIENTED_EDGE('',*,*,#669,.T.);
#3523 = ORIENTED_EDGE('',*,*,#3524,.T.);
#3524 = EDGE_CURVE('',#670,#1930,#3525,.T.);
#3525 = LINE('',#3526,#3527);
#3526 = CARTESIAN_POINT('',(135.863371,-95.558894,-4.5E-02));
#3527 = VECTOR('',#3528,1.);
#3528 = DIRECTION('',(0.,0.,1.));
#3529 = ORIENTED_EDGE('',*,*,#1929,.F.);
#3530 = ORIENTED_EDGE('',*,*,#3524,.F.);
#3531 = CYLINDRICAL_SURFACE('',#3532,0.6);
#3532 = AXIS2_PLACEMENT_3D('',#3533,#3534,#3535);
#3533 = CARTESIAN_POINT('',(135.863371,-94.958894,-4.5E-02));
#3534 = DIRECTION('',(-0.,-0.,-1.));
#3535 = DIRECTION('',(-0.,-1.,0.));
#3536 = ADVANCED_FACE('',(#3537),#3548,.F.);
#3537 = FACE_BOUND('',#3538,.T.);
#3538 = EDGE_LOOP('',(#3539,#3540,#3546,#3547));
#3539 = ORIENTED_EDGE('',*,*,#680,.T.);
#3540 = ORIENTED_EDGE('',*,*,#3541,.T.);
#3541 = EDGE_CURVE('',#681,#1941,#3542,.T.);
#3542 = LINE('',#3543,#3544);
#3543 = CARTESIAN_POINT('',(130.863371,-97.658894,-4.5E-02));
#3544 = VECTOR('',#3545,1.);
#3545 = DIRECTION('',(0.,0.,1.));
#3546 = ORIENTED_EDGE('',*,*,#1940,.F.);
#3547 = ORIENTED_EDGE('',*,*,#3541,.F.);
#3548 = CYLINDRICAL_SURFACE('',#3549,0.6);
#3549 = AXIS2_PLACEMENT_3D('',#3550,#3551,#3552);
#3550 = CARTESIAN_POINT('',(130.863371,-97.058894,-4.5E-02));
#3551 = DIRECTION('',(-0.,-0.,-1.));
#3552 = DIRECTION('',(-0.,-1.,0.));
#3553 = ADVANCED_FACE('',(#3554),#3565,.F.);
#3554 = FACE_BOUND('',#3555,.T.);
#3555 = EDGE_LOOP('',(#3556,#3557,#3563,#3564));
#3556 = ORIENTED_EDGE('',*,*,#691,.T.);
#3557 = ORIENTED_EDGE('',*,*,#3558,.T.);
#3558 = EDGE_CURVE('',#692,#1952,#3559,.T.);
#3559 = LINE('',#3560,#3561);
#3560 = CARTESIAN_POINT('',(117.,-108.2,-4.5E-02));
#3561 = VECTOR('',#3562,1.);
#3562 = DIRECTION('',(0.,0.,1.));
#3563 = ORIENTED_EDGE('',*,*,#1951,.F.);
#3564 = ORIENTED_EDGE('',*,*,#3558,.F.);
#3565 = CYLINDRICAL_SURFACE('',#3566,0.6);
#3566 = AXIS2_PLACEMENT_3D('',#3567,#3568,#3569);
#3567 = CARTESIAN_POINT('',(117.,-107.6,-4.5E-02));
#3568 = DIRECTION('',(-0.,-0.,-1.));
#3569 = DIRECTION('',(-0.,-1.,0.));
#3570 = ADVANCED_FACE('',(#3571),#3582,.F.);
#3571 = FACE_BOUND('',#3572,.T.);
#3572 = EDGE_LOOP('',(#3573,#3574,#3580,#3581));
#3573 = ORIENTED_EDGE('',*,*,#702,.T.);
#3574 = ORIENTED_EDGE('',*,*,#3575,.T.);
#3575 = EDGE_CURVE('',#703,#1963,#3576,.T.);
#3576 = LINE('',#3577,#3578);
#3577 = CARTESIAN_POINT('',(112.,-110.3,-4.5E-02));
#3578 = VECTOR('',#3579,1.);
#3579 = DIRECTION('',(0.,0.,1.));
#3580 = ORIENTED_EDGE('',*,*,#1962,.F.);
#3581 = ORIENTED_EDGE('',*,*,#3575,.F.);
#3582 = CYLINDRICAL_SURFACE('',#3583,0.6);
#3583 = AXIS2_PLACEMENT_3D('',#3584,#3585,#3586);
#3584 = CARTESIAN_POINT('',(112.,-109.7,-4.5E-02));
#3585 = DIRECTION('',(-0.,-0.,-1.));
#3586 = DIRECTION('',(-0.,-1.,0.));
#3587 = ADVANCED_FACE('',(#3588),#3599,.F.);
#3588 = FACE_BOUND('',#3589,.T.);
#3589 = EDGE_LOOP('',(#3590,#3591,#3597,#3598));
#3590 = ORIENTED_EDGE('',*,*,#713,.T.);
#3591 = ORIENTED_EDGE('',*,*,#3592,.T.);
#3592 = EDGE_CURVE('',#714,#1974,#3593,.T.);
#3593 = LINE('',#3594,#3595);
#3594 = CARTESIAN_POINT('',(98.,-112.7,-4.5E-02));
#3595 = VECTOR('',#3596,1.);
#3596 = DIRECTION('',(0.,0.,1.));
#3597 = ORIENTED_EDGE('',*,*,#1973,.F.);
#3598 = ORIENTED_EDGE('',*,*,#3592,.F.);
#3599 = CYLINDRICAL_SURFACE('',#3600,0.6);
#3600 = AXIS2_PLACEMENT_3D('',#3601,#3602,#3603);
#3601 = CARTESIAN_POINT('',(98.,-112.1,-4.5E-02));
#3602 = DIRECTION('',(-0.,-0.,-1.));
#3603 = DIRECTION('',(-0.,-1.,0.));
#3604 = ADVANCED_FACE('',(#3605),#3616,.F.);
#3605 = FACE_BOUND('',#3606,.T.);
#3606 = EDGE_LOOP('',(#3607,#3608,#3614,#3615));
#3607 = ORIENTED_EDGE('',*,*,#724,.T.);
#3608 = ORIENTED_EDGE('',*,*,#3609,.T.);
#3609 = EDGE_CURVE('',#725,#1985,#3610,.T.);
#3610 = LINE('',#3611,#3612);
#3611 = CARTESIAN_POINT('',(122.5,-95.45,-4.5E-02));
#3612 = VECTOR('',#3613,1.);
#3613 = DIRECTION('',(0.,0.,1.));
#3614 = ORIENTED_EDGE('',*,*,#1984,.F.);
#3615 = ORIENTED_EDGE('',*,*,#3609,.F.);
#3616 = CYLINDRICAL_SURFACE('',#3617,0.95);
#3617 = AXIS2_PLACEMENT_3D('',#3618,#3619,#3620);
#3618 = CARTESIAN_POINT('',(122.5,-94.5,-4.5E-02));
#3619 = DIRECTION('',(-0.,-0.,-1.));
#3620 = DIRECTION('',(-0.,-1.,0.));
#3621 = ADVANCED_FACE('',(#3622),#3633,.F.);
#3622 = FACE_BOUND('',#3623,.T.);
#3623 = EDGE_LOOP('',(#3624,#3625,#3631,#3632));
#3624 = ORIENTED_EDGE('',*,*,#735,.T.);
#3625 = ORIENTED_EDGE('',*,*,#3626,.T.);
#3626 = EDGE_CURVE('',#736,#1996,#3627,.T.);
#3627 = LINE('',#3628,#3629);
#3628 = CARTESIAN_POINT('',(117.,-96.225,-4.5E-02));
#3629 = VECTOR('',#3630,1.);
#3630 = DIRECTION('',(0.,0.,1.));
#3631 = ORIENTED_EDGE('',*,*,#1995,.F.);
#3632 = ORIENTED_EDGE('',*,*,#3626,.F.);
#3633 = CYLINDRICAL_SURFACE('',#3634,1.725);
#3634 = AXIS2_PLACEMENT_3D('',#3635,#3636,#3637);
#3635 = CARTESIAN_POINT('',(117.,-94.5,-4.5E-02));
#3636 = DIRECTION('',(-0.,-0.,-1.));
#3637 = DIRECTION('',(-0.,-1.,0.));
#3638 = ADVANCED_FACE('',(#3639),#3650,.F.);
#3639 = FACE_BOUND('',#3640,.T.);
#3640 = EDGE_LOOP('',(#3641,#3642,#3648,#3649));
#3641 = ORIENTED_EDGE('',*,*,#746,.T.);
#3642 = ORIENTED_EDGE('',*,*,#3643,.T.);
#3643 = EDGE_CURVE('',#747,#2007,#3644,.T.);
#3644 = LINE('',#3645,#3646);
#3645 = CARTESIAN_POINT('',(111.5,-95.45,-4.5E-02));
#3646 = VECTOR('',#3647,1.);
#3647 = DIRECTION('',(0.,0.,1.));
#3648 = ORIENTED_EDGE('',*,*,#2006,.F.);
#3649 = ORIENTED_EDGE('',*,*,#3643,.F.);
#3650 = CYLINDRICAL_SURFACE('',#3651,0.95);
#3651 = AXIS2_PLACEMENT_3D('',#3652,#3653,#3654);
#3652 = CARTESIAN_POINT('',(111.5,-94.5,-4.5E-02));
#3653 = DIRECTION('',(-0.,-0.,-1.));
#3654 = DIRECTION('',(-0.,-1.,0.));
#3655 = ADVANCED_FACE('',(#3656),#3667,.F.);
#3656 = FACE_BOUND('',#3657,.T.);
#3657 = EDGE_LOOP('',(#3658,#3659,#3665,#3666));
#3658 = ORIENTED_EDGE('',*,*,#757,.T.);
#3659 = ORIENTED_EDGE('',*,*,#3660,.T.);
#3660 = EDGE_CURVE('',#758,#2018,#3661,.T.);
#3661 = LINE('',#3662,#3663);
#3662 = CARTESIAN_POINT('',(103.500001,-100.08332,-4.5E-02));
#3663 = VECTOR('',#3664,1.);
#3664 = DIRECTION('',(0.,0.,1.));
#3665 = ORIENTED_EDGE('',*,*,#2017,.F.);
#3666 = ORIENTED_EDGE('',*,*,#3660,.F.);
#3667 = CYLINDRICAL_SURFACE('',#3668,0.95);
#3668 = AXIS2_PLACEMENT_3D('',#3669,#3670,#3671);
#3669 = CARTESIAN_POINT('',(103.500001,-99.13332,-4.5E-02));
#3670 = DIRECTION('',(-0.,-0.,-1.));
#3671 = DIRECTION('',(-0.,-1.,0.));
#3672 = ADVANCED_FACE('',(#3673),#3684,.F.);
#3673 = FACE_BOUND('',#3674,.T.);
#3674 = EDGE_LOOP('',(#3675,#3676,#3682,#3683));
#3675 = ORIENTED_EDGE('',*,*,#768,.T.);
#3676 = ORIENTED_EDGE('',*,*,#3677,.T.);
#3677 = EDGE_CURVE('',#769,#2029,#3678,.T.);
#3678 = LINE('',#3679,#3680);
#3679 = CARTESIAN_POINT('',(98.000001,-100.85832,-4.5E-02));
#3680 = VECTOR('',#3681,1.);
#3681 = DIRECTION('',(0.,0.,1.));
#3682 = ORIENTED_EDGE('',*,*,#2028,.F.);
#3683 = ORIENTED_EDGE('',*,*,#3677,.F.);
#3684 = CYLINDRICAL_SURFACE('',#3685,1.725);
#3685 = AXIS2_PLACEMENT_3D('',#3686,#3687,#3688);
#3686 = CARTESIAN_POINT('',(98.000001,-99.13332,-4.5E-02));
#3687 = DIRECTION('',(-0.,-0.,-1.));
#3688 = DIRECTION('',(-0.,-1.,0.));
#3689 = ADVANCED_FACE('',(#3690),#3701,.F.);
#3690 = FACE_BOUND('',#3691,.T.);
#3691 = EDGE_LOOP('',(#3692,#3693,#3699,#3700));
#3692 = ORIENTED_EDGE('',*,*,#779,.T.);
#3693 = ORIENTED_EDGE('',*,*,#3694,.T.);
#3694 = EDGE_CURVE('',#780,#2040,#3695,.T.);
#3695 = LINE('',#3696,#3697);
#3696 = CARTESIAN_POINT('',(92.500001,-100.08332,-4.5E-02));
#3697 = VECTOR('',#3698,1.);
#3698 = DIRECTION('',(0.,0.,1.));
#3699 = ORIENTED_EDGE('',*,*,#2039,.F.);
#3700 = ORIENTED_EDGE('',*,*,#3694,.F.);
#3701 = CYLINDRICAL_SURFACE('',#3702,0.95);
#3702 = AXIS2_PLACEMENT_3D('',#3703,#3704,#3705);
#3703 = CARTESIAN_POINT('',(92.500001,-99.13332,-4.5E-02));
#3704 = DIRECTION('',(-0.,-0.,-1.));
#3705 = DIRECTION('',(-0.,-1.,0.));
#3706 = ADVANCED_FACE('',(#3707),#3718,.F.);
#3707 = FACE_BOUND('',#3708,.T.);
#3708 = EDGE_LOOP('',(#3709,#3710,#3716,#3717));
#3709 = ORIENTED_EDGE('',*,*,#790,.T.);
#3710 = ORIENTED_EDGE('',*,*,#3711,.T.);
#3711 = EDGE_CURVE('',#791,#2051,#3712,.T.);
#3712 = LINE('',#3713,#3714);
#3713 = CARTESIAN_POINT('',(93.000001,-95.93332,-4.5E-02));
#3714 = VECTOR('',#3715,1.);
#3715 = DIRECTION('',(0.,0.,1.));
#3716 = ORIENTED_EDGE('',*,*,#2050,.F.);
#3717 = ORIENTED_EDGE('',*,*,#3711,.F.);
#3718 = CYLINDRICAL_SURFACE('',#3719,0.6);
#3719 = AXIS2_PLACEMENT_3D('',#3720,#3721,#3722);
#3720 = CARTESIAN_POINT('',(93.000001,-95.33332,-4.5E-02));
#3721 = DIRECTION('',(-0.,-0.,-1.));
#3722 = DIRECTION('',(-0.,-1.,0.));
#3723 = ADVANCED_FACE('',(#3724),#3735,.F.);
#3724 = FACE_BOUND('',#3725,.T.);
#3725 = EDGE_LOOP('',(#3726,#3727,#3733,#3734));
#3726 = ORIENTED_EDGE('',*,*,#801,.T.);
#3727 = ORIENTED_EDGE('',*,*,#3728,.T.);
#3728 = EDGE_CURVE('',#802,#2062,#3729,.T.);
#3729 = LINE('',#3730,#3731);
#3730 = CARTESIAN_POINT('',(98.000001,-93.83332,-4.5E-02));
#3731 = VECTOR('',#3732,1.);
#3732 = DIRECTION('',(0.,0.,1.));
#3733 = ORIENTED_EDGE('',*,*,#2061,.F.);
#3734 = ORIENTED_EDGE('',*,*,#3728,.F.);
#3735 = CYLINDRICAL_SURFACE('',#3736,0.6);
#3736 = AXIS2_PLACEMENT_3D('',#3737,#3738,#3739);
#3737 = CARTESIAN_POINT('',(98.000001,-93.23332,-4.5E-02));
#3738 = DIRECTION('',(-0.,-0.,-1.));
#3739 = DIRECTION('',(-0.,-1.,0.));
#3740 = ADVANCED_FACE('',(#3741),#3752,.F.);
#3741 = FACE_BOUND('',#3742,.T.);
#3742 = EDGE_LOOP('',(#3743,#3744,#3750,#3751));
#3743 = ORIENTED_EDGE('',*,*,#812,.T.);
#3744 = ORIENTED_EDGE('',*,*,#3745,.T.);
#3745 = EDGE_CURVE('',#813,#2073,#3746,.T.);
#3746 = LINE('',#3747,#3748);
#3747 = CARTESIAN_POINT('',(198.400467,-85.352297,-4.5E-02));
#3748 = VECTOR('',#3749,1.);
#3749 = DIRECTION('',(0.,0.,1.));
#3750 = ORIENTED_EDGE('',*,*,#2072,.F.);
#3751 = ORIENTED_EDGE('',*,*,#3745,.F.);
#3752 = CYLINDRICAL_SURFACE('',#3753,0.95);
#3753 = AXIS2_PLACEMENT_3D('',#3754,#3755,#3756);
#3754 = CARTESIAN_POINT('',(198.400467,-84.402297,-4.5E-02));
#3755 = DIRECTION('',(-0.,-0.,-1.));
#3756 = DIRECTION('',(-0.,-1.,0.));
#3757 = ADVANCED_FACE('',(#3758),#3769,.F.);
#3758 = FACE_BOUND('',#3759,.T.);
#3759 = EDGE_LOOP('',(#3760,#3761,#3767,#3768));
#3760 = ORIENTED_EDGE('',*,*,#823,.T.);
#3761 = ORIENTED_EDGE('',*,*,#3762,.T.);
#3762 = EDGE_CURVE('',#824,#2084,#3763,.T.);
#3763 = LINE('',#3764,#3765);
#3764 = CARTESIAN_POINT('',(192.900467,-86.127297,-4.5E-02));
#3765 = VECTOR('',#3766,1.);
#3766 = DIRECTION('',(0.,0.,1.));
#3767 = ORIENTED_EDGE('',*,*,#2083,.F.);
#3768 = ORIENTED_EDGE('',*,*,#3762,.F.);
#3769 = CYLINDRICAL_SURFACE('',#3770,1.725);
#3770 = AXIS2_PLACEMENT_3D('',#3771,#3772,#3773);
#3771 = CARTESIAN_POINT('',(192.900467,-84.402297,-4.5E-02));
#3772 = DIRECTION('',(-0.,-0.,-1.));
#3773 = DIRECTION('',(-0.,-1.,0.));
#3774 = ADVANCED_FACE('',(#3775),#3786,.F.);
#3775 = FACE_BOUND('',#3776,.T.);
#3776 = EDGE_LOOP('',(#3777,#3778,#3784,#3785));
#3777 = ORIENTED_EDGE('',*,*,#834,.T.);
#3778 = ORIENTED_EDGE('',*,*,#3779,.T.);
#3779 = EDGE_CURVE('',#835,#2095,#3780,.T.);
#3780 = LINE('',#3781,#3782);
#3781 = CARTESIAN_POINT('',(192.900467,-79.102297,-4.5E-02));
#3782 = VECTOR('',#3783,1.);
#3783 = DIRECTION('',(0.,0.,1.));
#3784 = ORIENTED_EDGE('',*,*,#2094,.F.);
#3785 = ORIENTED_EDGE('',*,*,#3779,.F.);
#3786 = CYLINDRICAL_SURFACE('',#3787,0.6);
#3787 = AXIS2_PLACEMENT_3D('',#3788,#3789,#3790);
#3788 = CARTESIAN_POINT('',(192.900467,-78.502297,-4.5E-02));
#3789 = DIRECTION('',(-0.,-0.,-1.));
#3790 = DIRECTION('',(-0.,-1.,0.));
#3791 = ADVANCED_FACE('',(#3792),#3803,.F.);
#3792 = FACE_BOUND('',#3793,.T.);
#3793 = EDGE_LOOP('',(#3794,#3795,#3801,#3802));
#3794 = ORIENTED_EDGE('',*,*,#845,.T.);
#3795 = ORIENTED_EDGE('',*,*,#3796,.T.);
#3796 = EDGE_CURVE('',#846,#2106,#3797,.T.);
#3797 = LINE('',#3798,#3799);
#3798 = CARTESIAN_POINT('',(187.400467,-85.352297,-4.5E-02));
#3799 = VECTOR('',#3800,1.);
#3800 = DIRECTION('',(0.,0.,1.));
#3801 = ORIENTED_EDGE('',*,*,#2105,.F.);
#3802 = ORIENTED_EDGE('',*,*,#3796,.F.);
#3803 = CYLINDRICAL_SURFACE('',#3804,0.95);
#3804 = AXIS2_PLACEMENT_3D('',#3805,#3806,#3807);
#3805 = CARTESIAN_POINT('',(187.400467,-84.402297,-4.5E-02));
#3806 = DIRECTION('',(-0.,-0.,-1.));
#3807 = DIRECTION('',(-0.,-1.,0.));
#3808 = ADVANCED_FACE('',(#3809),#3820,.F.);
#3809 = FACE_BOUND('',#3810,.T.);
#3810 = EDGE_LOOP('',(#3811,#3812,#3818,#3819));
#3811 = ORIENTED_EDGE('',*,*,#856,.T.);
#3812 = ORIENTED_EDGE('',*,*,#3813,.T.);
#3813 = EDGE_CURVE('',#857,#2117,#3814,.T.);
#3814 = LINE('',#3815,#3816);
#3815 = CARTESIAN_POINT('',(179.5,-82.95,-4.5E-02));
#3816 = VECTOR('',#3817,1.);
#3817 = DIRECTION('',(0.,0.,1.));
#3818 = ORIENTED_EDGE('',*,*,#2116,.F.);
#3819 = ORIENTED_EDGE('',*,*,#3813,.F.);
#3820 = CYLINDRICAL_SURFACE('',#3821,0.95);
#3821 = AXIS2_PLACEMENT_3D('',#3822,#3823,#3824);
#3822 = CARTESIAN_POINT('',(179.5,-82.,-4.5E-02));
#3823 = DIRECTION('',(-0.,-0.,-1.));
#3824 = DIRECTION('',(-0.,-1.,0.));
#3825 = ADVANCED_FACE('',(#3826),#3837,.F.);
#3826 = FACE_BOUND('',#3827,.T.);
#3827 = EDGE_LOOP('',(#3828,#3829,#3835,#3836));
#3828 = ORIENTED_EDGE('',*,*,#867,.T.);
#3829 = ORIENTED_EDGE('',*,*,#3830,.T.);
#3830 = EDGE_CURVE('',#868,#2128,#3831,.T.);
#3831 = LINE('',#3832,#3833);
#3832 = CARTESIAN_POINT('',(174.,-83.725,-4.5E-02));
#3833 = VECTOR('',#3834,1.);
#3834 = DIRECTION('',(0.,0.,1.));
#3835 = ORIENTED_EDGE('',*,*,#2127,.F.);
#3836 = ORIENTED_EDGE('',*,*,#3830,.F.);
#3837 = CYLINDRICAL_SURFACE('',#3838,1.725);
#3838 = AXIS2_PLACEMENT_3D('',#3839,#3840,#3841);
#3839 = CARTESIAN_POINT('',(174.,-82.,-4.5E-02));
#3840 = DIRECTION('',(-0.,-0.,-1.));
#3841 = DIRECTION('',(-0.,-1.,0.));
#3842 = ADVANCED_FACE('',(#3843),#3854,.F.);
#3843 = FACE_BOUND('',#3844,.T.);
#3844 = EDGE_LOOP('',(#3845,#3846,#3852,#3853));
#3845 = ORIENTED_EDGE('',*,*,#878,.T.);
#3846 = ORIENTED_EDGE('',*,*,#3847,.T.);
#3847 = EDGE_CURVE('',#879,#2139,#3848,.T.);
#3848 = LINE('',#3849,#3850);
#3849 = CARTESIAN_POINT('',(168.5,-82.95,-4.5E-02));
#3850 = VECTOR('',#3851,1.);
#3851 = DIRECTION('',(0.,0.,1.));
#3852 = ORIENTED_EDGE('',*,*,#2138,.F.);
#3853 = ORIENTED_EDGE('',*,*,#3847,.F.);
#3854 = CYLINDRICAL_SURFACE('',#3855,0.95);
#3855 = AXIS2_PLACEMENT_3D('',#3856,#3857,#3858);
#3856 = CARTESIAN_POINT('',(168.5,-82.,-4.5E-02));
#3857 = DIRECTION('',(-0.,-0.,-1.));
#3858 = DIRECTION('',(-0.,-1.,0.));
#3859 = ADVANCED_FACE('',(#3860),#3871,.F.);
#3860 = FACE_BOUND('',#3861,.T.);
#3861 = EDGE_LOOP('',(#3862,#3863,#3869,#3870));
#3862 = ORIENTED_EDGE('',*,*,#889,.T.);
#3863 = ORIENTED_EDGE('',*,*,#3864,.T.);
#3864 = EDGE_CURVE('',#890,#2150,#3865,.T.);
#3865 = LINE('',#3866,#3867);
#3866 = CARTESIAN_POINT('',(187.900467,-81.202297,-4.5E-02));
#3867 = VECTOR('',#3868,1.);
#3868 = DIRECTION('',(0.,0.,1.));
#3869 = ORIENTED_EDGE('',*,*,#2149,.F.);
#3870 = ORIENTED_EDGE('',*,*,#3864,.F.);
#3871 = CYLINDRICAL_SURFACE('',#3872,0.6);
#3872 = AXIS2_PLACEMENT_3D('',#3873,#3874,#3875);
#3873 = CARTESIAN_POINT('',(187.900467,-80.602297,-4.5E-02));
#3874 = DIRECTION('',(-0.,-0.,-1.));
#3875 = DIRECTION('',(-0.,-1.,0.));
#3876 = ADVANCED_FACE('',(#3877),#3888,.F.);
#3877 = FACE_BOUND('',#3878,.T.);
#3878 = EDGE_LOOP('',(#3879,#3880,#3886,#3887));
#3879 = ORIENTED_EDGE('',*,*,#900,.T.);
#3880 = ORIENTED_EDGE('',*,*,#3881,.T.);
#3881 = EDGE_CURVE('',#901,#2161,#3882,.T.);
#3882 = LINE('',#3883,#3884);
#3883 = CARTESIAN_POINT('',(174.,-76.7,-4.5E-02));
#3884 = VECTOR('',#3885,1.);
#3885 = DIRECTION('',(0.,0.,1.));
#3886 = ORIENTED_EDGE('',*,*,#2160,.F.);
#3887 = ORIENTED_EDGE('',*,*,#3881,.F.);
#3888 = CYLINDRICAL_SURFACE('',#3889,0.6);
#3889 = AXIS2_PLACEMENT_3D('',#3890,#3891,#3892);
#3890 = CARTESIAN_POINT('',(174.,-76.1,-4.5E-02));
#3891 = DIRECTION('',(-0.,-0.,-1.));
#3892 = DIRECTION('',(-0.,-1.,0.));
#3893 = ADVANCED_FACE('',(#3894),#3905,.F.);
#3894 = FACE_BOUND('',#3895,.T.);
#3895 = EDGE_LOOP('',(#3896,#3897,#3903,#3904));
#3896 = ORIENTED_EDGE('',*,*,#911,.T.);
#3897 = ORIENTED_EDGE('',*,*,#3898,.T.);
#3898 = EDGE_CURVE('',#912,#2172,#3899,.T.);
#3899 = LINE('',#3900,#3901);
#3900 = CARTESIAN_POINT('',(169.,-78.8,-4.5E-02));
#3901 = VECTOR('',#3902,1.);
#3902 = DIRECTION('',(0.,0.,1.));
#3903 = ORIENTED_EDGE('',*,*,#2171,.F.);
#3904 = ORIENTED_EDGE('',*,*,#3898,.F.);
#3905 = CYLINDRICAL_SURFACE('',#3906,0.6);
#3906 = AXIS2_PLACEMENT_3D('',#3907,#3908,#3909);
#3907 = CARTESIAN_POINT('',(169.,-78.2,-4.5E-02));
#3908 = DIRECTION('',(-0.,-0.,-1.));
#3909 = DIRECTION('',(-0.,-1.,0.));
#3910 = ADVANCED_FACE('',(#3911),#3922,.F.);
#3911 = FACE_BOUND('',#3912,.T.);
#3912 = EDGE_LOOP('',(#3913,#3914,#3920,#3921));
#3913 = ORIENTED_EDGE('',*,*,#922,.T.);
#3914 = ORIENTED_EDGE('',*,*,#3915,.T.);
#3915 = EDGE_CURVE('',#923,#2183,#3916,.T.);
#3916 = LINE('',#3917,#3918);
#3917 = CARTESIAN_POINT('',(160.541066,-77.869294,-4.5E-02));
#3918 = VECTOR('',#3919,1.);
#3919 = DIRECTION('',(0.,0.,1.));
#3920 = ORIENTED_EDGE('',*,*,#2182,.F.);
#3921 = ORIENTED_EDGE('',*,*,#3915,.F.);
#3922 = CYLINDRICAL_SURFACE('',#3923,0.95);
#3923 = AXIS2_PLACEMENT_3D('',#3924,#3925,#3926);
#3924 = CARTESIAN_POINT('',(160.541066,-76.919294,-4.5E-02));
#3925 = DIRECTION('',(-0.,-0.,-1.));
#3926 = DIRECTION('',(-0.,-1.,0.));
#3927 = ADVANCED_FACE('',(#3928),#3939,.F.);
#3928 = FACE_BOUND('',#3929,.T.);
#3929 = EDGE_LOOP('',(#3930,#3931,#3937,#3938));
#3930 = ORIENTED_EDGE('',*,*,#933,.T.);
#3931 = ORIENTED_EDGE('',*,*,#3932,.T.);
#3932 = EDGE_CURVE('',#934,#2194,#3933,.T.);
#3933 = LINE('',#3934,#3935);
#3934 = CARTESIAN_POINT('',(198.478526,-66.433716,-4.5E-02));
#3935 = VECTOR('',#3936,1.);
#3936 = DIRECTION('',(0.,0.,1.));
#3937 = ORIENTED_EDGE('',*,*,#2193,.F.);
#3938 = ORIENTED_EDGE('',*,*,#3932,.F.);
#3939 = CYLINDRICAL_SURFACE('',#3940,0.95);
#3940 = AXIS2_PLACEMENT_3D('',#3941,#3942,#3943);
#3941 = CARTESIAN_POINT('',(198.478526,-65.483716,-4.5E-02));
#3942 = DIRECTION('',(-0.,-0.,-1.));
#3943 = DIRECTION('',(-0.,-1.,0.));
#3944 = ADVANCED_FACE('',(#3945),#3956,.F.);
#3945 = FACE_BOUND('',#3946,.T.);
#3946 = EDGE_LOOP('',(#3947,#3948,#3954,#3955));
#3947 = ORIENTED_EDGE('',*,*,#944,.T.);
#3948 = ORIENTED_EDGE('',*,*,#3949,.T.);
#3949 = EDGE_CURVE('',#945,#2205,#3950,.T.);
#3950 = LINE('',#3951,#3952);
#3951 = CARTESIAN_POINT('',(192.978526,-67.208716,-4.5E-02));
#3952 = VECTOR('',#3953,1.);
#3953 = DIRECTION('',(0.,0.,1.));
#3954 = ORIENTED_EDGE('',*,*,#2204,.F.);
#3955 = ORIENTED_EDGE('',*,*,#3949,.F.);
#3956 = CYLINDRICAL_SURFACE('',#3957,1.725);
#3957 = AXIS2_PLACEMENT_3D('',#3958,#3959,#3960);
#3958 = CARTESIAN_POINT('',(192.978526,-65.483716,-4.5E-02));
#3959 = DIRECTION('',(-0.,-0.,-1.));
#3960 = DIRECTION('',(-0.,-1.,0.));
#3961 = ADVANCED_FACE('',(#3962),#3973,.F.);
#3962 = FACE_BOUND('',#3963,.T.);
#3963 = EDGE_LOOP('',(#3964,#3965,#3971,#3972));
#3964 = ORIENTED_EDGE('',*,*,#955,.T.);
#3965 = ORIENTED_EDGE('',*,*,#3966,.T.);
#3966 = EDGE_CURVE('',#956,#2216,#3967,.T.);
#3967 = LINE('',#3968,#3969);
#3968 = CARTESIAN_POINT('',(192.978526,-60.183716,-4.5E-02));
#3969 = VECTOR('',#3970,1.);
#3970 = DIRECTION('',(0.,0.,1.));
#3971 = ORIENTED_EDGE('',*,*,#2215,.F.);
#3972 = ORIENTED_EDGE('',*,*,#3966,.F.);
#3973 = CYLINDRICAL_SURFACE('',#3974,0.6);
#3974 = AXIS2_PLACEMENT_3D('',#3975,#3976,#3977);
#3975 = CARTESIAN_POINT('',(192.978526,-59.583716,-4.5E-02));
#3976 = DIRECTION('',(-0.,-0.,-1.));
#3977 = DIRECTION('',(-0.,-1.,0.));
#3978 = ADVANCED_FACE('',(#3979),#3990,.F.);
#3979 = FACE_BOUND('',#3980,.T.);
#3980 = EDGE_LOOP('',(#3981,#3982,#3988,#3989));
#3981 = ORIENTED_EDGE('',*,*,#966,.T.);
#3982 = ORIENTED_EDGE('',*,*,#3983,.T.);
#3983 = EDGE_CURVE('',#967,#2227,#3984,.T.);
#3984 = LINE('',#3985,#3986);
#3985 = CARTESIAN_POINT('',(187.478526,-66.433716,-4.5E-02));
#3986 = VECTOR('',#3987,1.);
#3987 = DIRECTION('',(0.,0.,1.));
#3988 = ORIENTED_EDGE('',*,*,#2226,.F.);
#3989 = ORIENTED_EDGE('',*,*,#3983,.F.);
#3990 = CYLINDRICAL_SURFACE('',#3991,0.95);
#3991 = AXIS2_PLACEMENT_3D('',#3992,#3993,#3994);
#3992 = CARTESIAN_POINT('',(187.478526,-65.483716,-4.5E-02));
#3993 = DIRECTION('',(-0.,-0.,-1.));
#3994 = DIRECTION('',(-0.,-1.,0.));
#3995 = ADVANCED_FACE('',(#3996),#4007,.F.);
#3996 = FACE_BOUND('',#3997,.T.);
#3997 = EDGE_LOOP('',(#3998,#3999,#4005,#4006));
#3998 = ORIENTED_EDGE('',*,*,#977,.T.);
#3999 = ORIENTED_EDGE('',*,*,#4000,.T.);
#4000 = EDGE_CURVE('',#978,#2238,#4001,.T.);
#4001 = LINE('',#4002,#4003);
#4002 = CARTESIAN_POINT('',(187.978526,-62.283716,-4.5E-02));
#4003 = VECTOR('',#4004,1.);
#4004 = DIRECTION('',(0.,0.,1.));
#4005 = ORIENTED_EDGE('',*,*,#2237,.F.);
#4006 = ORIENTED_EDGE('',*,*,#4000,.F.);
#4007 = CYLINDRICAL_SURFACE('',#4008,0.6);
#4008 = AXIS2_PLACEMENT_3D('',#4009,#4010,#4011);
#4009 = CARTESIAN_POINT('',(187.978526,-61.683716,-4.5E-02));
#4010 = DIRECTION('',(-0.,-0.,-1.));
#4011 = DIRECTION('',(-0.,-1.,0.));
#4012 = ADVANCED_FACE('',(#4013),#4024,.F.);
#4013 = FACE_BOUND('',#4014,.T.);
#4014 = EDGE_LOOP('',(#4015,#4016,#4022,#4023));
#4015 = ORIENTED_EDGE('',*,*,#988,.T.);
#4016 = ORIENTED_EDGE('',*,*,#4017,.T.);
#4017 = EDGE_CURVE('',#989,#2249,#4018,.T.);
#4018 = LINE('',#4019,#4020);
#4019 = CARTESIAN_POINT('',(179.484429,-63.872602,-4.5E-02));
#4020 = VECTOR('',#4021,1.);
#4021 = DIRECTION('',(0.,0.,1.));
#4022 = ORIENTED_EDGE('',*,*,#2248,.F.);
#4023 = ORIENTED_EDGE('',*,*,#4017,.F.);
#4024 = CYLINDRICAL_SURFACE('',#4025,0.95);
#4025 = AXIS2_PLACEMENT_3D('',#4026,#4027,#4028);
#4026 = CARTESIAN_POINT('',(179.484429,-62.922602,-4.5E-02));
#4027 = DIRECTION('',(-0.,0.,-1.));
#4028 = DIRECTION('',(2.991758887411E-14,-1.,-0.));
#4029 = ADVANCED_FACE('',(#4030),#4041,.F.);
#4030 = FACE_BOUND('',#4031,.T.);
#4031 = EDGE_LOOP('',(#4032,#4033,#4039,#4040));
#4032 = ORIENTED_EDGE('',*,*,#999,.T.);
#4033 = ORIENTED_EDGE('',*,*,#4034,.T.);
#4034 = EDGE_CURVE('',#1000,#2260,#4035,.T.);
#4035 = LINE('',#4036,#4037);
#4036 = CARTESIAN_POINT('',(173.984429,-64.647602,-4.5E-02));
#4037 = VECTOR('',#4038,1.);
#4038 = DIRECTION('',(0.,0.,1.));
#4039 = ORIENTED_EDGE('',*,*,#2259,.F.);
#4040 = ORIENTED_EDGE('',*,*,#4034,.F.);
#4041 = CYLINDRICAL_SURFACE('',#4042,1.725);
#4042 = AXIS2_PLACEMENT_3D('',#4043,#4044,#4045);
#4043 = CARTESIAN_POINT('',(173.984429,-62.922602,-4.5E-02));
#4044 = DIRECTION('',(-0.,-0.,-1.));
#4045 = DIRECTION('',(-0.,-1.,0.));
#4046 = ADVANCED_FACE('',(#4047),#4058,.F.);
#4047 = FACE_BOUND('',#4048,.T.);
#4048 = EDGE_LOOP('',(#4049,#4050,#4056,#4057));
#4049 = ORIENTED_EDGE('',*,*,#1010,.T.);
#4050 = ORIENTED_EDGE('',*,*,#4051,.T.);
#4051 = EDGE_CURVE('',#1011,#2271,#4052,.T.);
#4052 = LINE('',#4053,#4054);
#4053 = CARTESIAN_POINT('',(168.484429,-63.872602,-4.5E-02));
#4054 = VECTOR('',#4055,1.);
#4055 = DIRECTION('',(0.,0.,1.));
#4056 = ORIENTED_EDGE('',*,*,#2270,.F.);
#4057 = ORIENTED_EDGE('',*,*,#4051,.F.);
#4058 = CYLINDRICAL_SURFACE('',#4059,0.95);
#4059 = AXIS2_PLACEMENT_3D('',#4060,#4061,#4062);
#4060 = CARTESIAN_POINT('',(168.484429,-62.922602,-4.5E-02));
#4061 = DIRECTION('',(-0.,0.,-1.));
#4062 = DIRECTION('',(2.991758887411E-14,-1.,-0.));
#4063 = ADVANCED_FACE('',(#4064),#4075,.F.);
#4064 = FACE_BOUND('',#4065,.T.);
#4065 = EDGE_LOOP('',(#4066,#4067,#4073,#4074));
#4066 = ORIENTED_EDGE('',*,*,#1021,.T.);
#4067 = ORIENTED_EDGE('',*,*,#4068,.T.);
#4068 = EDGE_CURVE('',#1022,#2282,#4069,.T.);
#4069 = LINE('',#4070,#4071);
#4070 = CARTESIAN_POINT('',(173.984429,-57.622602,-4.5E-02));
#4071 = VECTOR('',#4072,1.);
#4072 = DIRECTION('',(0.,0.,1.));
#4073 = ORIENTED_EDGE('',*,*,#2281,.F.);
#4074 = ORIENTED_EDGE('',*,*,#4068,.F.);
#4075 = CYLINDRICAL_SURFACE('',#4076,0.6);
#4076 = AXIS2_PLACEMENT_3D('',#4077,#4078,#4079);
#4077 = CARTESIAN_POINT('',(173.984429,-57.022602,-4.5E-02));
#4078 = DIRECTION('',(-0.,-0.,-1.));
#4079 = DIRECTION('',(-0.,-1.,0.));
#4080 = ADVANCED_FACE('',(#4081),#4092,.F.);
#4081 = FACE_BOUND('',#4082,.T.);
#4082 = EDGE_LOOP('',(#4083,#4084,#4090,#4091));
#4083 = ORIENTED_EDGE('',*,*,#1032,.T.);
#4084 = ORIENTED_EDGE('',*,*,#4085,.T.);
#4085 = EDGE_CURVE('',#1033,#2293,#4086,.T.);
#4086 = LINE('',#4087,#4088);
#4087 = CARTESIAN_POINT('',(168.984429,-59.722602,-4.5E-02));
#4088 = VECTOR('',#4089,1.);
#4089 = DIRECTION('',(0.,0.,1.));
#4090 = ORIENTED_EDGE('',*,*,#2292,.F.);
#4091 = ORIENTED_EDGE('',*,*,#4085,.F.);
#4092 = CYLINDRICAL_SURFACE('',#4093,0.6);
#4093 = AXIS2_PLACEMENT_3D('',#4094,#4095,#4096);
#4094 = CARTESIAN_POINT('',(168.984429,-59.122602,-4.5E-02));
#4095 = DIRECTION('',(-0.,-0.,-1.));
#4096 = DIRECTION('',(-0.,-1.,0.));
#4097 = ADVANCED_FACE('',(#4098),#4109,.F.);
#4098 = FACE_BOUND('',#4099,.T.);
#4099 = EDGE_LOOP('',(#4100,#4101,#4107,#4108));
#4100 = ORIENTED_EDGE('',*,*,#1043,.T.);
#4101 = ORIENTED_EDGE('',*,*,#4102,.T.);
#4102 = EDGE_CURVE('',#1044,#2304,#4103,.T.);
#4103 = LINE('',#4104,#4105);
#4104 = CARTESIAN_POINT('',(160.495264,-58.752257,-4.5E-02));
#4105 = VECTOR('',#4106,1.);
#4106 = DIRECTION('',(0.,0.,1.));
#4107 = ORIENTED_EDGE('',*,*,#2303,.F.);
#4108 = ORIENTED_EDGE('',*,*,#4102,.F.);
#4109 = CYLINDRICAL_SURFACE('',#4110,0.95);
#4110 = AXIS2_PLACEMENT_3D('',#4111,#4112,#4113);
#4111 = CARTESIAN_POINT('',(160.495264,-57.802257,-4.5E-02));
#4112 = DIRECTION('',(-0.,-0.,-1.));
#4113 = DIRECTION('',(-2.991758887411E-14,-1.,0.));
#4114 = ADVANCED_FACE('',(#4115),#4126,.F.);
#4115 = FACE_BOUND('',#4116,.T.);
#4116 = EDGE_LOOP('',(#4117,#4118,#4124,#4125));
#4117 = ORIENTED_EDGE('',*,*,#1054,.T.);
#4118 = ORIENTED_EDGE('',*,*,#4119,.T.);
#4119 = EDGE_CURVE('',#1055,#2315,#4120,.T.);
#4120 = LINE('',#4121,#4122);
#4121 = CARTESIAN_POINT('',(154.82399,-90.555586,-4.5E-02));
#4122 = VECTOR('',#4123,1.);
#4123 = DIRECTION('',(0.,0.,1.));
#4124 = ORIENTED_EDGE('',*,*,#2314,.F.);
#4125 = ORIENTED_EDGE('',*,*,#4119,.F.);
#4126 = CYLINDRICAL_SURFACE('',#4127,0.6);
#4127 = AXIS2_PLACEMENT_3D('',#4128,#4129,#4130);
#4128 = CARTESIAN_POINT('',(154.82399,-89.955586,-4.5E-02));
#4129 = DIRECTION('',(-0.,0.,-1.));
#4130 = DIRECTION('',(4.736951571734E-14,-1.,-0.));
#4131 = ADVANCED_FACE('',(#4132),#4143,.F.);
#4132 = FACE_BOUND('',#4133,.T.);
#4133 = EDGE_LOOP('',(#4134,#4135,#4141,#4142));
#4134 = ORIENTED_EDGE('',*,*,#1065,.T.);
#4135 = ORIENTED_EDGE('',*,*,#4136,.T.);
#4136 = EDGE_CURVE('',#1066,#2326,#4137,.T.);
#4137 = LINE('',#4138,#4139);
#4138 = CARTESIAN_POINT('',(141.496745,-82.826551,-4.5E-02));
#4139 = VECTOR('',#4140,1.);
#4140 = DIRECTION('',(0.,0.,1.));
#4141 = ORIENTED_EDGE('',*,*,#2325,.F.);
#4142 = ORIENTED_EDGE('',*,*,#4136,.F.);
#4143 = CYLINDRICAL_SURFACE('',#4144,0.95);
#4144 = AXIS2_PLACEMENT_3D('',#4145,#4146,#4147);
#4145 = CARTESIAN_POINT('',(141.496745,-81.876551,-4.5E-02));
#4146 = DIRECTION('',(-0.,0.,-1.));
#4147 = DIRECTION('',(2.991758887411E-14,-1.,-0.));
#4148 = ADVANCED_FACE('',(#4149),#4160,.F.);
#4149 = FACE_BOUND('',#4150,.T.);
#4150 = EDGE_LOOP('',(#4151,#4152,#4158,#4159));
#4151 = ORIENTED_EDGE('',*,*,#1076,.T.);
#4152 = ORIENTED_EDGE('',*,*,#4153,.T.);
#4153 = EDGE_CURVE('',#1077,#2337,#4154,.T.);
#4154 = LINE('',#4155,#4156);
#4155 = CARTESIAN_POINT('',(135.996745,-83.601551,-4.5E-02));
#4156 = VECTOR('',#4157,1.);
#4157 = DIRECTION('',(0.,0.,1.));
#4158 = ORIENTED_EDGE('',*,*,#2336,.F.);
#4159 = ORIENTED_EDGE('',*,*,#4153,.F.);
#4160 = CYLINDRICAL_SURFACE('',#4161,1.725);
#4161 = AXIS2_PLACEMENT_3D('',#4162,#4163,#4164);
#4162 = CARTESIAN_POINT('',(135.996745,-81.876551,-4.5E-02));
#4163 = DIRECTION('',(-0.,-0.,-1.));
#4164 = DIRECTION('',(-0.,-1.,0.));
#4165 = ADVANCED_FACE('',(#4166),#4177,.F.);
#4166 = FACE_BOUND('',#4167,.T.);
#4167 = EDGE_LOOP('',(#4168,#4169,#4175,#4176));
#4168 = ORIENTED_EDGE('',*,*,#1087,.T.);
#4169 = ORIENTED_EDGE('',*,*,#4170,.T.);
#4170 = EDGE_CURVE('',#1088,#2348,#4171,.T.);
#4171 = LINE('',#4172,#4173);
#4172 = CARTESIAN_POINT('',(130.496745,-82.826551,-4.5E-02));
#4173 = VECTOR('',#4174,1.);
#4174 = DIRECTION('',(0.,0.,1.));
#4175 = ORIENTED_EDGE('',*,*,#2347,.F.);
#4176 = ORIENTED_EDGE('',*,*,#4170,.F.);
#4177 = CYLINDRICAL_SURFACE('',#4178,0.95);
#4178 = AXIS2_PLACEMENT_3D('',#4179,#4180,#4181);
#4179 = CARTESIAN_POINT('',(130.496745,-81.876551,-4.5E-02));
#4180 = DIRECTION('',(-0.,0.,-1.));
#4181 = DIRECTION('',(2.991758887411E-14,-1.,-0.));
#4182 = ADVANCED_FACE('',(#4183),#4194,.F.);
#4183 = FACE_BOUND('',#4184,.T.);
#4184 = EDGE_LOOP('',(#4185,#4186,#4192,#4193));
#4185 = ORIENTED_EDGE('',*,*,#1098,.T.);
#4186 = ORIENTED_EDGE('',*,*,#4187,.T.);
#4187 = EDGE_CURVE('',#1099,#2359,#4188,.T.);
#4188 = LINE('',#4189,#4190);
#4189 = CARTESIAN_POINT('',(155.041066,-78.644294,-4.5E-02));
#4190 = VECTOR('',#4191,1.);
#4191 = DIRECTION('',(0.,0.,1.));
#4192 = ORIENTED_EDGE('',*,*,#2358,.F.);
#4193 = ORIENTED_EDGE('',*,*,#4187,.F.);
#4194 = CYLINDRICAL_SURFACE('',#4195,1.725);
#4195 = AXIS2_PLACEMENT_3D('',#4196,#4197,#4198);
#4196 = CARTESIAN_POINT('',(155.041066,-76.919294,-4.5E-02));
#4197 = DIRECTION('',(-0.,-0.,-1.));
#4198 = DIRECTION('',(-0.,-1.,0.));
#4199 = ADVANCED_FACE('',(#4200),#4211,.F.);
#4200 = FACE_BOUND('',#4201,.T.);
#4201 = EDGE_LOOP('',(#4202,#4203,#4209,#4210));
#4202 = ORIENTED_EDGE('',*,*,#1109,.T.);
#4203 = ORIENTED_EDGE('',*,*,#4204,.T.);
#4204 = EDGE_CURVE('',#1110,#2370,#4205,.T.);
#4205 = LINE('',#4206,#4207);
#4206 = CARTESIAN_POINT('',(149.541066,-77.869294,-4.5E-02));
#4207 = VECTOR('',#4208,1.);
#4208 = DIRECTION('',(0.,0.,1.));
#4209 = ORIENTED_EDGE('',*,*,#2369,.F.);
#4210 = ORIENTED_EDGE('',*,*,#4204,.F.);
#4211 = CYLINDRICAL_SURFACE('',#4212,0.95);
#4212 = AXIS2_PLACEMENT_3D('',#4213,#4214,#4215);
#4213 = CARTESIAN_POINT('',(149.541066,-76.919294,-4.5E-02));
#4214 = DIRECTION('',(-0.,-0.,-1.));
#4215 = DIRECTION('',(-0.,-1.,0.));
#4216 = ADVANCED_FACE('',(#4217),#4228,.F.);
#4217 = FACE_BOUND('',#4218,.T.);
#4218 = EDGE_LOOP('',(#4219,#4220,#4226,#4227));
#4219 = ORIENTED_EDGE('',*,*,#1120,.T.);
#4220 = ORIENTED_EDGE('',*,*,#4221,.T.);
#4221 = EDGE_CURVE('',#1121,#2381,#4222,.T.);
#4222 = LINE('',#4223,#4224);
#4223 = CARTESIAN_POINT('',(150.041066,-73.719294,-4.5E-02));
#4224 = VECTOR('',#4225,1.);
#4225 = DIRECTION('',(0.,0.,1.));
#4226 = ORIENTED_EDGE('',*,*,#2380,.F.);
#4227 = ORIENTED_EDGE('',*,*,#4221,.F.);
#4228 = CYLINDRICAL_SURFACE('',#4229,0.6);
#4229 = AXIS2_PLACEMENT_3D('',#4230,#4231,#4232);
#4230 = CARTESIAN_POINT('',(150.041066,-73.119294,-4.5E-02));
#4231 = DIRECTION('',(-0.,-0.,-1.));
#4232 = DIRECTION('',(-0.,-1.,0.));
#4233 = ADVANCED_FACE('',(#4234),#4245,.F.);
#4234 = FACE_BOUND('',#4235,.T.);
#4235 = EDGE_LOOP('',(#4236,#4237,#4243,#4244));
#4236 = ORIENTED_EDGE('',*,*,#1131,.T.);
#4237 = ORIENTED_EDGE('',*,*,#4238,.T.);
#4238 = EDGE_CURVE('',#1132,#2392,#4239,.T.);
#4239 = LINE('',#4240,#4241);
#4240 = CARTESIAN_POINT('',(130.996745,-78.676551,-4.5E-02));
#4241 = VECTOR('',#4242,1.);
#4242 = DIRECTION('',(0.,0.,1.));
#4243 = ORIENTED_EDGE('',*,*,#2391,.F.);
#4244 = ORIENTED_EDGE('',*,*,#4238,.F.);
#4245 = CYLINDRICAL_SURFACE('',#4246,0.6);
#4246 = AXIS2_PLACEMENT_3D('',#4247,#4248,#4249);
#4247 = CARTESIAN_POINT('',(130.996745,-78.076551,-4.5E-02));
#4248 = DIRECTION('',(-0.,-0.,-1.));
#4249 = DIRECTION('',(-0.,-1.,0.));
#4250 = ADVANCED_FACE('',(#4251),#4262,.F.);
#4251 = FACE_BOUND('',#4252,.T.);
#4252 = EDGE_LOOP('',(#4253,#4254,#4260,#4261));
#4253 = ORIENTED_EDGE('',*,*,#1142,.T.);
#4254 = ORIENTED_EDGE('',*,*,#4255,.T.);
#4255 = EDGE_CURVE('',#1143,#2403,#4256,.T.);
#4256 = LINE('',#4257,#4258);
#4257 = CARTESIAN_POINT('',(135.996745,-76.576551,-4.5E-02));
#4258 = VECTOR('',#4259,1.);
#4259 = DIRECTION('',(0.,0.,1.));
#4260 = ORIENTED_EDGE('',*,*,#2402,.F.);
#4261 = ORIENTED_EDGE('',*,*,#4255,.F.);
#4262 = CYLINDRICAL_SURFACE('',#4263,0.6);
#4263 = AXIS2_PLACEMENT_3D('',#4264,#4265,#4266);
#4264 = CARTESIAN_POINT('',(135.996745,-75.976551,-4.5E-02));
#4265 = DIRECTION('',(-0.,-0.,-1.));
#4266 = DIRECTION('',(-0.,-1.,0.));
#4267 = ADVANCED_FACE('',(#4268),#4279,.F.);
#4268 = FACE_BOUND('',#4269,.T.);
#4269 = EDGE_LOOP('',(#4270,#4271,#4277,#4278));
#4270 = ORIENTED_EDGE('',*,*,#1153,.T.);
#4271 = ORIENTED_EDGE('',*,*,#4272,.T.);
#4272 = EDGE_CURVE('',#1154,#2414,#4273,.T.);
#4273 = LINE('',#4274,#4275);
#4274 = CARTESIAN_POINT('',(117.,-89.2,-4.5E-02));
#4275 = VECTOR('',#4276,1.);
#4276 = DIRECTION('',(0.,0.,1.));
#4277 = ORIENTED_EDGE('',*,*,#2413,.F.);
#4278 = ORIENTED_EDGE('',*,*,#4272,.F.);
#4279 = CYLINDRICAL_SURFACE('',#4280,0.6);
#4280 = AXIS2_PLACEMENT_3D('',#4281,#4282,#4283);
#4281 = CARTESIAN_POINT('',(117.,-88.6,-4.5E-02));
#4282 = DIRECTION('',(-0.,-0.,-1.));
#4283 = DIRECTION('',(-0.,-1.,0.));
#4284 = ADVANCED_FACE('',(#4285),#4296,.F.);
#4285 = FACE_BOUND('',#4286,.T.);
#4286 = EDGE_LOOP('',(#4287,#4288,#4294,#4295));
#4287 = ORIENTED_EDGE('',*,*,#1164,.T.);
#4288 = ORIENTED_EDGE('',*,*,#4289,.T.);
#4289 = EDGE_CURVE('',#1165,#2425,#4290,.T.);
#4290 = LINE('',#4291,#4292);
#4291 = CARTESIAN_POINT('',(112.,-91.3,-4.5E-02));
#4292 = VECTOR('',#4293,1.);
#4293 = DIRECTION('',(0.,0.,1.));
#4294 = ORIENTED_EDGE('',*,*,#2424,.F.);
#4295 = ORIENTED_EDGE('',*,*,#4289,.F.);
#4296 = CYLINDRICAL_SURFACE('',#4297,0.6);
#4297 = AXIS2_PLACEMENT_3D('',#4298,#4299,#4300);
#4298 = CARTESIAN_POINT('',(112.,-90.7,-4.5E-02));
#4299 = DIRECTION('',(-0.,-0.,-1.));
#4300 = DIRECTION('',(-0.,-1.,0.));
#4301 = ADVANCED_FACE('',(#4302),#4313,.F.);
#4302 = FACE_BOUND('',#4303,.T.);
#4303 = EDGE_LOOP('',(#4304,#4305,#4311,#4312));
#4304 = ORIENTED_EDGE('',*,*,#1175,.T.);
#4305 = ORIENTED_EDGE('',*,*,#4306,.T.);
#4306 = EDGE_CURVE('',#1176,#2436,#4307,.T.);
#4307 = LINE('',#4308,#4309);
#4308 = CARTESIAN_POINT('',(122.5,-76.45,-4.5E-02));
#4309 = VECTOR('',#4310,1.);
#4310 = DIRECTION('',(0.,0.,1.));
#4311 = ORIENTED_EDGE('',*,*,#2435,.F.);
#4312 = ORIENTED_EDGE('',*,*,#4306,.F.);
#4313 = CYLINDRICAL_SURFACE('',#4314,0.95);
#4314 = AXIS2_PLACEMENT_3D('',#4315,#4316,#4317);
#4315 = CARTESIAN_POINT('',(122.5,-75.5,-4.5E-02));
#4316 = DIRECTION('',(-0.,-0.,-1.));
#4317 = DIRECTION('',(-0.,-1.,0.));
#4318 = ADVANCED_FACE('',(#4319),#4330,.F.);
#4319 = FACE_BOUND('',#4320,.T.);
#4320 = EDGE_LOOP('',(#4321,#4322,#4328,#4329));
#4321 = ORIENTED_EDGE('',*,*,#1186,.T.);
#4322 = ORIENTED_EDGE('',*,*,#4323,.T.);
#4323 = EDGE_CURVE('',#1187,#2447,#4324,.T.);
#4324 = LINE('',#4325,#4326);
#4325 = CARTESIAN_POINT('',(117.,-77.225,-4.5E-02));
#4326 = VECTOR('',#4327,1.);
#4327 = DIRECTION('',(0.,0.,1.));
#4328 = ORIENTED_EDGE('',*,*,#2446,.F.);
#4329 = ORIENTED_EDGE('',*,*,#4323,.F.);
#4330 = CYLINDRICAL_SURFACE('',#4331,1.725);
#4331 = AXIS2_PLACEMENT_3D('',#4332,#4333,#4334);
#4332 = CARTESIAN_POINT('',(117.,-75.5,-4.5E-02));
#4333 = DIRECTION('',(-0.,-0.,-1.));
#4334 = DIRECTION('',(-0.,-1.,0.));
#4335 = ADVANCED_FACE('',(#4336),#4347,.F.);
#4336 = FACE_BOUND('',#4337,.T.);
#4337 = EDGE_LOOP('',(#4338,#4339,#4345,#4346));
#4338 = ORIENTED_EDGE('',*,*,#1197,.T.);
#4339 = ORIENTED_EDGE('',*,*,#4340,.T.);
#4340 = EDGE_CURVE('',#1198,#2458,#4341,.T.);
#4341 = LINE('',#4342,#4343);
#4342 = CARTESIAN_POINT('',(111.5,-76.45,-4.5E-02));
#4343 = VECTOR('',#4344,1.);
#4344 = DIRECTION('',(0.,0.,1.));
#4345 = ORIENTED_EDGE('',*,*,#2457,.F.);
#4346 = ORIENTED_EDGE('',*,*,#4340,.F.);
#4347 = CYLINDRICAL_SURFACE('',#4348,0.95);
#4348 = AXIS2_PLACEMENT_3D('',#4349,#4350,#4351);
#4349 = CARTESIAN_POINT('',(111.5,-75.5,-4.5E-02));
#4350 = DIRECTION('',(-0.,-0.,-1.));
#4351 = DIRECTION('',(-0.,-1.,0.));
#4352 = ADVANCED_FACE('',(#4353),#4364,.F.);
#4353 = FACE_BOUND('',#4354,.T.);
#4354 = EDGE_LOOP('',(#4355,#4356,#4362,#4363));
#4355 = ORIENTED_EDGE('',*,*,#1208,.T.);
#4356 = ORIENTED_EDGE('',*,*,#4357,.T.);
#4357 = EDGE_CURVE('',#1209,#2469,#4358,.T.);
#4358 = LINE('',#4359,#4360);
#4359 = CARTESIAN_POINT('',(112.,-72.3,-4.5E-02));
#4360 = VECTOR('',#4361,1.);
#4361 = DIRECTION('',(0.,0.,1.));
#4362 = ORIENTED_EDGE('',*,*,#2468,.F.);
#4363 = ORIENTED_EDGE('',*,*,#4357,.F.);
#4364 = CYLINDRICAL_SURFACE('',#4365,0.6);
#4365 = AXIS2_PLACEMENT_3D('',#4366,#4367,#4368);
#4366 = CARTESIAN_POINT('',(112.,-71.7,-4.5E-02));
#4367 = DIRECTION('',(-0.,-0.,-1.));
#4368 = DIRECTION('',(-0.,-1.,0.));
#4369 = ADVANCED_FACE('',(#4370),#4381,.F.);
#4370 = FACE_BOUND('',#4371,.T.);
#4371 = EDGE_LOOP('',(#4372,#4373,#4379,#4380));
#4372 = ORIENTED_EDGE('',*,*,#1219,.T.);
#4373 = ORIENTED_EDGE('',*,*,#4374,.T.);
#4374 = EDGE_CURVE('',#1220,#2480,#4375,.T.);
#4375 = LINE('',#4376,#4377);
#4376 = CARTESIAN_POINT('',(103.492566,-81.45,-4.5E-02));
#4377 = VECTOR('',#4378,1.);
#4378 = DIRECTION('',(0.,0.,1.));
#4379 = ORIENTED_EDGE('',*,*,#2479,.F.);
#4380 = ORIENTED_EDGE('',*,*,#4374,.F.);
#4381 = CYLINDRICAL_SURFACE('',#4382,0.95);
#4382 = AXIS2_PLACEMENT_3D('',#4383,#4384,#4385);
#4383 = CARTESIAN_POINT('',(103.492566,-80.5,-4.5E-02));
#4384 = DIRECTION('',(-0.,-0.,-1.));
#4385 = DIRECTION('',(-0.,-1.,0.));
#4386 = ADVANCED_FACE('',(#4387),#4398,.F.);
#4387 = FACE_BOUND('',#4388,.T.);
#4388 = EDGE_LOOP('',(#4389,#4390,#4396,#4397));
#4389 = ORIENTED_EDGE('',*,*,#1230,.T.);
#4390 = ORIENTED_EDGE('',*,*,#4391,.T.);
#4391 = EDGE_CURVE('',#1231,#2491,#4392,.T.);
#4392 = LINE('',#4393,#4394);
#4393 = CARTESIAN_POINT('',(97.992566,-82.225,-4.5E-02));
#4394 = VECTOR('',#4395,1.);
#4395 = DIRECTION('',(0.,0.,1.));
#4396 = ORIENTED_EDGE('',*,*,#2490,.F.);
#4397 = ORIENTED_EDGE('',*,*,#4391,.F.);
#4398 = CYLINDRICAL_SURFACE('',#4399,1.725);
#4399 = AXIS2_PLACEMENT_3D('',#4400,#4401,#4402);
#4400 = CARTESIAN_POINT('',(97.992566,-80.5,-4.5E-02));
#4401 = DIRECTION('',(-0.,-0.,-1.));
#4402 = DIRECTION('',(-8.238176646494E-15,-1.,0.));
#4403 = ADVANCED_FACE('',(#4404),#4415,.F.);
#4404 = FACE_BOUND('',#4405,.T.);
#4405 = EDGE_LOOP('',(#4406,#4407,#4413,#4414));
#4406 = ORIENTED_EDGE('',*,*,#1241,.T.);
#4407 = ORIENTED_EDGE('',*,*,#4408,.T.);
#4408 = EDGE_CURVE('',#1242,#2502,#4409,.T.);
#4409 = LINE('',#4410,#4411);
#4410 = CARTESIAN_POINT('',(92.492566,-81.45,-4.5E-02));
#4411 = VECTOR('',#4412,1.);
#4412 = DIRECTION('',(0.,0.,1.));
#4413 = ORIENTED_EDGE('',*,*,#2501,.F.);
#4414 = ORIENTED_EDGE('',*,*,#4408,.F.);
#4415 = CYLINDRICAL_SURFACE('',#4416,0.95);
#4416 = AXIS2_PLACEMENT_3D('',#4417,#4418,#4419);
#4417 = CARTESIAN_POINT('',(92.492566,-80.5,-4.5E-02));
#4418 = DIRECTION('',(-0.,-0.,-1.));
#4419 = DIRECTION('',(-0.,-1.,0.));
#4420 = ADVANCED_FACE('',(#4421),#4432,.F.);
#4421 = FACE_BOUND('',#4422,.T.);
#4422 = EDGE_LOOP('',(#4423,#4424,#4430,#4431));
#4423 = ORIENTED_EDGE('',*,*,#1252,.T.);
#4424 = ORIENTED_EDGE('',*,*,#4425,.T.);
#4425 = EDGE_CURVE('',#1253,#2513,#4426,.T.);
#4426 = LINE('',#4427,#4428);
#4427 = CARTESIAN_POINT('',(97.992566,-75.2,-4.5E-02));
#4428 = VECTOR('',#4429,1.);
#4429 = DIRECTION('',(0.,0.,1.));
#4430 = ORIENTED_EDGE('',*,*,#2512,.F.);
#4431 = ORIENTED_EDGE('',*,*,#4425,.F.);
#4432 = CYLINDRICAL_SURFACE('',#4433,0.6);
#4433 = AXIS2_PLACEMENT_3D('',#4434,#4435,#4436);
#4434 = CARTESIAN_POINT('',(97.992566,-74.6,-4.5E-02));
#4435 = DIRECTION('',(-0.,-0.,-1.));
#4436 = DIRECTION('',(-2.368475785867E-14,-1.,0.));
#4437 = ADVANCED_FACE('',(#4438),#4449,.F.);
#4438 = FACE_BOUND('',#4439,.T.);
#4439 = EDGE_LOOP('',(#4440,#4441,#4447,#4448));
#4440 = ORIENTED_EDGE('',*,*,#1263,.T.);
#4441 = ORIENTED_EDGE('',*,*,#4442,.T.);
#4442 = EDGE_CURVE('',#1264,#2524,#4443,.T.);
#4443 = LINE('',#4444,#4445);
#4444 = CARTESIAN_POINT('',(92.992566,-77.3,-4.5E-02));
#4445 = VECTOR('',#4446,1.);
#4446 = DIRECTION('',(0.,0.,1.));
#4447 = ORIENTED_EDGE('',*,*,#2523,.F.);
#4448 = ORIENTED_EDGE('',*,*,#4442,.F.);
#4449 = CYLINDRICAL_SURFACE('',#4450,0.6);
#4450 = AXIS2_PLACEMENT_3D('',#4451,#4452,#4453);
#4451 = CARTESIAN_POINT('',(92.992566,-76.7,-4.5E-02));
#4452 = DIRECTION('',(-0.,-0.,-1.));
#4453 = DIRECTION('',(-2.368475785867E-14,-1.,0.));
#4454 = ADVANCED_FACE('',(#4455),#4466,.F.);
#4455 = FACE_BOUND('',#4456,.T.);
#4456 = EDGE_LOOP('',(#4457,#4458,#4464,#4465));
#4457 = ORIENTED_EDGE('',*,*,#1274,.T.);
#4458 = ORIENTED_EDGE('',*,*,#4459,.T.);
#4459 = EDGE_CURVE('',#1275,#2535,#4460,.T.);
#4460 = LINE('',#4461,#4462);
#4461 = CARTESIAN_POINT('',(155.041066,-71.619294,-4.5E-02));
#4462 = VECTOR('',#4463,1.);
#4463 = DIRECTION('',(0.,0.,1.));
#4464 = ORIENTED_EDGE('',*,*,#2534,.F.);
#4465 = ORIENTED_EDGE('',*,*,#4459,.F.);
#4466 = CYLINDRICAL_SURFACE('',#4467,0.6);
#4467 = AXIS2_PLACEMENT_3D('',#4468,#4469,#4470);
#4468 = CARTESIAN_POINT('',(155.041066,-71.019294,-4.5E-02));
#4469 = DIRECTION('',(-0.,-0.,-1.));
#4470 = DIRECTION('',(-0.,-1.,0.));
#4471 = ADVANCED_FACE('',(#4472),#4483,.F.);
#4472 = FACE_BOUND('',#4473,.T.);
#4473 = EDGE_LOOP('',(#4474,#4475,#4481,#4482));
#4474 = ORIENTED_EDGE('',*,*,#1285,.T.);
#4475 = ORIENTED_EDGE('',*,*,#4476,.T.);
#4476 = EDGE_CURVE('',#1286,#2546,#4477,.T.);
#4477 = LINE('',#4478,#4479);
#4478 = CARTESIAN_POINT('',(141.331568,-63.947353,-4.5E-02));
#4479 = VECTOR('',#4480,1.);
#4480 = DIRECTION('',(0.,0.,1.));
#4481 = ORIENTED_EDGE('',*,*,#2545,.F.);
#4482 = ORIENTED_EDGE('',*,*,#4476,.F.);
#4483 = CYLINDRICAL_SURFACE('',#4484,0.95);
#4484 = AXIS2_PLACEMENT_3D('',#4485,#4486,#4487);
#4485 = CARTESIAN_POINT('',(141.331568,-62.997353,-4.5E-02));
#4486 = DIRECTION('',(-0.,-0.,-1.));
#4487 = DIRECTION('',(-0.,-1.,0.));
#4488 = ADVANCED_FACE('',(#4489),#4500,.F.);
#4489 = FACE_BOUND('',#4490,.T.);
#4490 = EDGE_LOOP('',(#4491,#4492,#4498,#4499));
#4491 = ORIENTED_EDGE('',*,*,#1296,.T.);
#4492 = ORIENTED_EDGE('',*,*,#4493,.T.);
#4493 = EDGE_CURVE('',#1297,#2557,#4494,.T.);
#4494 = LINE('',#4495,#4496);
#4495 = CARTESIAN_POINT('',(135.831568,-64.722353,-4.5E-02));
#4496 = VECTOR('',#4497,1.);
#4497 = DIRECTION('',(0.,0.,1.));
#4498 = ORIENTED_EDGE('',*,*,#2556,.F.);
#4499 = ORIENTED_EDGE('',*,*,#4493,.F.);
#4500 = CYLINDRICAL_SURFACE('',#4501,1.725);
#4501 = AXIS2_PLACEMENT_3D('',#4502,#4503,#4504);
#4502 = CARTESIAN_POINT('',(135.831568,-62.997353,-4.5E-02));
#4503 = DIRECTION('',(-0.,-0.,-1.));
#4504 = DIRECTION('',(-0.,-1.,0.));
#4505 = ADVANCED_FACE('',(#4506),#4517,.F.);
#4506 = FACE_BOUND('',#4507,.T.);
#4507 = EDGE_LOOP('',(#4508,#4509,#4515,#4516));
#4508 = ORIENTED_EDGE('',*,*,#1307,.T.);
#4509 = ORIENTED_EDGE('',*,*,#4510,.T.);
#4510 = EDGE_CURVE('',#1308,#2568,#4511,.T.);
#4511 = LINE('',#4512,#4513);
#4512 = CARTESIAN_POINT('',(130.331568,-63.947353,-4.5E-02));
#4513 = VECTOR('',#4514,1.);
#4514 = DIRECTION('',(0.,0.,1.));
#4515 = ORIENTED_EDGE('',*,*,#2567,.F.);
#4516 = ORIENTED_EDGE('',*,*,#4510,.F.);
#4517 = CYLINDRICAL_SURFACE('',#4518,0.95);
#4518 = AXIS2_PLACEMENT_3D('',#4519,#4520,#4521);
#4519 = CARTESIAN_POINT('',(130.331568,-62.997353,-4.5E-02));
#4520 = DIRECTION('',(-0.,-0.,-1.));
#4521 = DIRECTION('',(-0.,-1.,0.));
#4522 = ADVANCED_FACE('',(#4523),#4534,.F.);
#4523 = FACE_BOUND('',#4524,.T.);
#4524 = EDGE_LOOP('',(#4525,#4526,#4532,#4533));
#4525 = ORIENTED_EDGE('',*,*,#1318,.T.);
#4526 = ORIENTED_EDGE('',*,*,#4527,.T.);
#4527 = EDGE_CURVE('',#1319,#2579,#4528,.T.);
#4528 = LINE('',#4529,#4530);
#4529 = CARTESIAN_POINT('',(154.995264,-59.527257,-4.5E-02));
#4530 = VECTOR('',#4531,1.);
#4531 = DIRECTION('',(0.,0.,1.));
#4532 = ORIENTED_EDGE('',*,*,#2578,.F.);
#4533 = ORIENTED_EDGE('',*,*,#4527,.F.);
#4534 = CYLINDRICAL_SURFACE('',#4535,1.725);
#4535 = AXIS2_PLACEMENT_3D('',#4536,#4537,#4538);
#4536 = CARTESIAN_POINT('',(154.995264,-57.802257,-4.5E-02));
#4537 = DIRECTION('',(-0.,-0.,-1.));
#4538 = DIRECTION('',(-0.,-1.,0.));
#4539 = ADVANCED_FACE('',(#4540),#4551,.F.);
#4540 = FACE_BOUND('',#4541,.T.);
#4541 = EDGE_LOOP('',(#4542,#4543,#4549,#4550));
#4542 = ORIENTED_EDGE('',*,*,#1329,.T.);
#4543 = ORIENTED_EDGE('',*,*,#4544,.T.);
#4544 = EDGE_CURVE('',#1330,#2590,#4545,.T.);
#4545 = LINE('',#4546,#4547);
#4546 = CARTESIAN_POINT('',(149.495264,-58.752257,-4.5E-02));
#4547 = VECTOR('',#4548,1.);
#4548 = DIRECTION('',(0.,0.,1.));
#4549 = ORIENTED_EDGE('',*,*,#2589,.F.);
#4550 = ORIENTED_EDGE('',*,*,#4544,.F.);
#4551 = CYLINDRICAL_SURFACE('',#4552,0.95);
#4552 = AXIS2_PLACEMENT_3D('',#4553,#4554,#4555);
#4553 = CARTESIAN_POINT('',(149.495264,-57.802257,-4.5E-02));
#4554 = DIRECTION('',(-0.,-0.,-1.));
#4555 = DIRECTION('',(-2.991758887411E-14,-1.,0.));
#4556 = ADVANCED_FACE('',(#4557),#4568,.F.);
#4557 = FACE_BOUND('',#4558,.T.);
#4558 = EDGE_LOOP('',(#4559,#4560,#4566,#4567));
#4559 = ORIENTED_EDGE('',*,*,#1340,.T.);
#4560 = ORIENTED_EDGE('',*,*,#4561,.T.);
#4561 = EDGE_CURVE('',#1341,#2601,#4562,.T.);
#4562 = LINE('',#4563,#4564);
#4563 = CARTESIAN_POINT('',(149.995264,-54.602257,-4.5E-02));
#4564 = VECTOR('',#4565,1.);
#4565 = DIRECTION('',(0.,0.,1.));
#4566 = ORIENTED_EDGE('',*,*,#2600,.F.);
#4567 = ORIENTED_EDGE('',*,*,#4561,.F.);
#4568 = CYLINDRICAL_SURFACE('',#4569,0.6);
#4569 = AXIS2_PLACEMENT_3D('',#4570,#4571,#4572);
#4570 = CARTESIAN_POINT('',(149.995264,-54.002257,-4.5E-02));
#4571 = DIRECTION('',(-0.,-0.,-1.));
#4572 = DIRECTION('',(-0.,-1.,0.));
#4573 = ADVANCED_FACE('',(#4574),#4585,.F.);
#4574 = FACE_BOUND('',#4575,.T.);
#4575 = EDGE_LOOP('',(#4576,#4577,#4583,#4584));
#4576 = ORIENTED_EDGE('',*,*,#1351,.T.);
#4577 = ORIENTED_EDGE('',*,*,#4578,.T.);
#4578 = EDGE_CURVE('',#1352,#2612,#4579,.T.);
#4579 = LINE('',#4580,#4581);
#4580 = CARTESIAN_POINT('',(154.995264,-52.502257,-4.5E-02));
#4581 = VECTOR('',#4582,1.);
#4582 = DIRECTION('',(0.,0.,1.));
#4583 = ORIENTED_EDGE('',*,*,#2611,.F.);
#4584 = ORIENTED_EDGE('',*,*,#4578,.F.);
#4585 = CYLINDRICAL_SURFACE('',#4586,0.6);
#4586 = AXIS2_PLACEMENT_3D('',#4587,#4588,#4589);
#4587 = CARTESIAN_POINT('',(154.995264,-51.902257,-4.5E-02));
#4588 = DIRECTION('',(-0.,-0.,-1.));
#4589 = DIRECTION('',(-0.,-1.,0.));
#4590 = ADVANCED_FACE('',(#4591),#4602,.F.);
#4591 = FACE_BOUND('',#4592,.T.);
#4592 = EDGE_LOOP('',(#4593,#4594,#4600,#4601));
#4593 = ORIENTED_EDGE('',*,*,#1362,.T.);
#4594 = ORIENTED_EDGE('',*,*,#4595,.T.);
#4595 = EDGE_CURVE('',#1363,#2623,#4596,.T.);
#4596 = LINE('',#4597,#4598);
#4597 = CARTESIAN_POINT('',(135.831568,-57.697353,-4.5E-02));
#4598 = VECTOR('',#4599,1.);
#4599 = DIRECTION('',(0.,0.,1.));
#4600 = ORIENTED_EDGE('',*,*,#2622,.F.);
#4601 = ORIENTED_EDGE('',*,*,#4595,.F.);
#4602 = CYLINDRICAL_SURFACE('',#4603,0.6);
#4603 = AXIS2_PLACEMENT_3D('',#4604,#4605,#4606);
#4604 = CARTESIAN_POINT('',(135.831568,-57.097353,-4.5E-02));
#4605 = DIRECTION('',(-0.,-0.,-1.));
#4606 = DIRECTION('',(-0.,-1.,0.));
#4607 = ADVANCED_FACE('',(#4608),#4619,.F.);
#4608 = FACE_BOUND('',#4609,.T.);
#4609 = EDGE_LOOP('',(#4610,#4611,#4617,#4618));
#4610 = ORIENTED_EDGE('',*,*,#1373,.T.);
#4611 = ORIENTED_EDGE('',*,*,#4612,.T.);
#4612 = EDGE_CURVE('',#1374,#2634,#4613,.T.);
#4613 = LINE('',#4614,#4615);
#4614 = CARTESIAN_POINT('',(130.831568,-59.797353,-4.5E-02));
#4615 = VECTOR('',#4616,1.);
#4616 = DIRECTION('',(0.,0.,1.));
#4617 = ORIENTED_EDGE('',*,*,#2633,.F.);
#4618 = ORIENTED_EDGE('',*,*,#4612,.F.);
#4619 = CYLINDRICAL_SURFACE('',#4620,0.6);
#4620 = AXIS2_PLACEMENT_3D('',#4621,#4622,#4623);
#4621 = CARTESIAN_POINT('',(130.831568,-59.197353,-4.5E-02));
#4622 = DIRECTION('',(-0.,-0.,-1.));
#4623 = DIRECTION('',(-0.,-1.,0.));
#4624 = ADVANCED_FACE('',(#4625),#4636,.F.);
#4625 = FACE_BOUND('',#4626,.T.);
#4626 = EDGE_LOOP('',(#4627,#4628,#4634,#4635));
#4627 = ORIENTED_EDGE('',*,*,#1384,.T.);
#4628 = ORIENTED_EDGE('',*,*,#4629,.T.);
#4629 = EDGE_CURVE('',#1385,#2645,#4630,.T.);
#4630 = LINE('',#4631,#4632);
#4631 = CARTESIAN_POINT('',(117.,-70.2,-4.5E-02));
#4632 = VECTOR('',#4633,1.);
#4633 = DIRECTION('',(0.,0.,1.));
#4634 = ORIENTED_EDGE('',*,*,#2644,.F.);
#4635 = ORIENTED_EDGE('',*,*,#4629,.F.);
#4636 = CYLINDRICAL_SURFACE('',#4637,0.6);
#4637 = AXIS2_PLACEMENT_3D('',#4638,#4639,#4640);
#4638 = CARTESIAN_POINT('',(117.,-69.6,-4.5E-02));
#4639 = DIRECTION('',(-0.,-0.,-1.));
#4640 = DIRECTION('',(-0.,-1.,0.));
#4641 = ( GEOMETRIC_REPRESENTATION_CONTEXT(3) 
GLOBAL_UNCERTAINTY_ASSIGNED_CONTEXT((#4645)) 
GLOBAL_UNIT_ASSIGNED_CONTEXT((#4642,#4643,#4644)) REPRESENTATION_CONTEXT
('Context #1','3D Context with UNIT and UNCERTAINTY') );
#4642 = ( LENGTH_UNIT() NAMED_UNIT(*) SI_UNIT(.MILLI.,.METRE.) );
#4643 = ( NAMED_UNIT(*) PLANE_ANGLE_UNIT() SI_UNIT($,.RADIAN.) );
#4644 = ( NAMED_UNIT(*) SI_UNIT($,.STERADIAN.) SOLID_ANGLE_UNIT() );
#4645 = UNCERTAINTY_MEASURE_WITH_UNIT(LENGTH_MEASURE(1.E-07),#4642,
  'distance_accuracy_value','confusion accuracy');
#4646 = CONTEXT_DEPENDENT_SHAPE_REPRESENTATION(#4647,#4649);
#4647 = ( REPRESENTATION_RELATIONSHIP('','',#32,#10) 
REPRESENTATION_RELATIONSHIP_WITH_TRANSFORMATION(#4648) 
SHAPE_REPRESENTATION_RELATIONSHIP() );
#4648 = ITEM_DEFINED_TRANSFORMATION('','',#11,#15);
#4649 = PRODUCT_DEFINITION_SHAPE('Placement','Placement of an item',
  #4650);
#4650 = NEXT_ASSEMBLY_USAGE_OCCURRENCE('1','=>[0:1:1:2]','',#5,#27,$);
#4651 = PRODUCT_RELATED_PRODUCT_CATEGORY('part',$,(#29));
#4652 = MECHANICAL_DESIGN_GEOMETRIC_PRESENTATION_REPRESENTATION('',(
    #4653),#4641);
#4653 = STYLED_ITEM('color',(#4654),#33);
#4654 = PRESENTATION_STYLE_ASSIGNMENT((#4655));
#4655 = SURFACE_STYLE_USAGE(.BOTH.,#4656);
#4656 = SURFACE_SIDE_STYLE('',(#4657));
#4657 = SURFACE_STYLE_FILL_AREA(#4658);
#4658 = FILL_AREA_STYLE('',(#4659));
#4659 = FILL_AREA_STYLE_COLOUR('',#4660);
#4660 = COLOUR_RGB('',0.313304153717,0.484529207832,0.410020903123);
ENDSEC;
END-ISO-10303-21;
