ISO-10303-21;
HEADER;
FILE_DESCRIPTION(('KiCad electronic assembly'),'2;1');
FILE_NAME('pcb-2-no-switches.step','2024-06-23T21:32:42',('Pcbnew'),(
    'Kicad'),'Open CASCADE STEP processor 7.6','KiCad to STEP converter'
  ,'Unknown');
FILE_SCHEMA(('AUTOMOTIVE_DESIGN { 1 0 10303 214 1 1 1 1 }'));
ENDSEC;
DATA;
#1 = APPLICATION_PROTOCOL_DEFINITION('international standard',
  'automotive_design',2000,#2);
#2 = APPLICATION_CONTEXT(
  'core data for automotive mechanical design processes');
#3 = SHAPE_DEFINITION_REPRESENTATION(#4,#10);
#4 = PRODUCT_DEFINITION_SHAPE('','',#5);
#5 = PRODUCT_DEFINITION('design','',#6,#9);
#6 = PRODUCT_DEFINITION_FORMATION('','',#7);
#7 = PRODUCT('pcb-2-no-switches 1','pcb-2-no-switches 1','',(#8));
#8 = PRODUCT_CONTEXT('',#2,'mechanical');
#9 = PRODUCT_DEFINITION_CONTEXT('part definition',#2,'design');
#10 = SHAPE_REPRESENTATION('',(#11,#15,#19,#23,#27,#31,#35,#39,#43,#47,
    #51,#55,#59,#63,#67,#71,#75,#79,#83,#87,#91,#95,#99),#103);
#11 = AXIS2_PLACEMENT_3D('',#12,#13,#14);
#12 = CARTESIAN_POINT('',(0.,0.,0.));
#13 = DIRECTION('',(0.,0.,1.));
#14 = DIRECTION('',(1.,0.,-0.));
#15 = AXIS2_PLACEMENT_3D('',#16,#17,#18);
#16 = CARTESIAN_POINT('',(152.4,-51.25,-5.E-02));
#17 = DIRECTION('',(1.224646799147E-16,-1.359631073447E-32,-1.));
#18 = DIRECTION('',(1.110223024625E-16,1.,0.));
#19 = AXIS2_PLACEMENT_3D('',#20,#21,#22);
#20 = CARTESIAN_POINT('',(133.35,-38.73125,-5.E-02));
#21 = DIRECTION('',(1.224646799147E-16,-1.359631073447E-32,-1.));
#22 = DIRECTION('',(1.110223024625E-16,1.,0.));
#23 = AXIS2_PLACEMENT_3D('',#24,#25,#26);
#24 = CARTESIAN_POINT('',(114.3,-76.83125,-5.E-02));
#25 = DIRECTION('',(1.224646799147E-16,-1.359631073447E-32,-1.));
#26 = DIRECTION('',(1.110223024625E-16,1.,0.));
#27 = AXIS2_PLACEMENT_3D('',#28,#29,#30);
#28 = CARTESIAN_POINT('',(114.3,-55.4,-5.E-02));
#29 = DIRECTION('',(1.224646799147E-16,-1.359631073447E-32,-1.));
#30 = DIRECTION('',(1.110223024625E-16,1.,0.));
#31 = AXIS2_PLACEMENT_3D('',#32,#33,#34);
#32 = CARTESIAN_POINT('',(76.,-50.75,-5.E-02));
#33 = DIRECTION('',(1.224646799147E-16,-1.359631073447E-32,-1.));
#34 = DIRECTION('',(1.110223024625E-16,1.,0.));
#35 = AXIS2_PLACEMENT_3D('',#36,#37,#38);
#36 = CARTESIAN_POINT('',(95.25,-63.05,-5.E-02));
#37 = DIRECTION('',(1.224646799147E-16,-1.359631073447E-32,-1.));
#38 = DIRECTION('',(1.110223024625E-16,1.,0.));
#39 = AXIS2_PLACEMENT_3D('',#40,#41,#42);
#40 = CARTESIAN_POINT('',(114.3,-38.73125,-5.E-02));
#41 = DIRECTION('',(1.224646799147E-16,-1.359631073447E-32,-1.));
#42 = DIRECTION('',(1.110223024625E-16,1.,0.));
#43 = AXIS2_PLACEMENT_3D('',#44,#45,#46);
#44 = CARTESIAN_POINT('',(152.4,-81.59375,-5.E-02));
#45 = DIRECTION('',(1.224646799147E-16,-1.359631073447E-32,-1.));
#46 = DIRECTION('',(1.110223024625E-16,1.,0.));
#47 = AXIS2_PLACEMENT_3D('',#48,#49,#50);
#48 = CARTESIAN_POINT('',(76.2,-69.05625,-5.E-02));
#49 = DIRECTION('',(1.224646799147E-16,-1.359631073447E-32,-1.));
#50 = DIRECTION('',(1.110223024625E-16,1.,0.));
#51 = AXIS2_PLACEMENT_3D('',#52,#53,#54);
#52 = CARTESIAN_POINT('',(95.25,-79.71875,-5.E-02));
#53 = DIRECTION('',(1.224646799147E-16,-1.359631073447E-32,-1.));
#54 = DIRECTION('',(1.110223024625E-16,1.,0.));
#55 = AXIS2_PLACEMENT_3D('',#56,#57,#58);
#56 = CARTESIAN_POINT('',(76.,-92.8,-5.E-02));
#57 = DIRECTION('',(1.224646799147E-16,-1.359631073447E-32,-1.));
#58 = DIRECTION('',(1.110223024625E-16,1.,0.));
#59 = AXIS2_PLACEMENT_3D('',#60,#61,#62);
#60 = CARTESIAN_POINT('',(57.15,-52.3875,-5.E-02));
#61 = DIRECTION('',(1.224646799147E-16,-1.359631073447E-32,-1.));
#62 = DIRECTION('',(1.110223024625E-16,1.,0.));
#63 = AXIS2_PLACEMENT_3D('',#64,#65,#66);
#64 = CARTESIAN_POINT('',(57.15,-92.86875,-5.E-02));
#65 = DIRECTION('',(1.224646799147E-16,-1.359631073447E-32,-1.));
#66 = DIRECTION('',(1.110223024625E-16,1.,0.));
#67 = AXIS2_PLACEMENT_3D('',#68,#69,#70);
#68 = CARTESIAN_POINT('',(57.15,-73.0875,-5.E-02));
#69 = DIRECTION('',(1.224646799147E-16,-1.359631073447E-32,-1.));
#70 = DIRECTION('',(1.110223024625E-16,1.,0.));
#71 = AXIS2_PLACEMENT_3D('',#72,#73,#74);
#72 = CARTESIAN_POINT('',(95.25,-41.61875,-5.E-02));
#73 = DIRECTION('',(1.224646799147E-16,-1.359631073447E-32,-1.));
#74 = DIRECTION('',(1.110223024625E-16,1.,0.));
#75 = AXIS2_PLACEMENT_3D('',#76,#77,#78);
#76 = CARTESIAN_POINT('',(133.35,-76.83125,-5.E-02));
#77 = DIRECTION('',(1.224646799147E-16,-1.359631073447E-32,-1.));
#78 = DIRECTION('',(1.110223024625E-16,1.,0.));
#79 = AXIS2_PLACEMENT_3D('',#80,#81,#82);
#80 = CARTESIAN_POINT('',(133.35,-103.025,-5.E-02));
#81 = DIRECTION('',(1.224646799147E-16,-1.359631073447E-32,-1.));
#82 = DIRECTION('',(1.110223024625E-16,1.,0.));
#83 = AXIS2_PLACEMENT_3D('',#84,#85,#86);
#84 = CARTESIAN_POINT('',(152.4,-62.54375,-5.E-02));
#85 = DIRECTION('',(1.224646799147E-16,-1.359631073447E-32,-1.));
#86 = DIRECTION('',(1.110223024625E-16,1.,0.));
#87 = AXIS2_PLACEMENT_3D('',#88,#89,#90);
#88 = CARTESIAN_POINT('',(152.4,-103.025,-5.E-02));
#89 = DIRECTION('',(1.224646799147E-16,-1.359631073447E-32,-1.));
#90 = DIRECTION('',(1.110223024625E-16,1.,0.));
#91 = AXIS2_PLACEMENT_3D('',#92,#93,#94);
#92 = CARTESIAN_POINT('',(133.35,-57.78125,-5.E-02));
#93 = DIRECTION('',(1.224646799147E-16,-1.359631073447E-32,-1.));
#94 = DIRECTION('',(1.110223024625E-16,1.,0.));
#95 = AXIS2_PLACEMENT_3D('',#96,#97,#98);
#96 = CARTESIAN_POINT('',(114.3,-103.025,-5.E-02));
#97 = DIRECTION('',(1.224646799147E-16,-1.359631073447E-32,-1.));
#98 = DIRECTION('',(1.110223024625E-16,1.,0.));
#99 = AXIS2_PLACEMENT_3D('',#100,#101,#102);
#100 = CARTESIAN_POINT('',(0.,0.,0.));
#101 = DIRECTION('',(0.,0.,1.));
#102 = DIRECTION('',(1.,0.,-0.));
#103 = ( GEOMETRIC_REPRESENTATION_CONTEXT(3) 
GLOBAL_UNCERTAINTY_ASSIGNED_CONTEXT((#107)) GLOBAL_UNIT_ASSIGNED_CONTEXT
((#104,#105,#106)) REPRESENTATION_CONTEXT('Context #1',
  '3D Context with UNIT and UNCERTAINTY') );
#104 = ( LENGTH_UNIT() NAMED_UNIT(*) SI_UNIT(.MILLI.,.METRE.) );
#105 = ( NAMED_UNIT(*) PLANE_ANGLE_UNIT() SI_UNIT($,.RADIAN.) );
#106 = ( NAMED_UNIT(*) SI_UNIT($,.STERADIAN.) SOLID_ANGLE_UNIT() );
#107 = UNCERTAINTY_MEASURE_WITH_UNIT(LENGTH_MEASURE(2.E-06),#104,
  'distance_accuracy_value','confusion accuracy');
#108 = PRODUCT_RELATED_PRODUCT_CATEGORY('part',$,(#7));
#109 = SHAPE_DEFINITION_REPRESENTATION(#110,#116);
#110 = PRODUCT_DEFINITION_SHAPE('','',#111);
#111 = PRODUCT_DEFINITION('design','',#112,#115);
#112 = PRODUCT_DEFINITION_FORMATION('','',#113);
#113 = PRODUCT('Diode_SOD-123','Diode_SOD-123','',(#114));
#114 = PRODUCT_CONTEXT('',#2,'mechanical');
#115 = PRODUCT_DEFINITION_CONTEXT('part definition',#2,'design');
#116 = SHAPE_REPRESENTATION('',(#11,#117),#121);
#117 = AXIS2_PLACEMENT_3D('',#118,#119,#120);
#118 = CARTESIAN_POINT('',(0.,0.,0.));
#119 = DIRECTION('',(0.,0.,1.));
#120 = DIRECTION('',(1.,0.,-0.));
#121 = ( GEOMETRIC_REPRESENTATION_CONTEXT(3) 
GLOBAL_UNCERTAINTY_ASSIGNED_CONTEXT((#125)) GLOBAL_UNIT_ASSIGNED_CONTEXT
((#122,#123,#124)) REPRESENTATION_CONTEXT('Context #1',
  '3D Context with UNIT and UNCERTAINTY') );
#122 = ( LENGTH_UNIT() NAMED_UNIT(*) SI_UNIT(.MILLI.,.METRE.) );
#123 = ( NAMED_UNIT(*) PLANE_ANGLE_UNIT() SI_UNIT($,.RADIAN.) );
#124 = ( NAMED_UNIT(*) SI_UNIT($,.STERADIAN.) SOLID_ANGLE_UNIT() );
#125 = UNCERTAINTY_MEASURE_WITH_UNIT(LENGTH_MEASURE(2.E-06),#122,
  'distance_accuracy_value','confusion accuracy');
#126 = CONTEXT_DEPENDENT_SHAPE_REPRESENTATION(#127,#129);
#127 = ( REPRESENTATION_RELATIONSHIP('','',#116,#10) 
REPRESENTATION_RELATIONSHIP_WITH_TRANSFORMATION(#128) 
SHAPE_REPRESENTATION_RELATIONSHIP() );
#128 = ITEM_DEFINED_TRANSFORMATION('','',#11,#15);
#129 = PRODUCT_DEFINITION_SHAPE('Placement','Placement of an item',#130
  );
#130 = NEXT_ASSEMBLY_USAGE_OCCURRENCE('2','D6','',#5,#111,$);
#131 = PRODUCT_RELATED_PRODUCT_CATEGORY('part',$,(#113));
#132 = SHAPE_DEFINITION_REPRESENTATION(#133,#139);
#133 = PRODUCT_DEFINITION_SHAPE('','',#134);
#134 = PRODUCT_DEFINITION('design','',#135,#138);
#135 = PRODUCT_DEFINITION_FORMATION('','',#136);
#136 = PRODUCT('D_SOD_123','D_SOD_123','',(#137));
#137 = PRODUCT_CONTEXT('',#2,'mechanical');
#138 = PRODUCT_DEFINITION_CONTEXT('part definition',#2,'design');
#139 = ADVANCED_BREP_SHAPE_REPRESENTATION('',(#11,#140),#1940);
#140 = MANIFOLD_SOLID_BREP('',#141);
#141 = CLOSED_SHELL('',(#142,#182,#215,#248,#315,#382,#427,#444,#467,
    #489,#506,#523,#540,#552,#575,#638,#661,#684,#707,#737,#761,#784,
    #807,#852,#875,#892,#915,#932,#955,#978,#1009,#1032,#1055,#1085,
    #1115,#1148,#1165,#1182,#1205,#1228,#1318,#1334,#1357,#1387,#1462,
    #1537,#1567,#1584,#1601,#1618,#1634,#1661,#1677,#1689,#1701,#1732,
    #1756,#1780,#1797,#1814,#1831,#1848,#1865,#1882,#1899,#1916,#1928));
#142 = ADVANCED_FACE('',(#143),#177,.F.);
#143 = FACE_BOUND('',#144,.F.);
#144 = EDGE_LOOP('',(#145,#155,#163,#171));
#145 = ORIENTED_EDGE('',*,*,#146,.T.);
#146 = EDGE_CURVE('',#147,#149,#151,.T.);
#147 = VERTEX_POINT('',#148);
#148 = CARTESIAN_POINT('',(1.495,0.325,0.455));
#149 = VERTEX_POINT('',#150);
#150 = CARTESIAN_POINT('',(1.495,-0.325,0.455));
#151 = LINE('',#152,#153);
#152 = CARTESIAN_POINT('',(1.495,0.325,0.455));
#153 = VECTOR('',#154,1.);
#154 = DIRECTION('',(-2.22044604925E-16,-1.,0.));
#155 = ORIENTED_EDGE('',*,*,#156,.T.);
#156 = EDGE_CURVE('',#149,#157,#159,.T.);
#157 = VERTEX_POINT('',#158);
#158 = CARTESIAN_POINT('',(1.495,-0.325,0.32));
#159 = LINE('',#160,#161);
#160 = CARTESIAN_POINT('',(1.495,-0.325,0.455));
#161 = VECTOR('',#162,1.);
#162 = DIRECTION('',(0.,-0.,-1.));
#163 = ORIENTED_EDGE('',*,*,#164,.F.);
#164 = EDGE_CURVE('',#165,#157,#167,.T.);
#165 = VERTEX_POINT('',#166);
#166 = CARTESIAN_POINT('',(1.495,0.325,0.32));
#167 = LINE('',#168,#169);
#168 = CARTESIAN_POINT('',(1.495,0.325,0.32));
#169 = VECTOR('',#170,1.);
#170 = DIRECTION('',(-2.22044604925E-16,-1.,0.));
#171 = ORIENTED_EDGE('',*,*,#172,.F.);
#172 = EDGE_CURVE('',#147,#165,#173,.T.);
#173 = LINE('',#174,#175);
#174 = CARTESIAN_POINT('',(1.495,0.325,0.455));
#175 = VECTOR('',#176,1.);
#176 = DIRECTION('',(0.,-0.,-1.));
#177 = PLANE('',#178);
#178 = AXIS2_PLACEMENT_3D('',#179,#180,#181);
#179 = CARTESIAN_POINT('',(1.495,0.325,0.455));
#180 = DIRECTION('',(1.,-2.22044604925E-16,0.));
#181 = DIRECTION('',(0.,-0.,-1.));
#182 = ADVANCED_FACE('',(#183),#210,.F.);
#183 = FACE_BOUND('',#184,.F.);
#184 = EDGE_LOOP('',(#185,#195,#202,#203));
#185 = ORIENTED_EDGE('',*,*,#186,.T.);
#186 = EDGE_CURVE('',#187,#189,#191,.T.);
#187 = VERTEX_POINT('',#188);
#188 = CARTESIAN_POINT('',(1.375,0.325,0.575));
#189 = VERTEX_POINT('',#190);
#190 = CARTESIAN_POINT('',(1.375,-0.325,0.575));
#191 = LINE('',#192,#193);
#192 = CARTESIAN_POINT('',(1.375,0.325,0.575));
#193 = VECTOR('',#194,1.);
#194 = DIRECTION('',(-2.22044604925E-16,-1.,0.));
#195 = ORIENTED_EDGE('',*,*,#196,.T.);
#196 = EDGE_CURVE('',#189,#149,#197,.T.);
#197 = CIRCLE('',#198,0.12);
#198 = AXIS2_PLACEMENT_3D('',#199,#200,#201);
#199 = CARTESIAN_POINT('',(1.375,-0.325,0.455));
#200 = DIRECTION('',(2.22044604925E-16,1.,0.));
#201 = DIRECTION('',(-9.251858538543E-16,2.054325274013E-31,1.));
#202 = ORIENTED_EDGE('',*,*,#146,.F.);
#203 = ORIENTED_EDGE('',*,*,#204,.F.);
#204 = EDGE_CURVE('',#187,#147,#205,.T.);
#205 = CIRCLE('',#206,0.12);
#206 = AXIS2_PLACEMENT_3D('',#207,#208,#209);
#207 = CARTESIAN_POINT('',(1.375,0.325,0.455));
#208 = DIRECTION('',(2.22044604925E-16,1.,0.));
#209 = DIRECTION('',(-9.251858538543E-16,2.054325274013E-31,1.));
#210 = CYLINDRICAL_SURFACE('',#211,0.12);
#211 = AXIS2_PLACEMENT_3D('',#212,#213,#214);
#212 = CARTESIAN_POINT('',(1.375,0.325,0.455));
#213 = DIRECTION('',(2.22044604925E-16,1.,0.));
#214 = DIRECTION('',(-9.251858538543E-16,2.054325274013E-31,1.));
#215 = ADVANCED_FACE('',(#216),#243,.T.);
#216 = FACE_BOUND('',#217,.T.);
#217 = EDGE_LOOP('',(#218,#227,#235,#242));
#218 = ORIENTED_EDGE('',*,*,#219,.T.);
#219 = EDGE_CURVE('',#165,#220,#222,.T.);
#220 = VERTEX_POINT('',#221);
#221 = CARTESIAN_POINT('',(1.815,0.325,-5.551115123126E-17));
#222 = CIRCLE('',#223,0.32);
#223 = AXIS2_PLACEMENT_3D('',#224,#225,#226);
#224 = CARTESIAN_POINT('',(1.815,0.325,0.32));
#225 = DIRECTION('',(-2.22044604925E-16,-1.,0.));
#226 = DIRECTION('',(-1.,2.22044604925E-16,-8.673617379884E-16));
#227 = ORIENTED_EDGE('',*,*,#228,.T.);
#228 = EDGE_CURVE('',#220,#229,#231,.T.);
#229 = VERTEX_POINT('',#230);
#230 = CARTESIAN_POINT('',(1.815,-0.325,-5.551115123126E-17));
#231 = LINE('',#232,#233);
#232 = CARTESIAN_POINT('',(1.815,0.325,-5.551115123126E-17));
#233 = VECTOR('',#234,1.);
#234 = DIRECTION('',(-2.22044604925E-16,-1.,0.));
#235 = ORIENTED_EDGE('',*,*,#236,.F.);
#236 = EDGE_CURVE('',#157,#229,#237,.T.);
#237 = CIRCLE('',#238,0.32);
#238 = AXIS2_PLACEMENT_3D('',#239,#240,#241);
#239 = CARTESIAN_POINT('',(1.815,-0.325,0.32));
#240 = DIRECTION('',(-2.22044604925E-16,-1.,0.));
#241 = DIRECTION('',(-1.,2.22044604925E-16,-8.673617379884E-16));
#242 = ORIENTED_EDGE('',*,*,#164,.F.);
#243 = CYLINDRICAL_SURFACE('',#244,0.32);
#244 = AXIS2_PLACEMENT_3D('',#245,#246,#247);
#245 = CARTESIAN_POINT('',(1.815,0.325,0.32));
#246 = DIRECTION('',(2.22044604925E-16,1.,-0.));
#247 = DIRECTION('',(-1.,2.22044604925E-16,-8.673617379884E-16));
#248 = ADVANCED_FACE('',(#249),#310,.F.);
#249 = FACE_BOUND('',#250,.F.);
#250 = EDGE_LOOP('',(#251,#259,#260,#261,#262,#270,#278,#286,#295,#303)
  );
#251 = ORIENTED_EDGE('',*,*,#252,.F.);
#252 = EDGE_CURVE('',#187,#253,#255,.T.);
#253 = VERTEX_POINT('',#254);
#254 = CARTESIAN_POINT('',(1.375,0.325,0.775));
#255 = LINE('',#256,#257);
#256 = CARTESIAN_POINT('',(1.375,0.325,0.576887451393));
#257 = VECTOR('',#258,1.);
#258 = DIRECTION('',(0.,0.,1.));
#259 = ORIENTED_EDGE('',*,*,#204,.T.);
#260 = ORIENTED_EDGE('',*,*,#172,.T.);
#261 = ORIENTED_EDGE('',*,*,#219,.T.);
#262 = ORIENTED_EDGE('',*,*,#263,.T.);
#263 = EDGE_CURVE('',#220,#264,#266,.T.);
#264 = VERTEX_POINT('',#265);
#265 = CARTESIAN_POINT('',(1.9,0.325,-5.551115123126E-17));
#266 = LINE('',#267,#268);
#267 = CARTESIAN_POINT('',(1.815,0.325,-5.551115123126E-17));
#268 = VECTOR('',#269,1.);
#269 = DIRECTION('',(1.,-2.22044604925E-16,0.));
#270 = ORIENTED_EDGE('',*,*,#271,.T.);
#271 = EDGE_CURVE('',#264,#272,#274,.T.);
#272 = VERTEX_POINT('',#273);
#273 = CARTESIAN_POINT('',(1.9,0.325,0.2));
#274 = LINE('',#275,#276);
#275 = CARTESIAN_POINT('',(1.9,0.325,-5.551115123126E-17));
#276 = VECTOR('',#277,1.);
#277 = DIRECTION('',(0.,0.,1.));
#278 = ORIENTED_EDGE('',*,*,#279,.T.);
#279 = EDGE_CURVE('',#272,#280,#282,.T.);
#280 = VERTEX_POINT('',#281);
#281 = CARTESIAN_POINT('',(1.815,0.325,0.2));
#282 = LINE('',#283,#284);
#283 = CARTESIAN_POINT('',(1.9,0.325,0.2));
#284 = VECTOR('',#285,1.);
#285 = DIRECTION('',(-1.,2.22044604925E-16,0.));
#286 = ORIENTED_EDGE('',*,*,#287,.T.);
#287 = EDGE_CURVE('',#280,#288,#290,.T.);
#288 = VERTEX_POINT('',#289);
#289 = CARTESIAN_POINT('',(1.695,0.325,0.32));
#290 = CIRCLE('',#291,0.12);
#291 = AXIS2_PLACEMENT_3D('',#292,#293,#294);
#292 = CARTESIAN_POINT('',(1.815,0.325,0.32));
#293 = DIRECTION('',(2.22044604925E-16,1.,0.));
#294 = DIRECTION('',(-1.850371707709E-15,4.108650548026E-31,-1.));
#295 = ORIENTED_EDGE('',*,*,#296,.T.);
#296 = EDGE_CURVE('',#288,#297,#299,.T.);
#297 = VERTEX_POINT('',#298);
#298 = CARTESIAN_POINT('',(1.695,0.325,0.455));
#299 = LINE('',#300,#301);
#300 = CARTESIAN_POINT('',(1.695,0.325,0.32));
#301 = VECTOR('',#302,1.);
#302 = DIRECTION('',(0.,0.,1.));
#303 = ORIENTED_EDGE('',*,*,#304,.T.);
#304 = EDGE_CURVE('',#297,#253,#305,.T.);
#305 = CIRCLE('',#306,0.32);
#306 = AXIS2_PLACEMENT_3D('',#307,#308,#309);
#307 = CARTESIAN_POINT('',(1.375,0.325,0.455));
#308 = DIRECTION('',(-2.22044604925E-16,-1.,0.));
#309 = DIRECTION('',(1.,-2.22044604925E-16,1.387778780781E-15));
#310 = PLANE('',#311);
#311 = AXIS2_PLACEMENT_3D('',#312,#313,#314);
#312 = CARTESIAN_POINT('',(1.606759913636,0.325,0.378774902786));
#313 = DIRECTION('',(-2.22044604925E-16,-1.,0.));
#314 = DIRECTION('',(0.,0.,1.));
#315 = ADVANCED_FACE('',(#316),#377,.T.);
#316 = FACE_BOUND('',#317,.T.);
#317 = EDGE_LOOP('',(#318,#326,#327,#328,#329,#337,#345,#353,#362,#370)
  );
#318 = ORIENTED_EDGE('',*,*,#319,.F.);
#319 = EDGE_CURVE('',#189,#320,#322,.T.);
#320 = VERTEX_POINT('',#321);
#321 = CARTESIAN_POINT('',(1.375,-0.325,0.775));
#322 = LINE('',#323,#324);
#323 = CARTESIAN_POINT('',(1.375,-0.325,0.576887451393));
#324 = VECTOR('',#325,1.);
#325 = DIRECTION('',(0.,0.,1.));
#326 = ORIENTED_EDGE('',*,*,#196,.T.);
#327 = ORIENTED_EDGE('',*,*,#156,.T.);
#328 = ORIENTED_EDGE('',*,*,#236,.T.);
#329 = ORIENTED_EDGE('',*,*,#330,.T.);
#330 = EDGE_CURVE('',#229,#331,#333,.T.);
#331 = VERTEX_POINT('',#332);
#332 = CARTESIAN_POINT('',(1.9,-0.325,-5.551115123126E-17));
#333 = LINE('',#334,#335);
#334 = CARTESIAN_POINT('',(1.815,-0.325,-5.551115123126E-17));
#335 = VECTOR('',#336,1.);
#336 = DIRECTION('',(1.,-2.22044604925E-16,0.));
#337 = ORIENTED_EDGE('',*,*,#338,.T.);
#338 = EDGE_CURVE('',#331,#339,#341,.T.);
#339 = VERTEX_POINT('',#340);
#340 = CARTESIAN_POINT('',(1.9,-0.325,0.2));
#341 = LINE('',#342,#343);
#342 = CARTESIAN_POINT('',(1.9,-0.325,-5.551115123126E-17));
#343 = VECTOR('',#344,1.);
#344 = DIRECTION('',(0.,0.,1.));
#345 = ORIENTED_EDGE('',*,*,#346,.T.);
#346 = EDGE_CURVE('',#339,#347,#349,.T.);
#347 = VERTEX_POINT('',#348);
#348 = CARTESIAN_POINT('',(1.815,-0.325,0.2));
#349 = LINE('',#350,#351);
#350 = CARTESIAN_POINT('',(1.9,-0.325,0.2));
#351 = VECTOR('',#352,1.);
#352 = DIRECTION('',(-1.,2.22044604925E-16,0.));
#353 = ORIENTED_EDGE('',*,*,#354,.T.);
#354 = EDGE_CURVE('',#347,#355,#357,.T.);
#355 = VERTEX_POINT('',#356);
#356 = CARTESIAN_POINT('',(1.695,-0.325,0.32));
#357 = CIRCLE('',#358,0.12);
#358 = AXIS2_PLACEMENT_3D('',#359,#360,#361);
#359 = CARTESIAN_POINT('',(1.815,-0.325,0.32));
#360 = DIRECTION('',(2.22044604925E-16,1.,0.));
#361 = DIRECTION('',(-1.850371707709E-15,4.108650548026E-31,-1.));
#362 = ORIENTED_EDGE('',*,*,#363,.T.);
#363 = EDGE_CURVE('',#355,#364,#366,.T.);
#364 = VERTEX_POINT('',#365);
#365 = CARTESIAN_POINT('',(1.695,-0.325,0.455));
#366 = LINE('',#367,#368);
#367 = CARTESIAN_POINT('',(1.695,-0.325,0.32));
#368 = VECTOR('',#369,1.);
#369 = DIRECTION('',(0.,0.,1.));
#370 = ORIENTED_EDGE('',*,*,#371,.T.);
#371 = EDGE_CURVE('',#364,#320,#372,.T.);
#372 = CIRCLE('',#373,0.32);
#373 = AXIS2_PLACEMENT_3D('',#374,#375,#376);
#374 = CARTESIAN_POINT('',(1.375,-0.325,0.455));
#375 = DIRECTION('',(-2.22044604925E-16,-1.,0.));
#376 = DIRECTION('',(1.,-2.22044604925E-16,1.387778780781E-15));
#377 = PLANE('',#378);
#378 = AXIS2_PLACEMENT_3D('',#379,#380,#381);
#379 = CARTESIAN_POINT('',(1.606759913636,-0.325,0.378774902786));
#380 = DIRECTION('',(-2.22044604925E-16,-1.,0.));
#381 = DIRECTION('',(0.,0.,1.));
#382 = ADVANCED_FACE('',(#383),#422,.F.);
#383 = FACE_BOUND('',#384,.F.);
#384 = EDGE_LOOP('',(#385,#395,#402,#408,#409,#417));
#385 = ORIENTED_EDGE('',*,*,#386,.T.);
#386 = EDGE_CURVE('',#387,#389,#391,.T.);
#387 = VERTEX_POINT('',#388);
#388 = CARTESIAN_POINT('',(1.308243103516,0.671621551758,0.1));
#389 = VERTEX_POINT('',#390);
#390 = CARTESIAN_POINT('',(1.308243103516,-0.671621551758,0.1));
#391 = LINE('',#392,#393);
#392 = CARTESIAN_POINT('',(1.308243103516,0.671621551758,0.1));
#393 = VECTOR('',#394,1.);
#394 = DIRECTION('',(0.,-1.,0.));
#395 = ORIENTED_EDGE('',*,*,#396,.T.);
#396 = EDGE_CURVE('',#389,#397,#399,.T.);
#397 = VERTEX_POINT('',#398);
#398 = CARTESIAN_POINT('',(1.375,-0.705,0.575));
#399 = B_SPLINE_CURVE_WITH_KNOTS('',1,(#400,#401),.UNSPECIFIED.,.F.,.F.,
  (2,2),(0.,1.),.PIECEWISE_BEZIER_KNOTS.);
#400 = CARTESIAN_POINT('',(1.308243103516,-0.671621551758,0.1));
#401 = CARTESIAN_POINT('',(1.375,-0.705,0.575));
#402 = ORIENTED_EDGE('',*,*,#403,.F.);
#403 = EDGE_CURVE('',#189,#397,#404,.T.);
#404 = LINE('',#405,#406);
#405 = CARTESIAN_POINT('',(1.375,0.705,0.575));
#406 = VECTOR('',#407,1.);
#407 = DIRECTION('',(0.,-1.,0.));
#408 = ORIENTED_EDGE('',*,*,#186,.F.);
#409 = ORIENTED_EDGE('',*,*,#410,.F.);
#410 = EDGE_CURVE('',#411,#187,#413,.T.);
#411 = VERTEX_POINT('',#412);
#412 = CARTESIAN_POINT('',(1.375,0.705,0.575));
#413 = LINE('',#414,#415);
#414 = CARTESIAN_POINT('',(1.375,0.705,0.575));
#415 = VECTOR('',#416,1.);
#416 = DIRECTION('',(0.,-1.,0.));
#417 = ORIENTED_EDGE('',*,*,#418,.F.);
#418 = EDGE_CURVE('',#387,#411,#419,.T.);
#419 = B_SPLINE_CURVE_WITH_KNOTS('',1,(#420,#421),.UNSPECIFIED.,.F.,.F.,
  (2,2),(0.,1.),.PIECEWISE_BEZIER_KNOTS.);
#420 = CARTESIAN_POINT('',(1.308243103516,0.671621551758,0.1));
#421 = CARTESIAN_POINT('',(1.375,0.705,0.575));
#422 = B_SPLINE_SURFACE_WITH_KNOTS('',1,1,(
    (#423,#424)
    ,(#425,#426
    )),.UNSPECIFIED.,.F.,.F.,.F.,(2,2),(2,2),(0.,1.41),(0.,1.),
  .PIECEWISE_BEZIER_KNOTS.);
#423 = CARTESIAN_POINT('',(1.308243103516,0.671621551758,0.1));
#424 = CARTESIAN_POINT('',(1.375,0.705,0.575));
#425 = CARTESIAN_POINT('',(1.308243103516,-0.671621551758,0.1));
#426 = CARTESIAN_POINT('',(1.375,-0.705,0.575));
#427 = ADVANCED_FACE('',(#428),#439,.F.);
#428 = FACE_BOUND('',#429,.F.);
#429 = EDGE_LOOP('',(#430,#431,#432,#438));
#430 = ORIENTED_EDGE('',*,*,#228,.T.);
#431 = ORIENTED_EDGE('',*,*,#330,.T.);
#432 = ORIENTED_EDGE('',*,*,#433,.F.);
#433 = EDGE_CURVE('',#264,#331,#434,.T.);
#434 = LINE('',#435,#436);
#435 = CARTESIAN_POINT('',(1.9,0.325,-5.551115123126E-17));
#436 = VECTOR('',#437,1.);
#437 = DIRECTION('',(-2.22044604925E-16,-1.,0.));
#438 = ORIENTED_EDGE('',*,*,#263,.F.);
#439 = PLANE('',#440);
#440 = AXIS2_PLACEMENT_3D('',#441,#442,#443);
#441 = CARTESIAN_POINT('',(1.815,0.325,-5.551115123126E-17));
#442 = DIRECTION('',(0.,0.,1.));
#443 = DIRECTION('',(1.,-2.22044604925E-16,0.));
#444 = ADVANCED_FACE('',(#445),#462,.F.);
#445 = FACE_BOUND('',#446,.F.);
#446 = EDGE_LOOP('',(#447,#454,#455,#456));
#447 = ORIENTED_EDGE('',*,*,#448,.F.);
#448 = EDGE_CURVE('',#411,#449,#451,.T.);
#449 = VERTEX_POINT('',#450);
#450 = CARTESIAN_POINT('',(1.375,0.705,0.775));
#451 = B_SPLINE_CURVE_WITH_KNOTS('',1,(#452,#453),.UNSPECIFIED.,.F.,.F.,
  (2,2),(0.,1.),.PIECEWISE_BEZIER_KNOTS.);
#452 = CARTESIAN_POINT('',(1.375,0.705,0.575));
#453 = CARTESIAN_POINT('',(1.375,0.705,0.775));
#454 = ORIENTED_EDGE('',*,*,#410,.T.);
#455 = ORIENTED_EDGE('',*,*,#252,.T.);
#456 = ORIENTED_EDGE('',*,*,#457,.F.);
#457 = EDGE_CURVE('',#449,#253,#458,.T.);
#458 = LINE('',#459,#460);
#459 = CARTESIAN_POINT('',(1.375,0.705,0.775));
#460 = VECTOR('',#461,1.);
#461 = DIRECTION('',(0.,-1.,0.));
#462 = PLANE('',#463);
#463 = AXIS2_PLACEMENT_3D('',#464,#465,#466);
#464 = CARTESIAN_POINT('',(1.375,0.705,0.775));
#465 = DIRECTION('',(-1.,0.,0.));
#466 = DIRECTION('',(0.,-1.,0.));
#467 = ADVANCED_FACE('',(#468),#484,.T.);
#468 = FACE_BOUND('',#469,.T.);
#469 = EDGE_LOOP('',(#470,#471,#477,#478));
#470 = ORIENTED_EDGE('',*,*,#304,.T.);
#471 = ORIENTED_EDGE('',*,*,#472,.T.);
#472 = EDGE_CURVE('',#253,#320,#473,.T.);
#473 = LINE('',#474,#475);
#474 = CARTESIAN_POINT('',(1.375,0.325,0.775));
#475 = VECTOR('',#476,1.);
#476 = DIRECTION('',(-2.22044604925E-16,-1.,0.));
#477 = ORIENTED_EDGE('',*,*,#371,.F.);
#478 = ORIENTED_EDGE('',*,*,#479,.F.);
#479 = EDGE_CURVE('',#297,#364,#480,.T.);
#480 = LINE('',#481,#482);
#481 = CARTESIAN_POINT('',(1.695,0.325,0.455));
#482 = VECTOR('',#483,1.);
#483 = DIRECTION('',(-2.22044604925E-16,-1.,0.));
#484 = CYLINDRICAL_SURFACE('',#485,0.32);
#485 = AXIS2_PLACEMENT_3D('',#486,#487,#488);
#486 = CARTESIAN_POINT('',(1.375,0.325,0.455));
#487 = DIRECTION('',(2.22044604925E-16,1.,-0.));
#488 = DIRECTION('',(1.,-2.22044604925E-16,1.387778780781E-15));
#489 = ADVANCED_FACE('',(#490),#501,.F.);
#490 = FACE_BOUND('',#491,.F.);
#491 = EDGE_LOOP('',(#492,#498,#499,#500));
#492 = ORIENTED_EDGE('',*,*,#493,.T.);
#493 = EDGE_CURVE('',#288,#355,#494,.T.);
#494 = LINE('',#495,#496);
#495 = CARTESIAN_POINT('',(1.695,0.325,0.32));
#496 = VECTOR('',#497,1.);
#497 = DIRECTION('',(-2.22044604925E-16,-1.,0.));
#498 = ORIENTED_EDGE('',*,*,#363,.T.);
#499 = ORIENTED_EDGE('',*,*,#479,.F.);
#500 = ORIENTED_EDGE('',*,*,#296,.F.);
#501 = PLANE('',#502);
#502 = AXIS2_PLACEMENT_3D('',#503,#504,#505);
#503 = CARTESIAN_POINT('',(1.695,0.325,0.32));
#504 = DIRECTION('',(-1.,2.22044604925E-16,0.));
#505 = DIRECTION('',(0.,0.,1.));
#506 = ADVANCED_FACE('',(#507),#518,.F.);
#507 = FACE_BOUND('',#508,.F.);
#508 = EDGE_LOOP('',(#509,#515,#516,#517));
#509 = ORIENTED_EDGE('',*,*,#510,.T.);
#510 = EDGE_CURVE('',#280,#347,#511,.T.);
#511 = LINE('',#512,#513);
#512 = CARTESIAN_POINT('',(1.815,0.325,0.2));
#513 = VECTOR('',#514,1.);
#514 = DIRECTION('',(-2.22044604925E-16,-1.,0.));
#515 = ORIENTED_EDGE('',*,*,#354,.T.);
#516 = ORIENTED_EDGE('',*,*,#493,.F.);
#517 = ORIENTED_EDGE('',*,*,#287,.F.);
#518 = CYLINDRICAL_SURFACE('',#519,0.12);
#519 = AXIS2_PLACEMENT_3D('',#520,#521,#522);
#520 = CARTESIAN_POINT('',(1.815,0.325,0.32));
#521 = DIRECTION('',(2.22044604925E-16,1.,0.));
#522 = DIRECTION('',(-1.850371707709E-15,4.108650548026E-31,-1.));
#523 = ADVANCED_FACE('',(#524),#535,.F.);
#524 = FACE_BOUND('',#525,.F.);
#525 = EDGE_LOOP('',(#526,#532,#533,#534));
#526 = ORIENTED_EDGE('',*,*,#527,.T.);
#527 = EDGE_CURVE('',#272,#339,#528,.T.);
#528 = LINE('',#529,#530);
#529 = CARTESIAN_POINT('',(1.9,0.325,0.2));
#530 = VECTOR('',#531,1.);
#531 = DIRECTION('',(-2.22044604925E-16,-1.,0.));
#532 = ORIENTED_EDGE('',*,*,#346,.T.);
#533 = ORIENTED_EDGE('',*,*,#510,.F.);
#534 = ORIENTED_EDGE('',*,*,#279,.F.);
#535 = PLANE('',#536);
#536 = AXIS2_PLACEMENT_3D('',#537,#538,#539);
#537 = CARTESIAN_POINT('',(1.9,0.325,0.2));
#538 = DIRECTION('',(0.,-0.,-1.));
#539 = DIRECTION('',(-1.,2.22044604925E-16,-0.));
#540 = ADVANCED_FACE('',(#541),#547,.F.);
#541 = FACE_BOUND('',#542,.F.);
#542 = EDGE_LOOP('',(#543,#544,#545,#546));
#543 = ORIENTED_EDGE('',*,*,#433,.T.);
#544 = ORIENTED_EDGE('',*,*,#338,.T.);
#545 = ORIENTED_EDGE('',*,*,#527,.F.);
#546 = ORIENTED_EDGE('',*,*,#271,.F.);
#547 = PLANE('',#548);
#548 = AXIS2_PLACEMENT_3D('',#549,#550,#551);
#549 = CARTESIAN_POINT('',(1.9,0.325,-5.551115123126E-17));
#550 = DIRECTION('',(-1.,2.22044604925E-16,0.));
#551 = DIRECTION('',(0.,0.,1.));
#552 = ADVANCED_FACE('',(#553),#570,.F.);
#553 = FACE_BOUND('',#554,.F.);
#554 = EDGE_LOOP('',(#555,#556,#557,#564));
#555 = ORIENTED_EDGE('',*,*,#319,.F.);
#556 = ORIENTED_EDGE('',*,*,#403,.T.);
#557 = ORIENTED_EDGE('',*,*,#558,.T.);
#558 = EDGE_CURVE('',#397,#559,#561,.T.);
#559 = VERTEX_POINT('',#560);
#560 = CARTESIAN_POINT('',(1.375,-0.705,0.775));
#561 = B_SPLINE_CURVE_WITH_KNOTS('',1,(#562,#563),.UNSPECIFIED.,.F.,.F.,
  (2,2),(0.,1.),.PIECEWISE_BEZIER_KNOTS.);
#562 = CARTESIAN_POINT('',(1.375,-0.705,0.575));
#563 = CARTESIAN_POINT('',(1.375,-0.705,0.775));
#564 = ORIENTED_EDGE('',*,*,#565,.F.);
#565 = EDGE_CURVE('',#320,#559,#566,.T.);
#566 = LINE('',#567,#568);
#567 = CARTESIAN_POINT('',(1.375,0.705,0.775));
#568 = VECTOR('',#569,1.);
#569 = DIRECTION('',(0.,-1.,0.));
#570 = PLANE('',#571);
#571 = AXIS2_PLACEMENT_3D('',#572,#573,#574);
#572 = CARTESIAN_POINT('',(1.375,0.705,0.775));
#573 = DIRECTION('',(-1.,0.,0.));
#574 = DIRECTION('',(0.,-1.,0.));
#575 = ADVANCED_FACE('',(#576),#633,.F.);
#576 = FACE_BOUND('',#577,.T.);
#577 = EDGE_LOOP('',(#578,#588,#596,#604,#610,#611,#619,#627));
#578 = ORIENTED_EDGE('',*,*,#579,.T.);
#579 = EDGE_CURVE('',#580,#582,#584,.T.);
#580 = VERTEX_POINT('',#581);
#581 = CARTESIAN_POINT('',(-1.308243103516,-0.671621551758,0.1));
#582 = VERTEX_POINT('',#583);
#583 = CARTESIAN_POINT('',(-1.308243103516,0.671621551758,0.1));
#584 = LINE('',#585,#586);
#585 = CARTESIAN_POINT('',(-1.308243103516,-0.671621551758,0.1));
#586 = VECTOR('',#587,1.);
#587 = DIRECTION('',(0.,1.,0.));
#588 = ORIENTED_EDGE('',*,*,#589,.T.);
#589 = EDGE_CURVE('',#582,#590,#592,.T.);
#590 = VERTEX_POINT('',#591);
#591 = CARTESIAN_POINT('',(-1.246621551758,0.733243103516,0.1));
#592 = LINE('',#593,#594);
#593 = CARTESIAN_POINT('',(-1.308243103516,0.671621551758,0.1));
#594 = VECTOR('',#595,1.);
#595 = DIRECTION('',(0.707106781187,0.707106781187,0.));
#596 = ORIENTED_EDGE('',*,*,#597,.T.);
#597 = EDGE_CURVE('',#590,#598,#600,.T.);
#598 = VERTEX_POINT('',#599);
#599 = CARTESIAN_POINT('',(1.246621551758,0.733243103516,0.1));
#600 = LINE('',#601,#602);
#601 = CARTESIAN_POINT('',(-1.246621551758,0.733243103516,0.1));
#602 = VECTOR('',#603,1.);
#603 = DIRECTION('',(1.,0.,0.));
#604 = ORIENTED_EDGE('',*,*,#605,.T.);
#605 = EDGE_CURVE('',#598,#387,#606,.T.);
#606 = LINE('',#607,#608);
#607 = CARTESIAN_POINT('',(1.246621551758,0.733243103516,0.1));
#608 = VECTOR('',#609,1.);
#609 = DIRECTION('',(0.707106781187,-0.707106781187,0.));
#610 = ORIENTED_EDGE('',*,*,#386,.T.);
#611 = ORIENTED_EDGE('',*,*,#612,.T.);
#612 = EDGE_CURVE('',#389,#613,#615,.T.);
#613 = VERTEX_POINT('',#614);
#614 = CARTESIAN_POINT('',(1.246621551758,-0.733243103516,0.1));
#615 = LINE('',#616,#617);
#616 = CARTESIAN_POINT('',(1.308243103516,-0.671621551758,0.1));
#617 = VECTOR('',#618,1.);
#618 = DIRECTION('',(-0.707106781187,-0.707106781187,0.));
#619 = ORIENTED_EDGE('',*,*,#620,.T.);
#620 = EDGE_CURVE('',#613,#621,#623,.T.);
#621 = VERTEX_POINT('',#622);
#622 = CARTESIAN_POINT('',(-1.246621551758,-0.733243103516,0.1));
#623 = LINE('',#624,#625);
#624 = CARTESIAN_POINT('',(1.246621551758,-0.733243103516,0.1));
#625 = VECTOR('',#626,1.);
#626 = DIRECTION('',(-1.,0.,0.));
#627 = ORIENTED_EDGE('',*,*,#628,.T.);
#628 = EDGE_CURVE('',#621,#580,#629,.T.);
#629 = LINE('',#630,#631);
#630 = CARTESIAN_POINT('',(-1.246621551758,-0.733243103516,0.1));
#631 = VECTOR('',#632,1.);
#632 = DIRECTION('',(-0.707106781187,0.707106781187,0.));
#633 = PLANE('',#634);
#634 = AXIS2_PLACEMENT_3D('',#635,#636,#637);
#635 = CARTESIAN_POINT('',(-1.308243103516,-0.671621551758,0.1));
#636 = DIRECTION('',(0.,0.,1.));
#637 = DIRECTION('',(0.889616464678,0.456708381546,-0.));
#638 = ADVANCED_FACE('',(#639),#656,.F.);
#639 = FACE_BOUND('',#640,.F.);
#640 = EDGE_LOOP('',(#641,#642,#643,#651));
#641 = ORIENTED_EDGE('',*,*,#605,.T.);
#642 = ORIENTED_EDGE('',*,*,#418,.T.);
#643 = ORIENTED_EDGE('',*,*,#644,.F.);
#644 = EDGE_CURVE('',#645,#411,#647,.T.);
#645 = VERTEX_POINT('',#646);
#646 = CARTESIAN_POINT('',(1.28,0.8,0.575));
#647 = LINE('',#648,#649);
#648 = CARTESIAN_POINT('',(1.28,0.8,0.575));
#649 = VECTOR('',#650,1.);
#650 = DIRECTION('',(0.707106781187,-0.707106781187,0.));
#651 = ORIENTED_EDGE('',*,*,#652,.F.);
#652 = EDGE_CURVE('',#598,#645,#653,.T.);
#653 = B_SPLINE_CURVE_WITH_KNOTS('',1,(#654,#655),.UNSPECIFIED.,.F.,.F.,
  (2,2),(0.,1.),.PIECEWISE_BEZIER_KNOTS.);
#654 = CARTESIAN_POINT('',(1.246621551758,0.733243103516,0.1));
#655 = CARTESIAN_POINT('',(1.28,0.8,0.575));
#656 = B_SPLINE_SURFACE_WITH_KNOTS('',1,1,(
    (#657,#658)
    ,(#659,#660
    )),.UNSPECIFIED.,.F.,.F.,.F.,(2,2),(2,2),(0.,0.134350288425),(0.,1.)
  ,.PIECEWISE_BEZIER_KNOTS.);
#657 = CARTESIAN_POINT('',(1.246621551758,0.733243103516,0.1));
#658 = CARTESIAN_POINT('',(1.28,0.8,0.575));
#659 = CARTESIAN_POINT('',(1.308243103516,0.671621551758,0.1));
#660 = CARTESIAN_POINT('',(1.375,0.705,0.575));
#661 = ADVANCED_FACE('',(#662),#679,.F.);
#662 = FACE_BOUND('',#663,.F.);
#663 = EDGE_LOOP('',(#664,#665,#672,#678));
#664 = ORIENTED_EDGE('',*,*,#612,.T.);
#665 = ORIENTED_EDGE('',*,*,#666,.T.);
#666 = EDGE_CURVE('',#613,#667,#669,.T.);
#667 = VERTEX_POINT('',#668);
#668 = CARTESIAN_POINT('',(1.28,-0.8,0.575));
#669 = B_SPLINE_CURVE_WITH_KNOTS('',1,(#670,#671),.UNSPECIFIED.,.F.,.F.,
  (2,2),(0.,1.),.PIECEWISE_BEZIER_KNOTS.);
#670 = CARTESIAN_POINT('',(1.246621551758,-0.733243103516,0.1));
#671 = CARTESIAN_POINT('',(1.28,-0.8,0.575));
#672 = ORIENTED_EDGE('',*,*,#673,.F.);
#673 = EDGE_CURVE('',#397,#667,#674,.T.);
#674 = LINE('',#675,#676);
#675 = CARTESIAN_POINT('',(1.375,-0.705,0.575));
#676 = VECTOR('',#677,1.);
#677 = DIRECTION('',(-0.707106781187,-0.707106781187,0.));
#678 = ORIENTED_EDGE('',*,*,#396,.F.);
#679 = B_SPLINE_SURFACE_WITH_KNOTS('',1,1,(
    (#680,#681)
    ,(#682,#683
    )),.UNSPECIFIED.,.F.,.F.,.F.,(2,2),(2,2),(0.,0.134350288425),(0.,1.)
  ,.PIECEWISE_BEZIER_KNOTS.);
#680 = CARTESIAN_POINT('',(1.308243103516,-0.671621551758,0.1));
#681 = CARTESIAN_POINT('',(1.375,-0.705,0.575));
#682 = CARTESIAN_POINT('',(1.246621551758,-0.733243103516,0.1));
#683 = CARTESIAN_POINT('',(1.28,-0.8,0.575));
#684 = ADVANCED_FACE('',(#685),#702,.F.);
#685 = FACE_BOUND('',#686,.F.);
#686 = EDGE_LOOP('',(#687,#688,#689,#697));
#687 = ORIENTED_EDGE('',*,*,#644,.T.);
#688 = ORIENTED_EDGE('',*,*,#448,.T.);
#689 = ORIENTED_EDGE('',*,*,#690,.F.);
#690 = EDGE_CURVE('',#691,#449,#693,.T.);
#691 = VERTEX_POINT('',#692);
#692 = CARTESIAN_POINT('',(1.28,0.8,0.775));
#693 = LINE('',#694,#695);
#694 = CARTESIAN_POINT('',(1.28,0.8,0.775));
#695 = VECTOR('',#696,1.);
#696 = DIRECTION('',(0.707106781187,-0.707106781187,0.));
#697 = ORIENTED_EDGE('',*,*,#698,.F.);
#698 = EDGE_CURVE('',#645,#691,#699,.T.);
#699 = B_SPLINE_CURVE_WITH_KNOTS('',1,(#700,#701),.UNSPECIFIED.,.F.,.F.,
  (2,2),(0.,1.),.PIECEWISE_BEZIER_KNOTS.);
#700 = CARTESIAN_POINT('',(1.28,0.8,0.575));
#701 = CARTESIAN_POINT('',(1.28,0.8,0.775));
#702 = PLANE('',#703);
#703 = AXIS2_PLACEMENT_3D('',#704,#705,#706);
#704 = CARTESIAN_POINT('',(1.28,0.8,0.775));
#705 = DIRECTION('',(-0.707106781187,-0.707106781187,0.));
#706 = DIRECTION('',(0.707106781187,-0.707106781187,0.));
#707 = ADVANCED_FACE('',(#708),#732,.F.);
#708 = FACE_BOUND('',#709,.F.);
#709 = EDGE_LOOP('',(#710,#717,#718,#726));
#710 = ORIENTED_EDGE('',*,*,#711,.F.);
#711 = EDGE_CURVE('',#449,#712,#714,.T.);
#712 = VERTEX_POINT('',#713);
#713 = CARTESIAN_POINT('',(1.35,0.6925,0.775));
#714 = B_SPLINE_CURVE_WITH_KNOTS('',1,(#715,#716),.UNSPECIFIED.,.F.,.F.,
  (2,2),(0.,1.),.PIECEWISE_BEZIER_KNOTS.);
#715 = CARTESIAN_POINT('',(1.375,0.705,0.775));
#716 = CARTESIAN_POINT('',(1.35,0.6925,0.775));
#717 = ORIENTED_EDGE('',*,*,#457,.T.);
#718 = ORIENTED_EDGE('',*,*,#719,.T.);
#719 = EDGE_CURVE('',#253,#720,#722,.T.);
#720 = VERTEX_POINT('',#721);
#721 = CARTESIAN_POINT('',(1.35,0.325,0.775));
#722 = LINE('',#723,#724);
#723 = CARTESIAN_POINT('',(1.375,0.325,0.775));
#724 = VECTOR('',#725,1.);
#725 = DIRECTION('',(-1.,2.22044604925E-16,0.));
#726 = ORIENTED_EDGE('',*,*,#727,.F.);
#727 = EDGE_CURVE('',#712,#720,#728,.T.);
#728 = LINE('',#729,#730);
#729 = CARTESIAN_POINT('',(1.35,0.6925,0.775));
#730 = VECTOR('',#731,1.);
#731 = DIRECTION('',(0.,-1.,0.));
#732 = B_SPLINE_SURFACE_WITH_KNOTS('',1,1,(
    (#733,#734)
    ,(#735,#736
    )),.UNSPECIFIED.,.F.,.F.,.F.,(2,2),(2,2),(0.,1.41),(0.,1.),
  .PIECEWISE_BEZIER_KNOTS.);
#733 = CARTESIAN_POINT('',(1.375,0.705,0.775));
#734 = CARTESIAN_POINT('',(1.35,0.6925,0.775));
#735 = CARTESIAN_POINT('',(1.375,-0.705,0.775));
#736 = CARTESIAN_POINT('',(1.35,-0.6925,0.775));
#737 = ADVANCED_FACE('',(#738),#756,.F.);
#738 = FACE_BOUND('',#739,.F.);
#739 = EDGE_LOOP('',(#740,#741,#742,#750));
#740 = ORIENTED_EDGE('',*,*,#719,.F.);
#741 = ORIENTED_EDGE('',*,*,#472,.T.);
#742 = ORIENTED_EDGE('',*,*,#743,.T.);
#743 = EDGE_CURVE('',#320,#744,#746,.T.);
#744 = VERTEX_POINT('',#745);
#745 = CARTESIAN_POINT('',(1.35,-0.325,0.775));
#746 = LINE('',#747,#748);
#747 = CARTESIAN_POINT('',(1.375,-0.325,0.775));
#748 = VECTOR('',#749,1.);
#749 = DIRECTION('',(-1.,2.22044604925E-16,0.));
#750 = ORIENTED_EDGE('',*,*,#751,.F.);
#751 = EDGE_CURVE('',#720,#744,#752,.T.);
#752 = LINE('',#753,#754);
#753 = CARTESIAN_POINT('',(1.35,0.6925,0.775));
#754 = VECTOR('',#755,1.);
#755 = DIRECTION('',(0.,-1.,0.));
#756 = PLANE('',#757);
#757 = AXIS2_PLACEMENT_3D('',#758,#759,#760);
#758 = CARTESIAN_POINT('',(1.375,0.325,0.775));
#759 = DIRECTION('',(0.,-0.,-1.));
#760 = DIRECTION('',(-1.,2.22044604925E-16,-0.));
#761 = ADVANCED_FACE('',(#762),#779,.F.);
#762 = FACE_BOUND('',#763,.F.);
#763 = EDGE_LOOP('',(#764,#765,#766,#773));
#764 = ORIENTED_EDGE('',*,*,#743,.F.);
#765 = ORIENTED_EDGE('',*,*,#565,.T.);
#766 = ORIENTED_EDGE('',*,*,#767,.T.);
#767 = EDGE_CURVE('',#559,#768,#770,.T.);
#768 = VERTEX_POINT('',#769);
#769 = CARTESIAN_POINT('',(1.35,-0.6925,0.775));
#770 = B_SPLINE_CURVE_WITH_KNOTS('',1,(#771,#772),.UNSPECIFIED.,.F.,.F.,
  (2,2),(0.,1.),.PIECEWISE_BEZIER_KNOTS.);
#771 = CARTESIAN_POINT('',(1.375,-0.705,0.775));
#772 = CARTESIAN_POINT('',(1.35,-0.6925,0.775));
#773 = ORIENTED_EDGE('',*,*,#774,.F.);
#774 = EDGE_CURVE('',#744,#768,#775,.T.);
#775 = LINE('',#776,#777);
#776 = CARTESIAN_POINT('',(1.35,0.6925,0.775));
#777 = VECTOR('',#778,1.);
#778 = DIRECTION('',(0.,-1.,0.));
#779 = B_SPLINE_SURFACE_WITH_KNOTS('',1,1,(
    (#780,#781)
    ,(#782,#783
    )),.UNSPECIFIED.,.F.,.F.,.F.,(2,2),(2,2),(0.,1.41),(0.,1.),
  .PIECEWISE_BEZIER_KNOTS.);
#780 = CARTESIAN_POINT('',(1.375,0.705,0.775));
#781 = CARTESIAN_POINT('',(1.35,0.6925,0.775));
#782 = CARTESIAN_POINT('',(1.375,-0.705,0.775));
#783 = CARTESIAN_POINT('',(1.35,-0.6925,0.775));
#784 = ADVANCED_FACE('',(#785),#802,.F.);
#785 = FACE_BOUND('',#786,.F.);
#786 = EDGE_LOOP('',(#787,#788,#795,#801));
#787 = ORIENTED_EDGE('',*,*,#673,.T.);
#788 = ORIENTED_EDGE('',*,*,#789,.T.);
#789 = EDGE_CURVE('',#667,#790,#792,.T.);
#790 = VERTEX_POINT('',#791);
#791 = CARTESIAN_POINT('',(1.28,-0.8,0.775));
#792 = B_SPLINE_CURVE_WITH_KNOTS('',1,(#793,#794),.UNSPECIFIED.,.F.,.F.,
  (2,2),(0.,1.),.PIECEWISE_BEZIER_KNOTS.);
#793 = CARTESIAN_POINT('',(1.28,-0.8,0.575));
#794 = CARTESIAN_POINT('',(1.28,-0.8,0.775));
#795 = ORIENTED_EDGE('',*,*,#796,.F.);
#796 = EDGE_CURVE('',#559,#790,#797,.T.);
#797 = LINE('',#798,#799);
#798 = CARTESIAN_POINT('',(1.375,-0.705,0.775));
#799 = VECTOR('',#800,1.);
#800 = DIRECTION('',(-0.707106781187,-0.707106781187,0.));
#801 = ORIENTED_EDGE('',*,*,#558,.F.);
#802 = PLANE('',#803);
#803 = AXIS2_PLACEMENT_3D('',#804,#805,#806);
#804 = CARTESIAN_POINT('',(1.375,-0.705,0.775));
#805 = DIRECTION('',(-0.707106781187,0.707106781187,0.));
#806 = DIRECTION('',(-0.707106781187,-0.707106781187,0.));
#807 = ADVANCED_FACE('',(#808),#847,.F.);
#808 = FACE_BOUND('',#809,.F.);
#809 = EDGE_LOOP('',(#810,#811,#818,#826,#834,#842));
#810 = ORIENTED_EDGE('',*,*,#579,.T.);
#811 = ORIENTED_EDGE('',*,*,#812,.T.);
#812 = EDGE_CURVE('',#582,#813,#815,.T.);
#813 = VERTEX_POINT('',#814);
#814 = CARTESIAN_POINT('',(-1.375,0.705,0.575));
#815 = B_SPLINE_CURVE_WITH_KNOTS('',1,(#816,#817),.UNSPECIFIED.,.F.,.F.,
  (2,2),(0.,1.),.PIECEWISE_BEZIER_KNOTS.);
#816 = CARTESIAN_POINT('',(-1.308243103516,0.671621551758,0.1));
#817 = CARTESIAN_POINT('',(-1.375,0.705,0.575));
#818 = ORIENTED_EDGE('',*,*,#819,.F.);
#819 = EDGE_CURVE('',#820,#813,#822,.T.);
#820 = VERTEX_POINT('',#821);
#821 = CARTESIAN_POINT('',(-1.375,0.325,0.575));
#822 = LINE('',#823,#824);
#823 = CARTESIAN_POINT('',(-1.375,-0.705,0.575));
#824 = VECTOR('',#825,1.);
#825 = DIRECTION('',(0.,1.,0.));
#826 = ORIENTED_EDGE('',*,*,#827,.F.);
#827 = EDGE_CURVE('',#828,#820,#830,.T.);
#828 = VERTEX_POINT('',#829);
#829 = CARTESIAN_POINT('',(-1.375,-0.325,0.575));
#830 = LINE('',#831,#832);
#831 = CARTESIAN_POINT('',(-1.375,-0.325,0.575));
#832 = VECTOR('',#833,1.);
#833 = DIRECTION('',(1.110223024625E-16,1.,0.));
#834 = ORIENTED_EDGE('',*,*,#835,.F.);
#835 = EDGE_CURVE('',#836,#828,#838,.T.);
#836 = VERTEX_POINT('',#837);
#837 = CARTESIAN_POINT('',(-1.375,-0.705,0.575));
#838 = LINE('',#839,#840);
#839 = CARTESIAN_POINT('',(-1.375,-0.705,0.575));
#840 = VECTOR('',#841,1.);
#841 = DIRECTION('',(0.,1.,0.));
#842 = ORIENTED_EDGE('',*,*,#843,.F.);
#843 = EDGE_CURVE('',#580,#836,#844,.T.);
#844 = B_SPLINE_CURVE_WITH_KNOTS('',1,(#845,#846),.UNSPECIFIED.,.F.,.F.,
  (2,2),(0.,1.),.PIECEWISE_BEZIER_KNOTS.);
#845 = CARTESIAN_POINT('',(-1.308243103516,-0.671621551758,0.1));
#846 = CARTESIAN_POINT('',(-1.375,-0.705,0.575));
#847 = B_SPLINE_SURFACE_WITH_KNOTS('',1,1,(
    (#848,#849)
    ,(#850,#851
    )),.UNSPECIFIED.,.F.,.F.,.F.,(2,2),(2,2),(0.,1.41),(0.,1.),
  .PIECEWISE_BEZIER_KNOTS.);
#848 = CARTESIAN_POINT('',(-1.308243103516,-0.671621551758,0.1));
#849 = CARTESIAN_POINT('',(-1.375,-0.705,0.575));
#850 = CARTESIAN_POINT('',(-1.308243103516,0.671621551758,0.1));
#851 = CARTESIAN_POINT('',(-1.375,0.705,0.575));
#852 = ADVANCED_FACE('',(#853),#870,.F.);
#853 = FACE_BOUND('',#854,.F.);
#854 = EDGE_LOOP('',(#855,#856,#863,#869));
#855 = ORIENTED_EDGE('',*,*,#589,.T.);
#856 = ORIENTED_EDGE('',*,*,#857,.T.);
#857 = EDGE_CURVE('',#590,#858,#860,.T.);
#858 = VERTEX_POINT('',#859);
#859 = CARTESIAN_POINT('',(-1.28,0.8,0.575));
#860 = B_SPLINE_CURVE_WITH_KNOTS('',1,(#861,#862),.UNSPECIFIED.,.F.,.F.,
  (2,2),(0.,1.),.PIECEWISE_BEZIER_KNOTS.);
#861 = CARTESIAN_POINT('',(-1.246621551758,0.733243103516,0.1));
#862 = CARTESIAN_POINT('',(-1.28,0.8,0.575));
#863 = ORIENTED_EDGE('',*,*,#864,.F.);
#864 = EDGE_CURVE('',#813,#858,#865,.T.);
#865 = LINE('',#866,#867);
#866 = CARTESIAN_POINT('',(-1.375,0.705,0.575));
#867 = VECTOR('',#868,1.);
#868 = DIRECTION('',(0.707106781187,0.707106781187,0.));
#869 = ORIENTED_EDGE('',*,*,#812,.F.);
#870 = B_SPLINE_SURFACE_WITH_KNOTS('',1,1,(
    (#871,#872)
    ,(#873,#874
    )),.UNSPECIFIED.,.F.,.F.,.F.,(2,2),(2,2),(0.,0.134350288425),(0.,1.)
  ,.PIECEWISE_BEZIER_KNOTS.);
#871 = CARTESIAN_POINT('',(-1.308243103516,0.671621551758,0.1));
#872 = CARTESIAN_POINT('',(-1.375,0.705,0.575));
#873 = CARTESIAN_POINT('',(-1.246621551758,0.733243103516,0.1));
#874 = CARTESIAN_POINT('',(-1.28,0.8,0.575));
#875 = ADVANCED_FACE('',(#876),#887,.F.);
#876 = FACE_BOUND('',#877,.F.);
#877 = EDGE_LOOP('',(#878,#879,#880,#886));
#878 = ORIENTED_EDGE('',*,*,#597,.T.);
#879 = ORIENTED_EDGE('',*,*,#652,.T.);
#880 = ORIENTED_EDGE('',*,*,#881,.F.);
#881 = EDGE_CURVE('',#858,#645,#882,.T.);
#882 = LINE('',#883,#884);
#883 = CARTESIAN_POINT('',(-1.28,0.8,0.575));
#884 = VECTOR('',#885,1.);
#885 = DIRECTION('',(1.,0.,0.));
#886 = ORIENTED_EDGE('',*,*,#857,.F.);
#887 = B_SPLINE_SURFACE_WITH_KNOTS('',1,1,(
    (#888,#889)
    ,(#890,#891
    )),.UNSPECIFIED.,.F.,.F.,.F.,(2,2),(2,2),(0.,2.56),(0.,1.),
  .PIECEWISE_BEZIER_KNOTS.);
#888 = CARTESIAN_POINT('',(-1.246621551758,0.733243103516,0.1));
#889 = CARTESIAN_POINT('',(-1.28,0.8,0.575));
#890 = CARTESIAN_POINT('',(1.246621551758,0.733243103516,0.1));
#891 = CARTESIAN_POINT('',(1.28,0.8,0.575));
#892 = ADVANCED_FACE('',(#893),#910,.F.);
#893 = FACE_BOUND('',#894,.F.);
#894 = EDGE_LOOP('',(#895,#896,#903,#909));
#895 = ORIENTED_EDGE('',*,*,#620,.T.);
#896 = ORIENTED_EDGE('',*,*,#897,.T.);
#897 = EDGE_CURVE('',#621,#898,#900,.T.);
#898 = VERTEX_POINT('',#899);
#899 = CARTESIAN_POINT('',(-1.28,-0.8,0.575));
#900 = B_SPLINE_CURVE_WITH_KNOTS('',1,(#901,#902),.UNSPECIFIED.,.F.,.F.,
  (2,2),(0.,1.),.PIECEWISE_BEZIER_KNOTS.);
#901 = CARTESIAN_POINT('',(-1.246621551758,-0.733243103516,0.1));
#902 = CARTESIAN_POINT('',(-1.28,-0.8,0.575));
#903 = ORIENTED_EDGE('',*,*,#904,.F.);
#904 = EDGE_CURVE('',#667,#898,#905,.T.);
#905 = LINE('',#906,#907);
#906 = CARTESIAN_POINT('',(1.28,-0.8,0.575));
#907 = VECTOR('',#908,1.);
#908 = DIRECTION('',(-1.,0.,0.));
#909 = ORIENTED_EDGE('',*,*,#666,.F.);
#910 = B_SPLINE_SURFACE_WITH_KNOTS('',1,1,(
    (#911,#912)
    ,(#913,#914
    )),.UNSPECIFIED.,.F.,.F.,.F.,(2,2),(2,2),(0.,2.56),(0.,1.),
  .PIECEWISE_BEZIER_KNOTS.);
#911 = CARTESIAN_POINT('',(1.246621551758,-0.733243103516,0.1));
#912 = CARTESIAN_POINT('',(1.28,-0.8,0.575));
#913 = CARTESIAN_POINT('',(-1.246621551758,-0.733243103516,0.1));
#914 = CARTESIAN_POINT('',(-1.28,-0.8,0.575));
#915 = ADVANCED_FACE('',(#916),#927,.F.);
#916 = FACE_BOUND('',#917,.F.);
#917 = EDGE_LOOP('',(#918,#919,#920,#926));
#918 = ORIENTED_EDGE('',*,*,#628,.T.);
#919 = ORIENTED_EDGE('',*,*,#843,.T.);
#920 = ORIENTED_EDGE('',*,*,#921,.F.);
#921 = EDGE_CURVE('',#898,#836,#922,.T.);
#922 = LINE('',#923,#924);
#923 = CARTESIAN_POINT('',(-1.28,-0.8,0.575));
#924 = VECTOR('',#925,1.);
#925 = DIRECTION('',(-0.707106781187,0.707106781187,0.));
#926 = ORIENTED_EDGE('',*,*,#897,.F.);
#927 = B_SPLINE_SURFACE_WITH_KNOTS('',1,1,(
    (#928,#929)
    ,(#930,#931
    )),.UNSPECIFIED.,.F.,.F.,.F.,(2,2),(2,2),(0.,0.134350288425),(0.,1.)
  ,.PIECEWISE_BEZIER_KNOTS.);
#928 = CARTESIAN_POINT('',(-1.246621551758,-0.733243103516,0.1));
#929 = CARTESIAN_POINT('',(-1.28,-0.8,0.575));
#930 = CARTESIAN_POINT('',(-1.308243103516,-0.671621551758,0.1));
#931 = CARTESIAN_POINT('',(-1.375,-0.705,0.575));
#932 = ADVANCED_FACE('',(#933),#950,.F.);
#933 = FACE_BOUND('',#934,.F.);
#934 = EDGE_LOOP('',(#935,#936,#937,#945));
#935 = ORIENTED_EDGE('',*,*,#690,.T.);
#936 = ORIENTED_EDGE('',*,*,#711,.T.);
#937 = ORIENTED_EDGE('',*,*,#938,.F.);
#938 = EDGE_CURVE('',#939,#712,#941,.T.);
#939 = VERTEX_POINT('',#940);
#940 = CARTESIAN_POINT('',(1.2675,0.775,0.775));
#941 = LINE('',#942,#943);
#942 = CARTESIAN_POINT('',(1.2675,0.775,0.775));
#943 = VECTOR('',#944,1.);
#944 = DIRECTION('',(0.707106781187,-0.707106781187,0.));
#945 = ORIENTED_EDGE('',*,*,#946,.F.);
#946 = EDGE_CURVE('',#691,#939,#947,.T.);
#947 = B_SPLINE_CURVE_WITH_KNOTS('',1,(#948,#949),.UNSPECIFIED.,.F.,.F.,
  (2,2),(0.,1.),.PIECEWISE_BEZIER_KNOTS.);
#948 = CARTESIAN_POINT('',(1.28,0.8,0.775));
#949 = CARTESIAN_POINT('',(1.2675,0.775,0.775));
#950 = B_SPLINE_SURFACE_WITH_KNOTS('',1,1,(
    (#951,#952)
    ,(#953,#954
    )),.UNSPECIFIED.,.F.,.F.,.F.,(2,2),(2,2),(0.,0.134350288425),(0.,1.)
  ,.PIECEWISE_BEZIER_KNOTS.);
#951 = CARTESIAN_POINT('',(1.28,0.8,0.775));
#952 = CARTESIAN_POINT('',(1.2675,0.775,0.775));
#953 = CARTESIAN_POINT('',(1.375,0.705,0.775));
#954 = CARTESIAN_POINT('',(1.35,0.6925,0.775));
#955 = ADVANCED_FACE('',(#956),#973,.F.);
#956 = FACE_BOUND('',#957,.F.);
#957 = EDGE_LOOP('',(#958,#959,#960,#968));
#958 = ORIENTED_EDGE('',*,*,#881,.T.);
#959 = ORIENTED_EDGE('',*,*,#698,.T.);
#960 = ORIENTED_EDGE('',*,*,#961,.F.);
#961 = EDGE_CURVE('',#962,#691,#964,.T.);
#962 = VERTEX_POINT('',#963);
#963 = CARTESIAN_POINT('',(-1.28,0.8,0.775));
#964 = LINE('',#965,#966);
#965 = CARTESIAN_POINT('',(-1.28,0.8,0.775));
#966 = VECTOR('',#967,1.);
#967 = DIRECTION('',(1.,0.,0.));
#968 = ORIENTED_EDGE('',*,*,#969,.F.);
#969 = EDGE_CURVE('',#858,#962,#970,.T.);
#970 = B_SPLINE_CURVE_WITH_KNOTS('',1,(#971,#972),.UNSPECIFIED.,.F.,.F.,
  (2,2),(0.,1.),.PIECEWISE_BEZIER_KNOTS.);
#971 = CARTESIAN_POINT('',(-1.28,0.8,0.575));
#972 = CARTESIAN_POINT('',(-1.28,0.8,0.775));
#973 = PLANE('',#974);
#974 = AXIS2_PLACEMENT_3D('',#975,#976,#977);
#975 = CARTESIAN_POINT('',(-1.28,0.8,0.775));
#976 = DIRECTION('',(0.,-1.,0.));
#977 = DIRECTION('',(1.,0.,0.));
#978 = ADVANCED_FACE('',(#979),#1004,.F.);
#979 = FACE_BOUND('',#980,.F.);
#980 = EDGE_LOOP('',(#981,#982,#983,#984,#991,#999));
#981 = ORIENTED_EDGE('',*,*,#727,.T.);
#982 = ORIENTED_EDGE('',*,*,#751,.T.);
#983 = ORIENTED_EDGE('',*,*,#774,.T.);
#984 = ORIENTED_EDGE('',*,*,#985,.T.);
#985 = EDGE_CURVE('',#768,#986,#988,.T.);
#986 = VERTEX_POINT('',#987);
#987 = CARTESIAN_POINT('',(1.283243103516,-0.659121551758,1.25));
#988 = B_SPLINE_CURVE_WITH_KNOTS('',1,(#989,#990),.UNSPECIFIED.,.F.,.F.,
  (2,2),(0.,1.),.PIECEWISE_BEZIER_KNOTS.);
#989 = CARTESIAN_POINT('',(1.35,-0.6925,0.775));
#990 = CARTESIAN_POINT('',(1.283243103516,-0.659121551758,1.25));
#991 = ORIENTED_EDGE('',*,*,#992,.F.);
#992 = EDGE_CURVE('',#993,#986,#995,.T.);
#993 = VERTEX_POINT('',#994);
#994 = CARTESIAN_POINT('',(1.283243103516,0.659121551758,1.25));
#995 = LINE('',#996,#997);
#996 = CARTESIAN_POINT('',(1.283243103516,0.659121551758,1.25));
#997 = VECTOR('',#998,1.);
#998 = DIRECTION('',(0.,-1.,0.));
#999 = ORIENTED_EDGE('',*,*,#1000,.F.);
#1000 = EDGE_CURVE('',#712,#993,#1001,.T.);
#1001 = B_SPLINE_CURVE_WITH_KNOTS('',1,(#1002,#1003),.UNSPECIFIED.,.F.,
  .F.,(2,2),(0.,1.),.PIECEWISE_BEZIER_KNOTS.);
#1002 = CARTESIAN_POINT('',(1.35,0.6925,0.775));
#1003 = CARTESIAN_POINT('',(1.283243103516,0.659121551758,1.25));
#1004 = B_SPLINE_SURFACE_WITH_KNOTS('',1,1,(
    (#1005,#1006)
    ,(#1007,#1008
    )),.UNSPECIFIED.,.F.,.F.,.F.,(2,2),(2,2),(0.,1.385),(0.,1.),
  .PIECEWISE_BEZIER_KNOTS.);
#1005 = CARTESIAN_POINT('',(1.35,0.6925,0.775));
#1006 = CARTESIAN_POINT('',(1.283243103516,0.659121551758,1.25));
#1007 = CARTESIAN_POINT('',(1.35,-0.6925,0.775));
#1008 = CARTESIAN_POINT('',(1.283243103516,-0.659121551758,1.25));
#1009 = ADVANCED_FACE('',(#1010),#1027,.F.);
#1010 = FACE_BOUND('',#1011,.F.);
#1011 = EDGE_LOOP('',(#1012,#1013,#1020,#1026));
#1012 = ORIENTED_EDGE('',*,*,#796,.T.);
#1013 = ORIENTED_EDGE('',*,*,#1014,.T.);
#1014 = EDGE_CURVE('',#790,#1015,#1017,.T.);
#1015 = VERTEX_POINT('',#1016);
#1016 = CARTESIAN_POINT('',(1.2675,-0.775,0.775));
#1017 = B_SPLINE_CURVE_WITH_KNOTS('',1,(#1018,#1019),.UNSPECIFIED.,.F.,
  .F.,(2,2),(0.,1.),.PIECEWISE_BEZIER_KNOTS.);
#1018 = CARTESIAN_POINT('',(1.28,-0.8,0.775));
#1019 = CARTESIAN_POINT('',(1.2675,-0.775,0.775));
#1020 = ORIENTED_EDGE('',*,*,#1021,.F.);
#1021 = EDGE_CURVE('',#768,#1015,#1022,.T.);
#1022 = LINE('',#1023,#1024);
#1023 = CARTESIAN_POINT('',(1.35,-0.6925,0.775));
#1024 = VECTOR('',#1025,1.);
#1025 = DIRECTION('',(-0.707106781187,-0.707106781187,0.));
#1026 = ORIENTED_EDGE('',*,*,#767,.F.);
#1027 = B_SPLINE_SURFACE_WITH_KNOTS('',1,1,(
    (#1028,#1029)
    ,(#1030,#1031
    )),.UNSPECIFIED.,.F.,.F.,.F.,(2,2),(2,2),(0.,0.134350288425),(0.,1.)
  ,.PIECEWISE_BEZIER_KNOTS.);
#1028 = CARTESIAN_POINT('',(1.375,-0.705,0.775));
#1029 = CARTESIAN_POINT('',(1.35,-0.6925,0.775));
#1030 = CARTESIAN_POINT('',(1.28,-0.8,0.775));
#1031 = CARTESIAN_POINT('',(1.2675,-0.775,0.775));
#1032 = ADVANCED_FACE('',(#1033),#1050,.F.);
#1033 = FACE_BOUND('',#1034,.F.);
#1034 = EDGE_LOOP('',(#1035,#1036,#1043,#1049));
#1035 = ORIENTED_EDGE('',*,*,#904,.T.);
#1036 = ORIENTED_EDGE('',*,*,#1037,.T.);
#1037 = EDGE_CURVE('',#898,#1038,#1040,.T.);
#1038 = VERTEX_POINT('',#1039);
#1039 = CARTESIAN_POINT('',(-1.28,-0.8,0.775));
#1040 = B_SPLINE_CURVE_WITH_KNOTS('',1,(#1041,#1042),.UNSPECIFIED.,.F.,
  .F.,(2,2),(0.,1.),.PIECEWISE_BEZIER_KNOTS.);
#1041 = CARTESIAN_POINT('',(-1.28,-0.8,0.575));
#1042 = CARTESIAN_POINT('',(-1.28,-0.8,0.775));
#1043 = ORIENTED_EDGE('',*,*,#1044,.F.);
#1044 = EDGE_CURVE('',#790,#1038,#1045,.T.);
#1045 = LINE('',#1046,#1047);
#1046 = CARTESIAN_POINT('',(1.28,-0.8,0.775));
#1047 = VECTOR('',#1048,1.);
#1048 = DIRECTION('',(-1.,0.,0.));
#1049 = ORIENTED_EDGE('',*,*,#789,.F.);
#1050 = PLANE('',#1051);
#1051 = AXIS2_PLACEMENT_3D('',#1052,#1053,#1054);
#1052 = CARTESIAN_POINT('',(1.28,-0.8,0.775));
#1053 = DIRECTION('',(0.,1.,0.));
#1054 = DIRECTION('',(-1.,0.,0.));
#1055 = ADVANCED_FACE('',(#1056),#1080,.F.);
#1056 = FACE_BOUND('',#1057,.F.);
#1057 = EDGE_LOOP('',(#1058,#1065,#1066,#1074));
#1058 = ORIENTED_EDGE('',*,*,#1059,.F.);
#1059 = EDGE_CURVE('',#836,#1060,#1062,.T.);
#1060 = VERTEX_POINT('',#1061);
#1061 = CARTESIAN_POINT('',(-1.375,-0.705,0.775));
#1062 = B_SPLINE_CURVE_WITH_KNOTS('',1,(#1063,#1064),.UNSPECIFIED.,.F.,
  .F.,(2,2),(0.,1.),.PIECEWISE_BEZIER_KNOTS.);
#1063 = CARTESIAN_POINT('',(-1.375,-0.705,0.575));
#1064 = CARTESIAN_POINT('',(-1.375,-0.705,0.775));
#1065 = ORIENTED_EDGE('',*,*,#835,.T.);
#1066 = ORIENTED_EDGE('',*,*,#1067,.T.);
#1067 = EDGE_CURVE('',#828,#1068,#1070,.T.);
#1068 = VERTEX_POINT('',#1069);
#1069 = CARTESIAN_POINT('',(-1.375,-0.325,0.775));
#1070 = LINE('',#1071,#1072);
#1071 = CARTESIAN_POINT('',(-1.375,-0.325,0.576887451393));
#1072 = VECTOR('',#1073,1.);
#1073 = DIRECTION('',(0.,0.,1.));
#1074 = ORIENTED_EDGE('',*,*,#1075,.F.);
#1075 = EDGE_CURVE('',#1060,#1068,#1076,.T.);
#1076 = LINE('',#1077,#1078);
#1077 = CARTESIAN_POINT('',(-1.375,-0.705,0.775));
#1078 = VECTOR('',#1079,1.);
#1079 = DIRECTION('',(0.,1.,0.));
#1080 = PLANE('',#1081);
#1081 = AXIS2_PLACEMENT_3D('',#1082,#1083,#1084);
#1082 = CARTESIAN_POINT('',(-1.375,-0.705,0.775));
#1083 = DIRECTION('',(1.,0.,0.));
#1084 = DIRECTION('',(-0.,1.,0.));
#1085 = ADVANCED_FACE('',(#1086),#1110,.F.);
#1086 = FACE_BOUND('',#1087,.F.);
#1087 = EDGE_LOOP('',(#1088,#1096,#1097,#1104));
#1088 = ORIENTED_EDGE('',*,*,#1089,.F.);
#1089 = EDGE_CURVE('',#820,#1090,#1092,.T.);
#1090 = VERTEX_POINT('',#1091);
#1091 = CARTESIAN_POINT('',(-1.375,0.325,0.775));
#1092 = LINE('',#1093,#1094);
#1093 = CARTESIAN_POINT('',(-1.375,0.325,0.576887451393));
#1094 = VECTOR('',#1095,1.);
#1095 = DIRECTION('',(0.,0.,1.));
#1096 = ORIENTED_EDGE('',*,*,#819,.T.);
#1097 = ORIENTED_EDGE('',*,*,#1098,.T.);
#1098 = EDGE_CURVE('',#813,#1099,#1101,.T.);
#1099 = VERTEX_POINT('',#1100);
#1100 = CARTESIAN_POINT('',(-1.375,0.705,0.775));
#1101 = B_SPLINE_CURVE_WITH_KNOTS('',1,(#1102,#1103),.UNSPECIFIED.,.F.,
  .F.,(2,2),(0.,1.),.PIECEWISE_BEZIER_KNOTS.);
#1102 = CARTESIAN_POINT('',(-1.375,0.705,0.575));
#1103 = CARTESIAN_POINT('',(-1.375,0.705,0.775));
#1104 = ORIENTED_EDGE('',*,*,#1105,.F.);
#1105 = EDGE_CURVE('',#1090,#1099,#1106,.T.);
#1106 = LINE('',#1107,#1108);
#1107 = CARTESIAN_POINT('',(-1.375,-0.705,0.775));
#1108 = VECTOR('',#1109,1.);
#1109 = DIRECTION('',(0.,1.,0.));
#1110 = PLANE('',#1111);
#1111 = AXIS2_PLACEMENT_3D('',#1112,#1113,#1114);
#1112 = CARTESIAN_POINT('',(-1.375,-0.705,0.775));
#1113 = DIRECTION('',(1.,0.,0.));
#1114 = DIRECTION('',(-0.,1.,0.));
#1115 = ADVANCED_FACE('',(#1116),#1143,.F.);
#1116 = FACE_BOUND('',#1117,.F.);
#1117 = EDGE_LOOP('',(#1118,#1119,#1128,#1136));
#1118 = ORIENTED_EDGE('',*,*,#827,.T.);
#1119 = ORIENTED_EDGE('',*,*,#1120,.T.);
#1120 = EDGE_CURVE('',#820,#1121,#1123,.T.);
#1121 = VERTEX_POINT('',#1122);
#1122 = CARTESIAN_POINT('',(-1.495,0.325,0.455));
#1123 = CIRCLE('',#1124,0.12);
#1124 = AXIS2_PLACEMENT_3D('',#1125,#1126,#1127);
#1125 = CARTESIAN_POINT('',(-1.375,0.325,0.455));
#1126 = DIRECTION('',(-1.110223024625E-16,-1.,0.));
#1127 = DIRECTION('',(9.251858538543E-16,-1.027162637006E-31,1.));
#1128 = ORIENTED_EDGE('',*,*,#1129,.F.);
#1129 = EDGE_CURVE('',#1130,#1121,#1132,.T.);
#1130 = VERTEX_POINT('',#1131);
#1131 = CARTESIAN_POINT('',(-1.495,-0.325,0.455));
#1132 = LINE('',#1133,#1134);
#1133 = CARTESIAN_POINT('',(-1.495,-0.325,0.455));
#1134 = VECTOR('',#1135,1.);
#1135 = DIRECTION('',(1.110223024625E-16,1.,0.));
#1136 = ORIENTED_EDGE('',*,*,#1137,.F.);
#1137 = EDGE_CURVE('',#828,#1130,#1138,.T.);
#1138 = CIRCLE('',#1139,0.12);
#1139 = AXIS2_PLACEMENT_3D('',#1140,#1141,#1142);
#1140 = CARTESIAN_POINT('',(-1.375,-0.325,0.455));
#1141 = DIRECTION('',(-1.110223024625E-16,-1.,0.));
#1142 = DIRECTION('',(9.251858538543E-16,-1.027162637006E-31,1.));
#1143 = CYLINDRICAL_SURFACE('',#1144,0.12);
#1144 = AXIS2_PLACEMENT_3D('',#1145,#1146,#1147);
#1145 = CARTESIAN_POINT('',(-1.375,-0.325,0.455));
#1146 = DIRECTION('',(-1.110223024625E-16,-1.,0.));
#1147 = DIRECTION('',(9.251858538543E-16,-1.027162637006E-31,1.));
#1148 = ADVANCED_FACE('',(#1149),#1160,.F.);
#1149 = FACE_BOUND('',#1150,.F.);
#1150 = EDGE_LOOP('',(#1151,#1152,#1153,#1159));
#1151 = ORIENTED_EDGE('',*,*,#864,.T.);
#1152 = ORIENTED_EDGE('',*,*,#969,.T.);
#1153 = ORIENTED_EDGE('',*,*,#1154,.F.);
#1154 = EDGE_CURVE('',#1099,#962,#1155,.T.);
#1155 = LINE('',#1156,#1157);
#1156 = CARTESIAN_POINT('',(-1.375,0.705,0.775));
#1157 = VECTOR('',#1158,1.);
#1158 = DIRECTION('',(0.707106781187,0.707106781187,0.));
#1159 = ORIENTED_EDGE('',*,*,#1098,.F.);
#1160 = PLANE('',#1161);
#1161 = AXIS2_PLACEMENT_3D('',#1162,#1163,#1164);
#1162 = CARTESIAN_POINT('',(-1.375,0.705,0.775));
#1163 = DIRECTION('',(0.707106781187,-0.707106781187,0.));
#1164 = DIRECTION('',(0.707106781187,0.707106781187,0.));
#1165 = ADVANCED_FACE('',(#1166),#1177,.F.);
#1166 = FACE_BOUND('',#1167,.F.);
#1167 = EDGE_LOOP('',(#1168,#1169,#1170,#1176));
#1168 = ORIENTED_EDGE('',*,*,#921,.T.);
#1169 = ORIENTED_EDGE('',*,*,#1059,.T.);
#1170 = ORIENTED_EDGE('',*,*,#1171,.F.);
#1171 = EDGE_CURVE('',#1038,#1060,#1172,.T.);
#1172 = LINE('',#1173,#1174);
#1173 = CARTESIAN_POINT('',(-1.28,-0.8,0.775));
#1174 = VECTOR('',#1175,1.);
#1175 = DIRECTION('',(-0.707106781187,0.707106781187,0.));
#1176 = ORIENTED_EDGE('',*,*,#1037,.F.);
#1177 = PLANE('',#1178);
#1178 = AXIS2_PLACEMENT_3D('',#1179,#1180,#1181);
#1179 = CARTESIAN_POINT('',(-1.28,-0.8,0.775));
#1180 = DIRECTION('',(0.707106781187,0.707106781187,0.));
#1181 = DIRECTION('',(-0.707106781187,0.707106781187,0.));
#1182 = ADVANCED_FACE('',(#1183),#1200,.F.);
#1183 = FACE_BOUND('',#1184,.F.);
#1184 = EDGE_LOOP('',(#1185,#1186,#1187,#1195));
#1185 = ORIENTED_EDGE('',*,*,#938,.T.);
#1186 = ORIENTED_EDGE('',*,*,#1000,.T.);
#1187 = ORIENTED_EDGE('',*,*,#1188,.F.);
#1188 = EDGE_CURVE('',#1189,#993,#1191,.T.);
#1189 = VERTEX_POINT('',#1190);
#1190 = CARTESIAN_POINT('',(1.234121551758,0.708243103516,1.25));
#1191 = LINE('',#1192,#1193);
#1192 = CARTESIAN_POINT('',(1.234121551758,0.708243103516,1.25));
#1193 = VECTOR('',#1194,1.);
#1194 = DIRECTION('',(0.707106781187,-0.707106781187,0.));
#1195 = ORIENTED_EDGE('',*,*,#1196,.F.);
#1196 = EDGE_CURVE('',#939,#1189,#1197,.T.);
#1197 = B_SPLINE_CURVE_WITH_KNOTS('',1,(#1198,#1199),.UNSPECIFIED.,.F.,
  .F.,(2,2),(0.,1.),.PIECEWISE_BEZIER_KNOTS.);
#1198 = CARTESIAN_POINT('',(1.2675,0.775,0.775));
#1199 = CARTESIAN_POINT('',(1.234121551758,0.708243103516,1.25));
#1200 = B_SPLINE_SURFACE_WITH_KNOTS('',1,1,(
    (#1201,#1202)
    ,(#1203,#1204
    )),.UNSPECIFIED.,.F.,.F.,.F.,(2,2),(2,2),(0.,0.116672618896),(0.,1.)
  ,.PIECEWISE_BEZIER_KNOTS.);
#1201 = CARTESIAN_POINT('',(1.2675,0.775,0.775));
#1202 = CARTESIAN_POINT('',(1.234121551758,0.708243103516,1.25));
#1203 = CARTESIAN_POINT('',(1.35,0.6925,0.775));
#1204 = CARTESIAN_POINT('',(1.283243103516,0.659121551758,1.25));
#1205 = ADVANCED_FACE('',(#1206),#1223,.F.);
#1206 = FACE_BOUND('',#1207,.F.);
#1207 = EDGE_LOOP('',(#1208,#1209,#1210,#1218));
#1208 = ORIENTED_EDGE('',*,*,#961,.T.);
#1209 = ORIENTED_EDGE('',*,*,#946,.T.);
#1210 = ORIENTED_EDGE('',*,*,#1211,.F.);
#1211 = EDGE_CURVE('',#1212,#939,#1214,.T.);
#1212 = VERTEX_POINT('',#1213);
#1213 = CARTESIAN_POINT('',(-1.2675,0.775,0.775));
#1214 = LINE('',#1215,#1216);
#1215 = CARTESIAN_POINT('',(-1.2675,0.775,0.775));
#1216 = VECTOR('',#1217,1.);
#1217 = DIRECTION('',(1.,0.,0.));
#1218 = ORIENTED_EDGE('',*,*,#1219,.F.);
#1219 = EDGE_CURVE('',#962,#1212,#1220,.T.);
#1220 = B_SPLINE_CURVE_WITH_KNOTS('',1,(#1221,#1222),.UNSPECIFIED.,.F.,
  .F.,(2,2),(0.,1.),.PIECEWISE_BEZIER_KNOTS.);
#1221 = CARTESIAN_POINT('',(-1.28,0.8,0.775));
#1222 = CARTESIAN_POINT('',(-1.2675,0.775,0.775));
#1223 = B_SPLINE_SURFACE_WITH_KNOTS('',1,1,(
    (#1224,#1225)
    ,(#1226,#1227
    )),.UNSPECIFIED.,.F.,.F.,.F.,(2,2),(2,2),(0.,2.56),(0.,1.),
  .PIECEWISE_BEZIER_KNOTS.);
#1224 = CARTESIAN_POINT('',(-1.28,0.8,0.775));
#1225 = CARTESIAN_POINT('',(-1.2675,0.775,0.775));
#1226 = CARTESIAN_POINT('',(1.28,0.8,0.775));
#1227 = CARTESIAN_POINT('',(1.2675,0.775,0.775));
#1228 = ADVANCED_FACE('',(#1229,#1279),#1313,.T.);
#1229 = FACE_BOUND('',#1230,.T.);
#1230 = EDGE_LOOP('',(#1231,#1241,#1249,#1257,#1263,#1264,#1265,#1273));
#1231 = ORIENTED_EDGE('',*,*,#1232,.F.);
#1232 = EDGE_CURVE('',#1233,#1235,#1237,.T.);
#1233 = VERTEX_POINT('',#1234);
#1234 = CARTESIAN_POINT('',(-1.283243103516,-0.659121551758,1.25));
#1235 = VERTEX_POINT('',#1236);
#1236 = CARTESIAN_POINT('',(-1.283243103516,0.659121551758,1.25));
#1237 = LINE('',#1238,#1239);
#1238 = CARTESIAN_POINT('',(-1.283243103516,-0.659121551758,1.25));
#1239 = VECTOR('',#1240,1.);
#1240 = DIRECTION('',(0.,1.,0.));
#1241 = ORIENTED_EDGE('',*,*,#1242,.F.);
#1242 = EDGE_CURVE('',#1243,#1233,#1245,.T.);
#1243 = VERTEX_POINT('',#1244);
#1244 = CARTESIAN_POINT('',(-1.234121551758,-0.708243103516,1.25));
#1245 = LINE('',#1246,#1247);
#1246 = CARTESIAN_POINT('',(-1.234121551758,-0.708243103516,1.25));
#1247 = VECTOR('',#1248,1.);
#1248 = DIRECTION('',(-0.707106781187,0.707106781187,0.));
#1249 = ORIENTED_EDGE('',*,*,#1250,.F.);
#1250 = EDGE_CURVE('',#1251,#1243,#1253,.T.);
#1251 = VERTEX_POINT('',#1252);
#1252 = CARTESIAN_POINT('',(1.234121551758,-0.708243103516,1.25));
#1253 = LINE('',#1254,#1255);
#1254 = CARTESIAN_POINT('',(1.234121551758,-0.708243103516,1.25));
#1255 = VECTOR('',#1256,1.);
#1256 = DIRECTION('',(-1.,0.,0.));
#1257 = ORIENTED_EDGE('',*,*,#1258,.F.);
#1258 = EDGE_CURVE('',#986,#1251,#1259,.T.);
#1259 = LINE('',#1260,#1261);
#1260 = CARTESIAN_POINT('',(1.283243103516,-0.659121551758,1.25));
#1261 = VECTOR('',#1262,1.);
#1262 = DIRECTION('',(-0.707106781187,-0.707106781187,0.));
#1263 = ORIENTED_EDGE('',*,*,#992,.F.);
#1264 = ORIENTED_EDGE('',*,*,#1188,.F.);
#1265 = ORIENTED_EDGE('',*,*,#1266,.F.);
#1266 = EDGE_CURVE('',#1267,#1189,#1269,.T.);
#1267 = VERTEX_POINT('',#1268);
#1268 = CARTESIAN_POINT('',(-1.234121551758,0.708243103516,1.25));
#1269 = LINE('',#1270,#1271);
#1270 = CARTESIAN_POINT('',(-1.234121551758,0.708243103516,1.25));
#1271 = VECTOR('',#1272,1.);
#1272 = DIRECTION('',(1.,0.,0.));
#1273 = ORIENTED_EDGE('',*,*,#1274,.F.);
#1274 = EDGE_CURVE('',#1235,#1267,#1275,.T.);
#1275 = LINE('',#1276,#1277);
#1276 = CARTESIAN_POINT('',(-1.283243103516,0.659121551758,1.25));
#1277 = VECTOR('',#1278,1.);
#1278 = DIRECTION('',(0.707106781187,0.707106781187,0.));
#1279 = FACE_BOUND('',#1280,.T.);
#1280 = EDGE_LOOP('',(#1281,#1291,#1299,#1307));
#1281 = ORIENTED_EDGE('',*,*,#1282,.T.);
#1282 = EDGE_CURVE('',#1283,#1285,#1287,.T.);
#1283 = VERTEX_POINT('',#1284);
#1284 = CARTESIAN_POINT('',(-0.683243103516,-0.608243103516,1.25));
#1285 = VERTEX_POINT('',#1286);
#1286 = CARTESIAN_POINT('',(-1.183243103516,-0.608243103516,1.25));
#1287 = LINE('',#1288,#1289);
#1288 = CARTESIAN_POINT('',(-1.233243103516,-0.608243103516,1.25));
#1289 = VECTOR('',#1290,1.);
#1290 = DIRECTION('',(-1.,0.,0.));
#1291 = ORIENTED_EDGE('',*,*,#1292,.T.);
#1292 = EDGE_CURVE('',#1285,#1293,#1295,.T.);
#1293 = VERTEX_POINT('',#1294);
#1294 = CARTESIAN_POINT('',(-1.183243103516,0.608243103516,1.25));
#1295 = LINE('',#1296,#1297);
#1296 = CARTESIAN_POINT('',(-1.183243103516,-0.633682327637,1.25));
#1297 = VECTOR('',#1298,1.);
#1298 = DIRECTION('',(0.,1.,0.));
#1299 = ORIENTED_EDGE('',*,*,#1300,.F.);
#1300 = EDGE_CURVE('',#1301,#1293,#1303,.T.);
#1301 = VERTEX_POINT('',#1302);
#1302 = CARTESIAN_POINT('',(-0.683243103516,0.608243103516,1.25));
#1303 = LINE('',#1304,#1305);
#1304 = CARTESIAN_POINT('',(-1.233243103516,0.608243103516,1.25));
#1305 = VECTOR('',#1306,1.);
#1306 = DIRECTION('',(-1.,0.,0.));
#1307 = ORIENTED_EDGE('',*,*,#1308,.F.);
#1308 = EDGE_CURVE('',#1283,#1301,#1309,.T.);
#1309 = LINE('',#1310,#1311);
#1310 = CARTESIAN_POINT('',(-0.683243103516,-0.633682327637,1.25));
#1311 = VECTOR('',#1312,1.);
#1312 = DIRECTION('',(0.,1.,0.));
#1313 = PLANE('',#1314);
#1314 = AXIS2_PLACEMENT_3D('',#1315,#1316,#1317);
#1315 = CARTESIAN_POINT('',(-1.283243103516,-0.659121551758,1.25));
#1316 = DIRECTION('',(0.,0.,1.));
#1317 = DIRECTION('',(0.889522261294,0.456891832562,-0.));
#1318 = ADVANCED_FACE('',(#1319),#1329,.F.);
#1319 = FACE_BOUND('',#1320,.F.);
#1320 = EDGE_LOOP('',(#1321,#1322,#1327,#1328));
#1321 = ORIENTED_EDGE('',*,*,#1021,.T.);
#1322 = ORIENTED_EDGE('',*,*,#1323,.T.);
#1323 = EDGE_CURVE('',#1015,#1251,#1324,.T.);
#1324 = B_SPLINE_CURVE_WITH_KNOTS('',1,(#1325,#1326),.UNSPECIFIED.,.F.,
  .F.,(2,2),(0.,1.),.PIECEWISE_BEZIER_KNOTS.);
#1325 = CARTESIAN_POINT('',(1.2675,-0.775,0.775));
#1326 = CARTESIAN_POINT('',(1.234121551758,-0.708243103516,1.25));
#1327 = ORIENTED_EDGE('',*,*,#1258,.F.);
#1328 = ORIENTED_EDGE('',*,*,#985,.F.);
#1329 = B_SPLINE_SURFACE_WITH_KNOTS('',1,1,(
    (#1330,#1331)
    ,(#1332,#1333
    )),.UNSPECIFIED.,.F.,.F.,.F.,(2,2),(2,2),(0.,0.116672618896),(0.,1.)
  ,.PIECEWISE_BEZIER_KNOTS.);
#1330 = CARTESIAN_POINT('',(1.35,-0.6925,0.775));
#1331 = CARTESIAN_POINT('',(1.283243103516,-0.659121551758,1.25));
#1332 = CARTESIAN_POINT('',(1.2675,-0.775,0.775));
#1333 = CARTESIAN_POINT('',(1.234121551758,-0.708243103516,1.25));
#1334 = ADVANCED_FACE('',(#1335),#1352,.F.);
#1335 = FACE_BOUND('',#1336,.F.);
#1336 = EDGE_LOOP('',(#1337,#1338,#1345,#1351));
#1337 = ORIENTED_EDGE('',*,*,#1044,.T.);
#1338 = ORIENTED_EDGE('',*,*,#1339,.T.);
#1339 = EDGE_CURVE('',#1038,#1340,#1342,.T.);
#1340 = VERTEX_POINT('',#1341);
#1341 = CARTESIAN_POINT('',(-1.2675,-0.775,0.775));
#1342 = B_SPLINE_CURVE_WITH_KNOTS('',1,(#1343,#1344),.UNSPECIFIED.,.F.,
  .F.,(2,2),(0.,1.),.PIECEWISE_BEZIER_KNOTS.);
#1343 = CARTESIAN_POINT('',(-1.28,-0.8,0.775));
#1344 = CARTESIAN_POINT('',(-1.2675,-0.775,0.775));
#1345 = ORIENTED_EDGE('',*,*,#1346,.F.);
#1346 = EDGE_CURVE('',#1015,#1340,#1347,.T.);
#1347 = LINE('',#1348,#1349);
#1348 = CARTESIAN_POINT('',(1.2675,-0.775,0.775));
#1349 = VECTOR('',#1350,1.);
#1350 = DIRECTION('',(-1.,0.,0.));
#1351 = ORIENTED_EDGE('',*,*,#1014,.F.);
#1352 = B_SPLINE_SURFACE_WITH_KNOTS('',1,1,(
    (#1353,#1354)
    ,(#1355,#1356
    )),.UNSPECIFIED.,.F.,.F.,.F.,(2,2),(2,2),(0.,2.56),(0.,1.),
  .PIECEWISE_BEZIER_KNOTS.);
#1353 = CARTESIAN_POINT('',(1.28,-0.8,0.775));
#1354 = CARTESIAN_POINT('',(1.2675,-0.775,0.775));
#1355 = CARTESIAN_POINT('',(-1.28,-0.8,0.775));
#1356 = CARTESIAN_POINT('',(-1.2675,-0.775,0.775));
#1357 = ADVANCED_FACE('',(#1358),#1382,.F.);
#1358 = FACE_BOUND('',#1359,.F.);
#1359 = EDGE_LOOP('',(#1360,#1367,#1368,#1376));
#1360 = ORIENTED_EDGE('',*,*,#1361,.F.);
#1361 = EDGE_CURVE('',#1060,#1362,#1364,.T.);
#1362 = VERTEX_POINT('',#1363);
#1363 = CARTESIAN_POINT('',(-1.35,-0.6925,0.775));
#1364 = B_SPLINE_CURVE_WITH_KNOTS('',1,(#1365,#1366),.UNSPECIFIED.,.F.,
  .F.,(2,2),(0.,1.),.PIECEWISE_BEZIER_KNOTS.);
#1365 = CARTESIAN_POINT('',(-1.375,-0.705,0.775));
#1366 = CARTESIAN_POINT('',(-1.35,-0.6925,0.775));
#1367 = ORIENTED_EDGE('',*,*,#1075,.T.);
#1368 = ORIENTED_EDGE('',*,*,#1369,.T.);
#1369 = EDGE_CURVE('',#1068,#1370,#1372,.T.);
#1370 = VERTEX_POINT('',#1371);
#1371 = CARTESIAN_POINT('',(-1.35,-0.325,0.775));
#1372 = LINE('',#1373,#1374);
#1373 = CARTESIAN_POINT('',(-1.375,-0.325,0.775));
#1374 = VECTOR('',#1375,1.);
#1375 = DIRECTION('',(1.,-1.110223024625E-16,0.));
#1376 = ORIENTED_EDGE('',*,*,#1377,.F.);
#1377 = EDGE_CURVE('',#1362,#1370,#1378,.T.);
#1378 = LINE('',#1379,#1380);
#1379 = CARTESIAN_POINT('',(-1.35,-0.6925,0.775));
#1380 = VECTOR('',#1381,1.);
#1381 = DIRECTION('',(0.,1.,0.));
#1382 = B_SPLINE_SURFACE_WITH_KNOTS('',1,1,(
    (#1383,#1384)
    ,(#1385,#1386
    )),.UNSPECIFIED.,.F.,.F.,.F.,(2,2),(2,2),(0.,1.41),(0.,1.),
  .PIECEWISE_BEZIER_KNOTS.);
#1383 = CARTESIAN_POINT('',(-1.375,-0.705,0.775));
#1384 = CARTESIAN_POINT('',(-1.35,-0.6925,0.775));
#1385 = CARTESIAN_POINT('',(-1.375,0.705,0.775));
#1386 = CARTESIAN_POINT('',(-1.35,0.6925,0.775));
#1387 = ADVANCED_FACE('',(#1388),#1457,.F.);
#1388 = FACE_BOUND('',#1389,.F.);
#1389 = EDGE_LOOP('',(#1390,#1391,#1392,#1400,#1409,#1417,#1425,#1433,
    #1442,#1450));
#1390 = ORIENTED_EDGE('',*,*,#1067,.F.);
#1391 = ORIENTED_EDGE('',*,*,#1137,.T.);
#1392 = ORIENTED_EDGE('',*,*,#1393,.T.);
#1393 = EDGE_CURVE('',#1130,#1394,#1396,.T.);
#1394 = VERTEX_POINT('',#1395);
#1395 = CARTESIAN_POINT('',(-1.495,-0.325,0.32));
#1396 = LINE('',#1397,#1398);
#1397 = CARTESIAN_POINT('',(-1.495,-0.325,0.455));
#1398 = VECTOR('',#1399,1.);
#1399 = DIRECTION('',(0.,0.,-1.));
#1400 = ORIENTED_EDGE('',*,*,#1401,.T.);
#1401 = EDGE_CURVE('',#1394,#1402,#1404,.T.);
#1402 = VERTEX_POINT('',#1403);
#1403 = CARTESIAN_POINT('',(-1.815,-0.325,-5.551115123126E-17));
#1404 = CIRCLE('',#1405,0.32);
#1405 = AXIS2_PLACEMENT_3D('',#1406,#1407,#1408);
#1406 = CARTESIAN_POINT('',(-1.815,-0.325,0.32));
#1407 = DIRECTION('',(1.110223024625E-16,1.,0.));
#1408 = DIRECTION('',(1.,-1.110223024625E-16,-8.673617379884E-16));
#1409 = ORIENTED_EDGE('',*,*,#1410,.T.);
#1410 = EDGE_CURVE('',#1402,#1411,#1413,.T.);
#1411 = VERTEX_POINT('',#1412);
#1412 = CARTESIAN_POINT('',(-1.9,-0.325,-5.551115123126E-17));
#1413 = LINE('',#1414,#1415);
#1414 = CARTESIAN_POINT('',(-1.815,-0.325,-5.551115123126E-17));
#1415 = VECTOR('',#1416,1.);
#1416 = DIRECTION('',(-1.,1.110223024625E-16,0.));
#1417 = ORIENTED_EDGE('',*,*,#1418,.T.);
#1418 = EDGE_CURVE('',#1411,#1419,#1421,.T.);
#1419 = VERTEX_POINT('',#1420);
#1420 = CARTESIAN_POINT('',(-1.9,-0.325,0.2));
#1421 = LINE('',#1422,#1423);
#1422 = CARTESIAN_POINT('',(-1.9,-0.325,-5.551115123126E-17));
#1423 = VECTOR('',#1424,1.);
#1424 = DIRECTION('',(0.,0.,1.));
#1425 = ORIENTED_EDGE('',*,*,#1426,.T.);
#1426 = EDGE_CURVE('',#1419,#1427,#1429,.T.);
#1427 = VERTEX_POINT('',#1428);
#1428 = CARTESIAN_POINT('',(-1.815,-0.325,0.2));
#1429 = LINE('',#1430,#1431);
#1430 = CARTESIAN_POINT('',(-1.9,-0.325,0.2));
#1431 = VECTOR('',#1432,1.);
#1432 = DIRECTION('',(1.,-1.110223024625E-16,0.));
#1433 = ORIENTED_EDGE('',*,*,#1434,.T.);
#1434 = EDGE_CURVE('',#1427,#1435,#1437,.T.);
#1435 = VERTEX_POINT('',#1436);
#1436 = CARTESIAN_POINT('',(-1.695,-0.325,0.32));
#1437 = CIRCLE('',#1438,0.12);
#1438 = AXIS2_PLACEMENT_3D('',#1439,#1440,#1441);
#1439 = CARTESIAN_POINT('',(-1.815,-0.325,0.32));
#1440 = DIRECTION('',(-1.110223024625E-16,-1.,0.));
#1441 = DIRECTION('',(1.850371707709E-15,-2.054325274013E-31,-1.));
#1442 = ORIENTED_EDGE('',*,*,#1443,.T.);
#1443 = EDGE_CURVE('',#1435,#1444,#1446,.T.);
#1444 = VERTEX_POINT('',#1445);
#1445 = CARTESIAN_POINT('',(-1.695,-0.325,0.455));
#1446 = LINE('',#1447,#1448);
#1447 = CARTESIAN_POINT('',(-1.695,-0.325,0.32));
#1448 = VECTOR('',#1449,1.);
#1449 = DIRECTION('',(0.,0.,1.));
#1450 = ORIENTED_EDGE('',*,*,#1451,.T.);
#1451 = EDGE_CURVE('',#1444,#1068,#1452,.T.);
#1452 = CIRCLE('',#1453,0.32);
#1453 = AXIS2_PLACEMENT_3D('',#1454,#1455,#1456);
#1454 = CARTESIAN_POINT('',(-1.375,-0.325,0.455));
#1455 = DIRECTION('',(1.110223024625E-16,1.,0.));
#1456 = DIRECTION('',(-1.,1.110223024625E-16,1.387778780781E-15));
#1457 = PLANE('',#1458);
#1458 = AXIS2_PLACEMENT_3D('',#1459,#1460,#1461);
#1459 = CARTESIAN_POINT('',(-1.606759913636,-0.325,0.378774902786));
#1460 = DIRECTION('',(1.110223024625E-16,1.,0.));
#1461 = DIRECTION('',(0.,-0.,1.));
#1462 = ADVANCED_FACE('',(#1463),#1532,.T.);
#1463 = FACE_BOUND('',#1464,.T.);
#1464 = EDGE_LOOP('',(#1465,#1466,#1467,#1475,#1484,#1492,#1500,#1508,
    #1517,#1525));
#1465 = ORIENTED_EDGE('',*,*,#1089,.F.);
#1466 = ORIENTED_EDGE('',*,*,#1120,.T.);
#1467 = ORIENTED_EDGE('',*,*,#1468,.T.);
#1468 = EDGE_CURVE('',#1121,#1469,#1471,.T.);
#1469 = VERTEX_POINT('',#1470);
#1470 = CARTESIAN_POINT('',(-1.495,0.325,0.32));
#1471 = LINE('',#1472,#1473);
#1472 = CARTESIAN_POINT('',(-1.495,0.325,0.455));
#1473 = VECTOR('',#1474,1.);
#1474 = DIRECTION('',(0.,0.,-1.));
#1475 = ORIENTED_EDGE('',*,*,#1476,.T.);
#1476 = EDGE_CURVE('',#1469,#1477,#1479,.T.);
#1477 = VERTEX_POINT('',#1478);
#1478 = CARTESIAN_POINT('',(-1.815,0.325,-5.551115123126E-17));
#1479 = CIRCLE('',#1480,0.32);
#1480 = AXIS2_PLACEMENT_3D('',#1481,#1482,#1483);
#1481 = CARTESIAN_POINT('',(-1.815,0.325,0.32));
#1482 = DIRECTION('',(1.110223024625E-16,1.,0.));
#1483 = DIRECTION('',(1.,-1.110223024625E-16,-8.673617379884E-16));
#1484 = ORIENTED_EDGE('',*,*,#1485,.T.);
#1485 = EDGE_CURVE('',#1477,#1486,#1488,.T.);
#1486 = VERTEX_POINT('',#1487);
#1487 = CARTESIAN_POINT('',(-1.9,0.325,-5.551115123126E-17));
#1488 = LINE('',#1489,#1490);
#1489 = CARTESIAN_POINT('',(-1.815,0.325,-5.551115123126E-17));
#1490 = VECTOR('',#1491,1.);
#1491 = DIRECTION('',(-1.,1.110223024625E-16,0.));
#1492 = ORIENTED_EDGE('',*,*,#1493,.T.);
#1493 = EDGE_CURVE('',#1486,#1494,#1496,.T.);
#1494 = VERTEX_POINT('',#1495);
#1495 = CARTESIAN_POINT('',(-1.9,0.325,0.2));
#1496 = LINE('',#1497,#1498);
#1497 = CARTESIAN_POINT('',(-1.9,0.325,-5.551115123126E-17));
#1498 = VECTOR('',#1499,1.);
#1499 = DIRECTION('',(0.,0.,1.));
#1500 = ORIENTED_EDGE('',*,*,#1501,.T.);
#1501 = EDGE_CURVE('',#1494,#1502,#1504,.T.);
#1502 = VERTEX_POINT('',#1503);
#1503 = CARTESIAN_POINT('',(-1.815,0.325,0.2));
#1504 = LINE('',#1505,#1506);
#1505 = CARTESIAN_POINT('',(-1.9,0.325,0.2));
#1506 = VECTOR('',#1507,1.);
#1507 = DIRECTION('',(1.,-1.110223024625E-16,0.));
#1508 = ORIENTED_EDGE('',*,*,#1509,.T.);
#1509 = EDGE_CURVE('',#1502,#1510,#1512,.T.);
#1510 = VERTEX_POINT('',#1511);
#1511 = CARTESIAN_POINT('',(-1.695,0.325,0.32));
#1512 = CIRCLE('',#1513,0.12);
#1513 = AXIS2_PLACEMENT_3D('',#1514,#1515,#1516);
#1514 = CARTESIAN_POINT('',(-1.815,0.325,0.32));
#1515 = DIRECTION('',(-1.110223024625E-16,-1.,0.));
#1516 = DIRECTION('',(1.850371707709E-15,-2.054325274013E-31,-1.));
#1517 = ORIENTED_EDGE('',*,*,#1518,.T.);
#1518 = EDGE_CURVE('',#1510,#1519,#1521,.T.);
#1519 = VERTEX_POINT('',#1520);
#1520 = CARTESIAN_POINT('',(-1.695,0.325,0.455));
#1521 = LINE('',#1522,#1523);
#1522 = CARTESIAN_POINT('',(-1.695,0.325,0.32));
#1523 = VECTOR('',#1524,1.);
#1524 = DIRECTION('',(0.,0.,1.));
#1525 = ORIENTED_EDGE('',*,*,#1526,.T.);
#1526 = EDGE_CURVE('',#1519,#1090,#1527,.T.);
#1527 = CIRCLE('',#1528,0.32);
#1528 = AXIS2_PLACEMENT_3D('',#1529,#1530,#1531);
#1529 = CARTESIAN_POINT('',(-1.375,0.325,0.455));
#1530 = DIRECTION('',(1.110223024625E-16,1.,0.));
#1531 = DIRECTION('',(-1.,1.110223024625E-16,1.387778780781E-15));
#1532 = PLANE('',#1533);
#1533 = AXIS2_PLACEMENT_3D('',#1534,#1535,#1536);
#1534 = CARTESIAN_POINT('',(-1.606759913636,0.325,0.378774902786));
#1535 = DIRECTION('',(1.110223024625E-16,1.,0.));
#1536 = DIRECTION('',(0.,-0.,1.));
#1537 = ADVANCED_FACE('',(#1538),#1562,.F.);
#1538 = FACE_BOUND('',#1539,.F.);
#1539 = EDGE_LOOP('',(#1540,#1548,#1549,#1556));
#1540 = ORIENTED_EDGE('',*,*,#1541,.F.);
#1541 = EDGE_CURVE('',#1090,#1542,#1544,.T.);
#1542 = VERTEX_POINT('',#1543);
#1543 = CARTESIAN_POINT('',(-1.35,0.325,0.775));
#1544 = LINE('',#1545,#1546);
#1545 = CARTESIAN_POINT('',(-1.375,0.325,0.775));
#1546 = VECTOR('',#1547,1.);
#1547 = DIRECTION('',(1.,-1.110223024625E-16,0.));
#1548 = ORIENTED_EDGE('',*,*,#1105,.T.);
#1549 = ORIENTED_EDGE('',*,*,#1550,.T.);
#1550 = EDGE_CURVE('',#1099,#1551,#1553,.T.);
#1551 = VERTEX_POINT('',#1552);
#1552 = CARTESIAN_POINT('',(-1.35,0.6925,0.775));
#1553 = B_SPLINE_CURVE_WITH_KNOTS('',1,(#1554,#1555),.UNSPECIFIED.,.F.,
  .F.,(2,2),(0.,1.),.PIECEWISE_BEZIER_KNOTS.);
#1554 = CARTESIAN_POINT('',(-1.375,0.705,0.775));
#1555 = CARTESIAN_POINT('',(-1.35,0.6925,0.775));
#1556 = ORIENTED_EDGE('',*,*,#1557,.F.);
#1557 = EDGE_CURVE('',#1542,#1551,#1558,.T.);
#1558 = LINE('',#1559,#1560);
#1559 = CARTESIAN_POINT('',(-1.35,-0.6925,0.775));
#1560 = VECTOR('',#1561,1.);
#1561 = DIRECTION('',(0.,1.,0.));
#1562 = B_SPLINE_SURFACE_WITH_KNOTS('',1,1,(
    (#1563,#1564)
    ,(#1565,#1566
    )),.UNSPECIFIED.,.F.,.F.,.F.,(2,2),(2,2),(0.,1.41),(0.,1.),
  .PIECEWISE_BEZIER_KNOTS.);
#1563 = CARTESIAN_POINT('',(-1.375,-0.705,0.775));
#1564 = CARTESIAN_POINT('',(-1.35,-0.6925,0.775));
#1565 = CARTESIAN_POINT('',(-1.375,0.705,0.775));
#1566 = CARTESIAN_POINT('',(-1.35,0.6925,0.775));
#1567 = ADVANCED_FACE('',(#1568),#1579,.F.);
#1568 = FACE_BOUND('',#1569,.F.);
#1569 = EDGE_LOOP('',(#1570,#1571,#1572,#1578));
#1570 = ORIENTED_EDGE('',*,*,#1129,.T.);
#1571 = ORIENTED_EDGE('',*,*,#1468,.T.);
#1572 = ORIENTED_EDGE('',*,*,#1573,.F.);
#1573 = EDGE_CURVE('',#1394,#1469,#1574,.T.);
#1574 = LINE('',#1575,#1576);
#1575 = CARTESIAN_POINT('',(-1.495,-0.325,0.32));
#1576 = VECTOR('',#1577,1.);
#1577 = DIRECTION('',(1.110223024625E-16,1.,0.));
#1578 = ORIENTED_EDGE('',*,*,#1393,.F.);
#1579 = PLANE('',#1580);
#1580 = AXIS2_PLACEMENT_3D('',#1581,#1582,#1583);
#1581 = CARTESIAN_POINT('',(-1.495,-0.325,0.455));
#1582 = DIRECTION('',(-1.,1.110223024625E-16,0.));
#1583 = DIRECTION('',(0.,0.,-1.));
#1584 = ADVANCED_FACE('',(#1585),#1596,.F.);
#1585 = FACE_BOUND('',#1586,.F.);
#1586 = EDGE_LOOP('',(#1587,#1588,#1589,#1595));
#1587 = ORIENTED_EDGE('',*,*,#1154,.T.);
#1588 = ORIENTED_EDGE('',*,*,#1219,.T.);
#1589 = ORIENTED_EDGE('',*,*,#1590,.F.);
#1590 = EDGE_CURVE('',#1551,#1212,#1591,.T.);
#1591 = LINE('',#1592,#1593);
#1592 = CARTESIAN_POINT('',(-1.35,0.6925,0.775));
#1593 = VECTOR('',#1594,1.);
#1594 = DIRECTION('',(0.707106781187,0.707106781187,0.));
#1595 = ORIENTED_EDGE('',*,*,#1550,.F.);
#1596 = B_SPLINE_SURFACE_WITH_KNOTS('',1,1,(
    (#1597,#1598)
    ,(#1599,#1600
    )),.UNSPECIFIED.,.F.,.F.,.F.,(2,2),(2,2),(0.,0.134350288425),(0.,1.)
  ,.PIECEWISE_BEZIER_KNOTS.);
#1597 = CARTESIAN_POINT('',(-1.375,0.705,0.775));
#1598 = CARTESIAN_POINT('',(-1.35,0.6925,0.775));
#1599 = CARTESIAN_POINT('',(-1.28,0.8,0.775));
#1600 = CARTESIAN_POINT('',(-1.2675,0.775,0.775));
#1601 = ADVANCED_FACE('',(#1602),#1613,.F.);
#1602 = FACE_BOUND('',#1603,.F.);
#1603 = EDGE_LOOP('',(#1604,#1605,#1606,#1612));
#1604 = ORIENTED_EDGE('',*,*,#1171,.T.);
#1605 = ORIENTED_EDGE('',*,*,#1361,.T.);
#1606 = ORIENTED_EDGE('',*,*,#1607,.F.);
#1607 = EDGE_CURVE('',#1340,#1362,#1608,.T.);
#1608 = LINE('',#1609,#1610);
#1609 = CARTESIAN_POINT('',(-1.2675,-0.775,0.775));
#1610 = VECTOR('',#1611,1.);
#1611 = DIRECTION('',(-0.707106781187,0.707106781187,0.));
#1612 = ORIENTED_EDGE('',*,*,#1339,.F.);
#1613 = B_SPLINE_SURFACE_WITH_KNOTS('',1,1,(
    (#1614,#1615)
    ,(#1616,#1617
    )),.UNSPECIFIED.,.F.,.F.,.F.,(2,2),(2,2),(0.,0.134350288425),(0.,1.)
  ,.PIECEWISE_BEZIER_KNOTS.);
#1614 = CARTESIAN_POINT('',(-1.28,-0.8,0.775));
#1615 = CARTESIAN_POINT('',(-1.2675,-0.775,0.775));
#1616 = CARTESIAN_POINT('',(-1.375,-0.705,0.775));
#1617 = CARTESIAN_POINT('',(-1.35,-0.6925,0.775));
#1618 = ADVANCED_FACE('',(#1619),#1629,.F.);
#1619 = FACE_BOUND('',#1620,.F.);
#1620 = EDGE_LOOP('',(#1621,#1622,#1623,#1624));
#1621 = ORIENTED_EDGE('',*,*,#1211,.T.);
#1622 = ORIENTED_EDGE('',*,*,#1196,.T.);
#1623 = ORIENTED_EDGE('',*,*,#1266,.F.);
#1624 = ORIENTED_EDGE('',*,*,#1625,.F.);
#1625 = EDGE_CURVE('',#1212,#1267,#1626,.T.);
#1626 = B_SPLINE_CURVE_WITH_KNOTS('',1,(#1627,#1628),.UNSPECIFIED.,.F.,
  .F.,(2,2),(0.,1.),.PIECEWISE_BEZIER_KNOTS.);
#1627 = CARTESIAN_POINT('',(-1.2675,0.775,0.775));
#1628 = CARTESIAN_POINT('',(-1.234121551758,0.708243103516,1.25));
#1629 = B_SPLINE_SURFACE_WITH_KNOTS('',1,1,(
    (#1630,#1631)
    ,(#1632,#1633
    )),.UNSPECIFIED.,.F.,.F.,.F.,(2,2),(2,2),(0.,2.535),(0.,1.),
  .PIECEWISE_BEZIER_KNOTS.);
#1630 = CARTESIAN_POINT('',(-1.2675,0.775,0.775));
#1631 = CARTESIAN_POINT('',(-1.234121551758,0.708243103516,1.25));
#1632 = CARTESIAN_POINT('',(1.2675,0.775,0.775));
#1633 = CARTESIAN_POINT('',(1.234121551758,0.708243103516,1.25));
#1634 = ADVANCED_FACE('',(#1635),#1656,.F.);
#1635 = FACE_BOUND('',#1636,.F.);
#1636 = EDGE_LOOP('',(#1637,#1638,#1644,#1645,#1650,#1651));
#1637 = ORIENTED_EDGE('',*,*,#1377,.T.);
#1638 = ORIENTED_EDGE('',*,*,#1639,.T.);
#1639 = EDGE_CURVE('',#1370,#1542,#1640,.T.);
#1640 = LINE('',#1641,#1642);
#1641 = CARTESIAN_POINT('',(-1.35,-0.6925,0.775));
#1642 = VECTOR('',#1643,1.);
#1643 = DIRECTION('',(0.,1.,0.));
#1644 = ORIENTED_EDGE('',*,*,#1557,.T.);
#1645 = ORIENTED_EDGE('',*,*,#1646,.T.);
#1646 = EDGE_CURVE('',#1551,#1235,#1647,.T.);
#1647 = B_SPLINE_CURVE_WITH_KNOTS('',1,(#1648,#1649),.UNSPECIFIED.,.F.,
  .F.,(2,2),(0.,1.),.PIECEWISE_BEZIER_KNOTS.);
#1648 = CARTESIAN_POINT('',(-1.35,0.6925,0.775));
#1649 = CARTESIAN_POINT('',(-1.283243103516,0.659121551758,1.25));
#1650 = ORIENTED_EDGE('',*,*,#1232,.F.);
#1651 = ORIENTED_EDGE('',*,*,#1652,.F.);
#1652 = EDGE_CURVE('',#1362,#1233,#1653,.T.);
#1653 = B_SPLINE_CURVE_WITH_KNOTS('',1,(#1654,#1655),.UNSPECIFIED.,.F.,
  .F.,(2,2),(0.,1.),.PIECEWISE_BEZIER_KNOTS.);
#1654 = CARTESIAN_POINT('',(-1.35,-0.6925,0.775));
#1655 = CARTESIAN_POINT('',(-1.283243103516,-0.659121551758,1.25));
#1656 = B_SPLINE_SURFACE_WITH_KNOTS('',1,1,(
    (#1657,#1658)
    ,(#1659,#1660
    )),.UNSPECIFIED.,.F.,.F.,.F.,(2,2),(2,2),(0.,1.385),(0.,1.),
  .PIECEWISE_BEZIER_KNOTS.);
#1657 = CARTESIAN_POINT('',(-1.35,-0.6925,0.775));
#1658 = CARTESIAN_POINT('',(-1.283243103516,-0.659121551758,1.25));
#1659 = CARTESIAN_POINT('',(-1.35,0.6925,0.775));
#1660 = CARTESIAN_POINT('',(-1.283243103516,0.659121551758,1.25));
#1661 = ADVANCED_FACE('',(#1662),#1672,.F.);
#1662 = FACE_BOUND('',#1663,.F.);
#1663 = EDGE_LOOP('',(#1664,#1665,#1666,#1667));
#1664 = ORIENTED_EDGE('',*,*,#1607,.T.);
#1665 = ORIENTED_EDGE('',*,*,#1652,.T.);
#1666 = ORIENTED_EDGE('',*,*,#1242,.F.);
#1667 = ORIENTED_EDGE('',*,*,#1668,.F.);
#1668 = EDGE_CURVE('',#1340,#1243,#1669,.T.);
#1669 = B_SPLINE_CURVE_WITH_KNOTS('',1,(#1670,#1671),.UNSPECIFIED.,.F.,
  .F.,(2,2),(0.,1.),.PIECEWISE_BEZIER_KNOTS.);
#1670 = CARTESIAN_POINT('',(-1.2675,-0.775,0.775));
#1671 = CARTESIAN_POINT('',(-1.234121551758,-0.708243103516,1.25));
#1672 = B_SPLINE_SURFACE_WITH_KNOTS('',1,1,(
    (#1673,#1674)
    ,(#1675,#1676
    )),.UNSPECIFIED.,.F.,.F.,.F.,(2,2),(2,2),(0.,0.116672618896),(0.,1.)
  ,.PIECEWISE_BEZIER_KNOTS.);
#1673 = CARTESIAN_POINT('',(-1.2675,-0.775,0.775));
#1674 = CARTESIAN_POINT('',(-1.234121551758,-0.708243103516,1.25));
#1675 = CARTESIAN_POINT('',(-1.35,-0.6925,0.775));
#1676 = CARTESIAN_POINT('',(-1.283243103516,-0.659121551758,1.25));
#1677 = ADVANCED_FACE('',(#1678),#1684,.F.);
#1678 = FACE_BOUND('',#1679,.F.);
#1679 = EDGE_LOOP('',(#1680,#1681,#1682,#1683));
#1680 = ORIENTED_EDGE('',*,*,#1590,.T.);
#1681 = ORIENTED_EDGE('',*,*,#1625,.T.);
#1682 = ORIENTED_EDGE('',*,*,#1274,.F.);
#1683 = ORIENTED_EDGE('',*,*,#1646,.F.);
#1684 = B_SPLINE_SURFACE_WITH_KNOTS('',1,1,(
    (#1685,#1686)
    ,(#1687,#1688
    )),.UNSPECIFIED.,.F.,.F.,.F.,(2,2),(2,2),(0.,0.116672618896),(0.,1.)
  ,.PIECEWISE_BEZIER_KNOTS.);
#1685 = CARTESIAN_POINT('',(-1.35,0.6925,0.775));
#1686 = CARTESIAN_POINT('',(-1.283243103516,0.659121551758,1.25));
#1687 = CARTESIAN_POINT('',(-1.2675,0.775,0.775));
#1688 = CARTESIAN_POINT('',(-1.234121551758,0.708243103516,1.25));
#1689 = ADVANCED_FACE('',(#1690),#1696,.F.);
#1690 = FACE_BOUND('',#1691,.F.);
#1691 = EDGE_LOOP('',(#1692,#1693,#1694,#1695));
#1692 = ORIENTED_EDGE('',*,*,#1346,.T.);
#1693 = ORIENTED_EDGE('',*,*,#1668,.T.);
#1694 = ORIENTED_EDGE('',*,*,#1250,.F.);
#1695 = ORIENTED_EDGE('',*,*,#1323,.F.);
#1696 = B_SPLINE_SURFACE_WITH_KNOTS('',1,1,(
    (#1697,#1698)
    ,(#1699,#1700
    )),.UNSPECIFIED.,.F.,.F.,.F.,(2,2),(2,2),(0.,2.535),(0.,1.),
  .PIECEWISE_BEZIER_KNOTS.);
#1697 = CARTESIAN_POINT('',(1.2675,-0.775,0.775));
#1698 = CARTESIAN_POINT('',(1.234121551758,-0.708243103516,1.25));
#1699 = CARTESIAN_POINT('',(-1.2675,-0.775,0.775));
#1700 = CARTESIAN_POINT('',(-1.234121551758,-0.708243103516,1.25));
#1701 = ADVANCED_FACE('',(#1702),#1727,.T.);
#1702 = FACE_BOUND('',#1703,.T.);
#1703 = EDGE_LOOP('',(#1704,#1712,#1720,#1726));
#1704 = ORIENTED_EDGE('',*,*,#1705,.F.);
#1705 = EDGE_CURVE('',#1706,#1283,#1708,.T.);
#1706 = VERTEX_POINT('',#1707);
#1707 = CARTESIAN_POINT('',(-0.683243103516,-0.608243103516,1.24));
#1708 = LINE('',#1709,#1710);
#1709 = CARTESIAN_POINT('',(-0.683243103516,-0.608243103516,1.24));
#1710 = VECTOR('',#1711,1.);
#1711 = DIRECTION('',(0.,0.,1.));
#1712 = ORIENTED_EDGE('',*,*,#1713,.F.);
#1713 = EDGE_CURVE('',#1714,#1706,#1716,.T.);
#1714 = VERTEX_POINT('',#1715);
#1715 = CARTESIAN_POINT('',(-1.183243103516,-0.608243103516,1.24));
#1716 = LINE('',#1717,#1718);
#1717 = CARTESIAN_POINT('',(-1.183243103516,-0.608243103516,1.24));
#1718 = VECTOR('',#1719,1.);
#1719 = DIRECTION('',(1.,0.,0.));
#1720 = ORIENTED_EDGE('',*,*,#1721,.T.);
#1721 = EDGE_CURVE('',#1714,#1285,#1722,.T.);
#1722 = LINE('',#1723,#1724);
#1723 = CARTESIAN_POINT('',(-1.183243103516,-0.608243103516,1.24));
#1724 = VECTOR('',#1725,1.);
#1725 = DIRECTION('',(0.,0.,1.));
#1726 = ORIENTED_EDGE('',*,*,#1282,.F.);
#1727 = PLANE('',#1728);
#1728 = AXIS2_PLACEMENT_3D('',#1729,#1730,#1731);
#1729 = CARTESIAN_POINT('',(-1.183243103516,-0.608243103516,1.24));
#1730 = DIRECTION('',(0.,1.,0.));
#1731 = DIRECTION('',(0.,-0.,1.));
#1732 = ADVANCED_FACE('',(#1733),#1751,.F.);
#1733 = FACE_BOUND('',#1734,.F.);
#1734 = EDGE_LOOP('',(#1735,#1736,#1744,#1750));
#1735 = ORIENTED_EDGE('',*,*,#1705,.F.);
#1736 = ORIENTED_EDGE('',*,*,#1737,.T.);
#1737 = EDGE_CURVE('',#1706,#1738,#1740,.T.);
#1738 = VERTEX_POINT('',#1739);
#1739 = CARTESIAN_POINT('',(-0.683243103516,0.608243103516,1.24));
#1740 = LINE('',#1741,#1742);
#1741 = CARTESIAN_POINT('',(-0.683243103516,-0.608243103516,1.24));
#1742 = VECTOR('',#1743,1.);
#1743 = DIRECTION('',(0.,1.,0.));
#1744 = ORIENTED_EDGE('',*,*,#1745,.T.);
#1745 = EDGE_CURVE('',#1738,#1301,#1746,.T.);
#1746 = LINE('',#1747,#1748);
#1747 = CARTESIAN_POINT('',(-0.683243103516,0.608243103516,1.24));
#1748 = VECTOR('',#1749,1.);
#1749 = DIRECTION('',(0.,0.,1.));
#1750 = ORIENTED_EDGE('',*,*,#1308,.F.);
#1751 = PLANE('',#1752);
#1752 = AXIS2_PLACEMENT_3D('',#1753,#1754,#1755);
#1753 = CARTESIAN_POINT('',(-0.683243103516,-0.608243103516,1.24));
#1754 = DIRECTION('',(1.,0.,0.));
#1755 = DIRECTION('',(0.,0.,1.));
#1756 = ADVANCED_FACE('',(#1757),#1775,.F.);
#1757 = FACE_BOUND('',#1758,.F.);
#1758 = EDGE_LOOP('',(#1759,#1760,#1768,#1774));
#1759 = ORIENTED_EDGE('',*,*,#1745,.F.);
#1760 = ORIENTED_EDGE('',*,*,#1761,.F.);
#1761 = EDGE_CURVE('',#1762,#1738,#1764,.T.);
#1762 = VERTEX_POINT('',#1763);
#1763 = CARTESIAN_POINT('',(-1.183243103516,0.608243103516,1.24));
#1764 = LINE('',#1765,#1766);
#1765 = CARTESIAN_POINT('',(-1.183243103516,0.608243103516,1.24));
#1766 = VECTOR('',#1767,1.);
#1767 = DIRECTION('',(1.,0.,0.));
#1768 = ORIENTED_EDGE('',*,*,#1769,.T.);
#1769 = EDGE_CURVE('',#1762,#1293,#1770,.T.);
#1770 = LINE('',#1771,#1772);
#1771 = CARTESIAN_POINT('',(-1.183243103516,0.608243103516,1.24));
#1772 = VECTOR('',#1773,1.);
#1773 = DIRECTION('',(0.,0.,1.));
#1774 = ORIENTED_EDGE('',*,*,#1300,.F.);
#1775 = PLANE('',#1776);
#1776 = AXIS2_PLACEMENT_3D('',#1777,#1778,#1779);
#1777 = CARTESIAN_POINT('',(-1.183243103516,0.608243103516,1.24));
#1778 = DIRECTION('',(0.,1.,0.));
#1779 = DIRECTION('',(0.,-0.,1.));
#1780 = ADVANCED_FACE('',(#1781),#1792,.T.);
#1781 = FACE_BOUND('',#1782,.T.);
#1782 = EDGE_LOOP('',(#1783,#1784,#1790,#1791));
#1783 = ORIENTED_EDGE('',*,*,#1721,.F.);
#1784 = ORIENTED_EDGE('',*,*,#1785,.T.);
#1785 = EDGE_CURVE('',#1714,#1762,#1786,.T.);
#1786 = LINE('',#1787,#1788);
#1787 = CARTESIAN_POINT('',(-1.183243103516,-0.608243103516,1.24));
#1788 = VECTOR('',#1789,1.);
#1789 = DIRECTION('',(0.,1.,0.));
#1790 = ORIENTED_EDGE('',*,*,#1769,.T.);
#1791 = ORIENTED_EDGE('',*,*,#1292,.F.);
#1792 = PLANE('',#1793);
#1793 = AXIS2_PLACEMENT_3D('',#1794,#1795,#1796);
#1794 = CARTESIAN_POINT('',(-1.183243103516,-0.608243103516,1.24));
#1795 = DIRECTION('',(1.,0.,0.));
#1796 = DIRECTION('',(0.,0.,1.));
#1797 = ADVANCED_FACE('',(#1798),#1809,.F.);
#1798 = FACE_BOUND('',#1799,.F.);
#1799 = EDGE_LOOP('',(#1800,#1801,#1807,#1808));
#1800 = ORIENTED_EDGE('',*,*,#1369,.F.);
#1801 = ORIENTED_EDGE('',*,*,#1802,.T.);
#1802 = EDGE_CURVE('',#1068,#1090,#1803,.T.);
#1803 = LINE('',#1804,#1805);
#1804 = CARTESIAN_POINT('',(-1.375,-0.325,0.775));
#1805 = VECTOR('',#1806,1.);
#1806 = DIRECTION('',(1.110223024625E-16,1.,0.));
#1807 = ORIENTED_EDGE('',*,*,#1541,.T.);
#1808 = ORIENTED_EDGE('',*,*,#1639,.F.);
#1809 = PLANE('',#1810);
#1810 = AXIS2_PLACEMENT_3D('',#1811,#1812,#1813);
#1811 = CARTESIAN_POINT('',(-1.375,-0.325,0.775));
#1812 = DIRECTION('',(0.,0.,-1.));
#1813 = DIRECTION('',(1.,-1.110223024625E-16,0.));
#1814 = ADVANCED_FACE('',(#1815),#1826,.T.);
#1815 = FACE_BOUND('',#1816,.T.);
#1816 = EDGE_LOOP('',(#1817,#1818,#1819,#1820));
#1817 = ORIENTED_EDGE('',*,*,#1451,.T.);
#1818 = ORIENTED_EDGE('',*,*,#1802,.T.);
#1819 = ORIENTED_EDGE('',*,*,#1526,.F.);
#1820 = ORIENTED_EDGE('',*,*,#1821,.F.);
#1821 = EDGE_CURVE('',#1444,#1519,#1822,.T.);
#1822 = LINE('',#1823,#1824);
#1823 = CARTESIAN_POINT('',(-1.695,-0.325,0.455));
#1824 = VECTOR('',#1825,1.);
#1825 = DIRECTION('',(1.110223024625E-16,1.,0.));
#1826 = CYLINDRICAL_SURFACE('',#1827,0.32);
#1827 = AXIS2_PLACEMENT_3D('',#1828,#1829,#1830);
#1828 = CARTESIAN_POINT('',(-1.375,-0.325,0.455));
#1829 = DIRECTION('',(-1.110223024625E-16,-1.,-0.));
#1830 = DIRECTION('',(-1.,1.110223024625E-16,1.387778780781E-15));
#1831 = ADVANCED_FACE('',(#1832),#1843,.F.);
#1832 = FACE_BOUND('',#1833,.F.);
#1833 = EDGE_LOOP('',(#1834,#1840,#1841,#1842));
#1834 = ORIENTED_EDGE('',*,*,#1835,.T.);
#1835 = EDGE_CURVE('',#1435,#1510,#1836,.T.);
#1836 = LINE('',#1837,#1838);
#1837 = CARTESIAN_POINT('',(-1.695,-0.325,0.32));
#1838 = VECTOR('',#1839,1.);
#1839 = DIRECTION('',(1.110223024625E-16,1.,0.));
#1840 = ORIENTED_EDGE('',*,*,#1518,.T.);
#1841 = ORIENTED_EDGE('',*,*,#1821,.F.);
#1842 = ORIENTED_EDGE('',*,*,#1443,.F.);
#1843 = PLANE('',#1844);
#1844 = AXIS2_PLACEMENT_3D('',#1845,#1846,#1847);
#1845 = CARTESIAN_POINT('',(-1.695,-0.325,0.32));
#1846 = DIRECTION('',(1.,-1.110223024625E-16,0.));
#1847 = DIRECTION('',(0.,0.,1.));
#1848 = ADVANCED_FACE('',(#1849),#1860,.F.);
#1849 = FACE_BOUND('',#1850,.F.);
#1850 = EDGE_LOOP('',(#1851,#1857,#1858,#1859));
#1851 = ORIENTED_EDGE('',*,*,#1852,.T.);
#1852 = EDGE_CURVE('',#1427,#1502,#1853,.T.);
#1853 = LINE('',#1854,#1855);
#1854 = CARTESIAN_POINT('',(-1.815,-0.325,0.2));
#1855 = VECTOR('',#1856,1.);
#1856 = DIRECTION('',(1.110223024625E-16,1.,0.));
#1857 = ORIENTED_EDGE('',*,*,#1509,.T.);
#1858 = ORIENTED_EDGE('',*,*,#1835,.F.);
#1859 = ORIENTED_EDGE('',*,*,#1434,.F.);
#1860 = CYLINDRICAL_SURFACE('',#1861,0.12);
#1861 = AXIS2_PLACEMENT_3D('',#1862,#1863,#1864);
#1862 = CARTESIAN_POINT('',(-1.815,-0.325,0.32));
#1863 = DIRECTION('',(-1.110223024625E-16,-1.,0.));
#1864 = DIRECTION('',(1.850371707709E-15,-2.054325274013E-31,-1.));
#1865 = ADVANCED_FACE('',(#1866),#1877,.F.);
#1866 = FACE_BOUND('',#1867,.F.);
#1867 = EDGE_LOOP('',(#1868,#1874,#1875,#1876));
#1868 = ORIENTED_EDGE('',*,*,#1869,.T.);
#1869 = EDGE_CURVE('',#1419,#1494,#1870,.T.);
#1870 = LINE('',#1871,#1872);
#1871 = CARTESIAN_POINT('',(-1.9,-0.325,0.2));
#1872 = VECTOR('',#1873,1.);
#1873 = DIRECTION('',(1.110223024625E-16,1.,0.));
#1874 = ORIENTED_EDGE('',*,*,#1501,.T.);
#1875 = ORIENTED_EDGE('',*,*,#1852,.F.);
#1876 = ORIENTED_EDGE('',*,*,#1426,.F.);
#1877 = PLANE('',#1878);
#1878 = AXIS2_PLACEMENT_3D('',#1879,#1880,#1881);
#1879 = CARTESIAN_POINT('',(-1.9,-0.325,0.2));
#1880 = DIRECTION('',(0.,0.,-1.));
#1881 = DIRECTION('',(1.,-1.110223024625E-16,0.));
#1882 = ADVANCED_FACE('',(#1883),#1894,.F.);
#1883 = FACE_BOUND('',#1884,.F.);
#1884 = EDGE_LOOP('',(#1885,#1891,#1892,#1893));
#1885 = ORIENTED_EDGE('',*,*,#1886,.T.);
#1886 = EDGE_CURVE('',#1411,#1486,#1887,.T.);
#1887 = LINE('',#1888,#1889);
#1888 = CARTESIAN_POINT('',(-1.9,-0.325,-5.551115123126E-17));
#1889 = VECTOR('',#1890,1.);
#1890 = DIRECTION('',(1.110223024625E-16,1.,0.));
#1891 = ORIENTED_EDGE('',*,*,#1493,.T.);
#1892 = ORIENTED_EDGE('',*,*,#1869,.F.);
#1893 = ORIENTED_EDGE('',*,*,#1418,.F.);
#1894 = PLANE('',#1895);
#1895 = AXIS2_PLACEMENT_3D('',#1896,#1897,#1898);
#1896 = CARTESIAN_POINT('',(-1.9,-0.325,-5.551115123126E-17));
#1897 = DIRECTION('',(1.,-1.110223024625E-16,0.));
#1898 = DIRECTION('',(0.,0.,1.));
#1899 = ADVANCED_FACE('',(#1900),#1911,.F.);
#1900 = FACE_BOUND('',#1901,.F.);
#1901 = EDGE_LOOP('',(#1902,#1908,#1909,#1910));
#1902 = ORIENTED_EDGE('',*,*,#1903,.T.);
#1903 = EDGE_CURVE('',#1402,#1477,#1904,.T.);
#1904 = LINE('',#1905,#1906);
#1905 = CARTESIAN_POINT('',(-1.815,-0.325,-5.551115123126E-17));
#1906 = VECTOR('',#1907,1.);
#1907 = DIRECTION('',(1.110223024625E-16,1.,0.));
#1908 = ORIENTED_EDGE('',*,*,#1485,.T.);
#1909 = ORIENTED_EDGE('',*,*,#1886,.F.);
#1910 = ORIENTED_EDGE('',*,*,#1410,.F.);
#1911 = PLANE('',#1912);
#1912 = AXIS2_PLACEMENT_3D('',#1913,#1914,#1915);
#1913 = CARTESIAN_POINT('',(-1.815,-0.325,-5.551115123126E-17));
#1914 = DIRECTION('',(0.,0.,1.));
#1915 = DIRECTION('',(-1.,1.110223024625E-16,0.));
#1916 = ADVANCED_FACE('',(#1917),#1923,.T.);
#1917 = FACE_BOUND('',#1918,.T.);
#1918 = EDGE_LOOP('',(#1919,#1920,#1921,#1922));
#1919 = ORIENTED_EDGE('',*,*,#1401,.T.);
#1920 = ORIENTED_EDGE('',*,*,#1903,.T.);
#1921 = ORIENTED_EDGE('',*,*,#1476,.F.);
#1922 = ORIENTED_EDGE('',*,*,#1573,.F.);
#1923 = CYLINDRICAL_SURFACE('',#1924,0.32);
#1924 = AXIS2_PLACEMENT_3D('',#1925,#1926,#1927);
#1925 = CARTESIAN_POINT('',(-1.815,-0.325,0.32));
#1926 = DIRECTION('',(-1.110223024625E-16,-1.,-0.));
#1927 = DIRECTION('',(1.,-1.110223024625E-16,-8.673617379884E-16));
#1928 = ADVANCED_FACE('',(#1929),#1935,.T.);
#1929 = FACE_BOUND('',#1930,.T.);
#1930 = EDGE_LOOP('',(#1931,#1932,#1933,#1934));
#1931 = ORIENTED_EDGE('',*,*,#1785,.F.);
#1932 = ORIENTED_EDGE('',*,*,#1713,.T.);
#1933 = ORIENTED_EDGE('',*,*,#1737,.T.);
#1934 = ORIENTED_EDGE('',*,*,#1761,.F.);
#1935 = PLANE('',#1936);
#1936 = AXIS2_PLACEMENT_3D('',#1937,#1938,#1939);
#1937 = CARTESIAN_POINT('',(-1.183243103516,-0.608243103516,1.24));
#1938 = DIRECTION('',(0.,0.,1.));
#1939 = DIRECTION('',(1.,0.,-0.));
#1940 = ( GEOMETRIC_REPRESENTATION_CONTEXT(3) 
GLOBAL_UNCERTAINTY_ASSIGNED_CONTEXT((#1944)) 
GLOBAL_UNIT_ASSIGNED_CONTEXT((#1941,#1942,#1943)) REPRESENTATION_CONTEXT
('Context #1','3D Context with UNIT and UNCERTAINTY') );
#1941 = ( LENGTH_UNIT() NAMED_UNIT(*) SI_UNIT(.MILLI.,.METRE.) );
#1942 = ( NAMED_UNIT(*) PLANE_ANGLE_UNIT() SI_UNIT($,.RADIAN.) );
#1943 = ( NAMED_UNIT(*) SI_UNIT($,.STERADIAN.) SOLID_ANGLE_UNIT() );
#1944 = UNCERTAINTY_MEASURE_WITH_UNIT(LENGTH_MEASURE(2.E-06),#1941,
  'distance_accuracy_value','confusion accuracy');
#1945 = CONTEXT_DEPENDENT_SHAPE_REPRESENTATION(#1946,#1948);
#1946 = ( REPRESENTATION_RELATIONSHIP('','',#139,#116) 
REPRESENTATION_RELATIONSHIP_WITH_TRANSFORMATION(#1947) 
SHAPE_REPRESENTATION_RELATIONSHIP() );
#1947 = ITEM_DEFINED_TRANSFORMATION('','',#11,#117);
#1948 = PRODUCT_DEFINITION_SHAPE('Placement','Placement of an item',
  #1949);
#1949 = NEXT_ASSEMBLY_USAGE_OCCURRENCE('1','=>[0:1:1:3]','',#111,#134,$
  );
#1950 = PRODUCT_RELATED_PRODUCT_CATEGORY('part',$,(#136));
#1951 = CONTEXT_DEPENDENT_SHAPE_REPRESENTATION(#1952,#1954);
#1952 = ( REPRESENTATION_RELATIONSHIP('','',#116,#10) 
REPRESENTATION_RELATIONSHIP_WITH_TRANSFORMATION(#1953) 
SHAPE_REPRESENTATION_RELATIONSHIP() );
#1953 = ITEM_DEFINED_TRANSFORMATION('','',#11,#19);
#1954 = PRODUCT_DEFINITION_SHAPE('Placement','Placement of an item',
  #1955);
#1955 = NEXT_ASSEMBLY_USAGE_OCCURRENCE('3','D5','',#5,#111,$);
#1956 = CONTEXT_DEPENDENT_SHAPE_REPRESENTATION(#1957,#1959);
#1957 = ( REPRESENTATION_RELATIONSHIP('','',#116,#10) 
REPRESENTATION_RELATIONSHIP_WITH_TRANSFORMATION(#1958) 
SHAPE_REPRESENTATION_RELATIONSHIP() );
#1958 = ITEM_DEFINED_TRANSFORMATION('','',#11,#23);
#1959 = PRODUCT_DEFINITION_SHAPE('Placement','Placement of an item',
  #1960);
#1960 = NEXT_ASSEMBLY_USAGE_OCCURRENCE('4','D16','',#5,#111,$);
#1961 = CONTEXT_DEPENDENT_SHAPE_REPRESENTATION(#1962,#1964);
#1962 = ( REPRESENTATION_RELATIONSHIP('','',#116,#10) 
REPRESENTATION_RELATIONSHIP_WITH_TRANSFORMATION(#1963) 
SHAPE_REPRESENTATION_RELATIONSHIP() );
#1963 = ITEM_DEFINED_TRANSFORMATION('','',#11,#27);
#1964 = PRODUCT_DEFINITION_SHAPE('Placement','Placement of an item',
  #1965);
#1965 = NEXT_ASSEMBLY_USAGE_OCCURRENCE('5','D10','',#5,#111,$);
#1966 = CONTEXT_DEPENDENT_SHAPE_REPRESENTATION(#1967,#1969);
#1967 = ( REPRESENTATION_RELATIONSHIP('','',#116,#10) 
REPRESENTATION_RELATIONSHIP_WITH_TRANSFORMATION(#1968) 
SHAPE_REPRESENTATION_RELATIONSHIP() );
#1968 = ITEM_DEFINED_TRANSFORMATION('','',#11,#31);
#1969 = PRODUCT_DEFINITION_SHAPE('Placement','Placement of an item',
  #1970);
#1970 = NEXT_ASSEMBLY_USAGE_OCCURRENCE('6','D2','',#5,#111,$);
#1971 = CONTEXT_DEPENDENT_SHAPE_REPRESENTATION(#1972,#1974);
#1972 = ( REPRESENTATION_RELATIONSHIP('','',#116,#10) 
REPRESENTATION_RELATIONSHIP_WITH_TRANSFORMATION(#1973) 
SHAPE_REPRESENTATION_RELATIONSHIP() );
#1973 = ITEM_DEFINED_TRANSFORMATION('','',#11,#35);
#1974 = PRODUCT_DEFINITION_SHAPE('Placement','Placement of an item',
  #1975);
#1975 = NEXT_ASSEMBLY_USAGE_OCCURRENCE('7','D9','',#5,#111,$);
#1976 = CONTEXT_DEPENDENT_SHAPE_REPRESENTATION(#1977,#1979);
#1977 = ( REPRESENTATION_RELATIONSHIP('','',#116,#10) 
REPRESENTATION_RELATIONSHIP_WITH_TRANSFORMATION(#1978) 
SHAPE_REPRESENTATION_RELATIONSHIP() );
#1978 = ITEM_DEFINED_TRANSFORMATION('','',#11,#39);
#1979 = PRODUCT_DEFINITION_SHAPE('Placement','Placement of an item',
  #1980);
#1980 = NEXT_ASSEMBLY_USAGE_OCCURRENCE('8','D4','',#5,#111,$);
#1981 = CONTEXT_DEPENDENT_SHAPE_REPRESENTATION(#1982,#1984);
#1982 = ( REPRESENTATION_RELATIONSHIP('','',#116,#10) 
REPRESENTATION_RELATIONSHIP_WITH_TRANSFORMATION(#1983) 
SHAPE_REPRESENTATION_RELATIONSHIP() );
#1983 = ITEM_DEFINED_TRANSFORMATION('','',#11,#43);
#1984 = PRODUCT_DEFINITION_SHAPE('Placement','Placement of an item',
  #1985);
#1985 = NEXT_ASSEMBLY_USAGE_OCCURRENCE('9','D18','',#5,#111,$);
#1986 = CONTEXT_DEPENDENT_SHAPE_REPRESENTATION(#1987,#1989);
#1987 = ( REPRESENTATION_RELATIONSHIP('','',#116,#10) 
REPRESENTATION_RELATIONSHIP_WITH_TRANSFORMATION(#1988) 
SHAPE_REPRESENTATION_RELATIONSHIP() );
#1988 = ITEM_DEFINED_TRANSFORMATION('','',#11,#47);
#1989 = PRODUCT_DEFINITION_SHAPE('Placement','Placement of an item',
  #1990);
#1990 = NEXT_ASSEMBLY_USAGE_OCCURRENCE('10','D8','',#5,#111,$);
#1991 = CONTEXT_DEPENDENT_SHAPE_REPRESENTATION(#1992,#1994);
#1992 = ( REPRESENTATION_RELATIONSHIP('','',#116,#10) 
REPRESENTATION_RELATIONSHIP_WITH_TRANSFORMATION(#1993) 
SHAPE_REPRESENTATION_RELATIONSHIP() );
#1993 = ITEM_DEFINED_TRANSFORMATION('','',#11,#51);
#1994 = PRODUCT_DEFINITION_SHAPE('Placement','Placement of an item',
  #1995);
#1995 = NEXT_ASSEMBLY_USAGE_OCCURRENCE('11','D15','',#5,#111,$);
#1996 = CONTEXT_DEPENDENT_SHAPE_REPRESENTATION(#1997,#1999);
#1997 = ( REPRESENTATION_RELATIONSHIP('','',#116,#10) 
REPRESENTATION_RELATIONSHIP_WITH_TRANSFORMATION(#1998) 
SHAPE_REPRESENTATION_RELATIONSHIP() );
#1998 = ITEM_DEFINED_TRANSFORMATION('','',#11,#55);
#1999 = PRODUCT_DEFINITION_SHAPE('Placement','Placement of an item',
  #2000);
#2000 = NEXT_ASSEMBLY_USAGE_OCCURRENCE('12','D14','',#5,#111,$);
#2001 = CONTEXT_DEPENDENT_SHAPE_REPRESENTATION(#2002,#2004);
#2002 = ( REPRESENTATION_RELATIONSHIP('','',#116,#10) 
REPRESENTATION_RELATIONSHIP_WITH_TRANSFORMATION(#2003) 
SHAPE_REPRESENTATION_RELATIONSHIP() );
#2003 = ITEM_DEFINED_TRANSFORMATION('','',#11,#59);
#2004 = PRODUCT_DEFINITION_SHAPE('Placement','Placement of an item',
  #2005);
#2005 = NEXT_ASSEMBLY_USAGE_OCCURRENCE('13','D1','',#5,#111,$);
#2006 = CONTEXT_DEPENDENT_SHAPE_REPRESENTATION(#2007,#2009);
#2007 = ( REPRESENTATION_RELATIONSHIP('','',#116,#10) 
REPRESENTATION_RELATIONSHIP_WITH_TRANSFORMATION(#2008) 
SHAPE_REPRESENTATION_RELATIONSHIP() );
#2008 = ITEM_DEFINED_TRANSFORMATION('','',#11,#63);
#2009 = PRODUCT_DEFINITION_SHAPE('Placement','Placement of an item',
  #2010);
#2010 = NEXT_ASSEMBLY_USAGE_OCCURRENCE('14','D13','',#5,#111,$);
#2011 = CONTEXT_DEPENDENT_SHAPE_REPRESENTATION(#2012,#2014);
#2012 = ( REPRESENTATION_RELATIONSHIP('','',#116,#10) 
REPRESENTATION_RELATIONSHIP_WITH_TRANSFORMATION(#2013) 
SHAPE_REPRESENTATION_RELATIONSHIP() );
#2013 = ITEM_DEFINED_TRANSFORMATION('','',#11,#67);
#2014 = PRODUCT_DEFINITION_SHAPE('Placement','Placement of an item',
  #2015);
#2015 = NEXT_ASSEMBLY_USAGE_OCCURRENCE('15','D7','',#5,#111,$);
#2016 = CONTEXT_DEPENDENT_SHAPE_REPRESENTATION(#2017,#2019);
#2017 = ( REPRESENTATION_RELATIONSHIP('','',#116,#10) 
REPRESENTATION_RELATIONSHIP_WITH_TRANSFORMATION(#2018) 
SHAPE_REPRESENTATION_RELATIONSHIP() );
#2018 = ITEM_DEFINED_TRANSFORMATION('','',#11,#71);
#2019 = PRODUCT_DEFINITION_SHAPE('Placement','Placement of an item',
  #2020);
#2020 = NEXT_ASSEMBLY_USAGE_OCCURRENCE('16','D3','',#5,#111,$);
#2021 = CONTEXT_DEPENDENT_SHAPE_REPRESENTATION(#2022,#2024);
#2022 = ( REPRESENTATION_RELATIONSHIP('','',#116,#10) 
REPRESENTATION_RELATIONSHIP_WITH_TRANSFORMATION(#2023) 
SHAPE_REPRESENTATION_RELATIONSHIP() );
#2023 = ITEM_DEFINED_TRANSFORMATION('','',#11,#75);
#2024 = PRODUCT_DEFINITION_SHAPE('Placement','Placement of an item',
  #2025);
#2025 = NEXT_ASSEMBLY_USAGE_OCCURRENCE('17','D17','',#5,#111,$);
#2026 = CONTEXT_DEPENDENT_SHAPE_REPRESENTATION(#2027,#2029);
#2027 = ( REPRESENTATION_RELATIONSHIP('','',#116,#10) 
REPRESENTATION_RELATIONSHIP_WITH_TRANSFORMATION(#2028) 
SHAPE_REPRESENTATION_RELATIONSHIP() );
#2028 = ITEM_DEFINED_TRANSFORMATION('','',#11,#79);
#2029 = PRODUCT_DEFINITION_SHAPE('Placement','Placement of an item',
  #2030);
#2030 = NEXT_ASSEMBLY_USAGE_OCCURRENCE('18','D20','',#5,#111,$);
#2031 = CONTEXT_DEPENDENT_SHAPE_REPRESENTATION(#2032,#2034);
#2032 = ( REPRESENTATION_RELATIONSHIP('','',#116,#10) 
REPRESENTATION_RELATIONSHIP_WITH_TRANSFORMATION(#2033) 
SHAPE_REPRESENTATION_RELATIONSHIP() );
#2033 = ITEM_DEFINED_TRANSFORMATION('','',#11,#83);
#2034 = PRODUCT_DEFINITION_SHAPE('Placement','Placement of an item',
  #2035);
#2035 = NEXT_ASSEMBLY_USAGE_OCCURRENCE('19','D12','',#5,#111,$);
#2036 = CONTEXT_DEPENDENT_SHAPE_REPRESENTATION(#2037,#2039);
#2037 = ( REPRESENTATION_RELATIONSHIP('','',#116,#10) 
REPRESENTATION_RELATIONSHIP_WITH_TRANSFORMATION(#2038) 
SHAPE_REPRESENTATION_RELATIONSHIP() );
#2038 = ITEM_DEFINED_TRANSFORMATION('','',#11,#87);
#2039 = PRODUCT_DEFINITION_SHAPE('Placement','Placement of an item',
  #2040);
#2040 = NEXT_ASSEMBLY_USAGE_OCCURRENCE('20','D21','',#5,#111,$);
#2041 = CONTEXT_DEPENDENT_SHAPE_REPRESENTATION(#2042,#2044);
#2042 = ( REPRESENTATION_RELATIONSHIP('','',#116,#10) 
REPRESENTATION_RELATIONSHIP_WITH_TRANSFORMATION(#2043) 
SHAPE_REPRESENTATION_RELATIONSHIP() );
#2043 = ITEM_DEFINED_TRANSFORMATION('','',#11,#91);
#2044 = PRODUCT_DEFINITION_SHAPE('Placement','Placement of an item',
  #2045);
#2045 = NEXT_ASSEMBLY_USAGE_OCCURRENCE('21','D11','',#5,#111,$);
#2046 = CONTEXT_DEPENDENT_SHAPE_REPRESENTATION(#2047,#2049);
#2047 = ( REPRESENTATION_RELATIONSHIP('','',#116,#10) 
REPRESENTATION_RELATIONSHIP_WITH_TRANSFORMATION(#2048) 
SHAPE_REPRESENTATION_RELATIONSHIP() );
#2048 = ITEM_DEFINED_TRANSFORMATION('','',#11,#95);
#2049 = PRODUCT_DEFINITION_SHAPE('Placement','Placement of an item',
  #2050);
#2050 = NEXT_ASSEMBLY_USAGE_OCCURRENCE('22','D19','',#5,#111,$);
#2051 = SHAPE_DEFINITION_REPRESENTATION(#2052,#2058);
#2052 = PRODUCT_DEFINITION_SHAPE('','',#2053);
#2053 = PRODUCT_DEFINITION('design','',#2054,#2057);
#2054 = PRODUCT_DEFINITION_FORMATION('','',#2055);
#2055 = PRODUCT('_autosave-pcb-2_PCB','_autosave-pcb-2_PCB','',(#2056));
#2056 = PRODUCT_CONTEXT('',#2,'mechanical');
#2057 = PRODUCT_DEFINITION_CONTEXT('part definition',#2,'design');
#2058 = ADVANCED_BREP_SHAPE_REPRESENTATION('',(#11,#2059),#8121);
#2059 = MANIFOLD_SOLID_BREP('',#2060);
#2060 = CLOSED_SHELL('',(#2061,#2101,#2132,#2163,#3827,#5491,#5508,#5525
    ,#5542,#5559,#5576,#5593,#5610,#5627,#5644,#5661,#5678,#5695,#5712,
    #5729,#5746,#5763,#5775,#5792,#5809,#5826,#5843,#5860,#5877,#5894,
    #5911,#5928,#5945,#5962,#5979,#5996,#6013,#6030,#6047,#6064,#6081,
    #6098,#6115,#6132,#6149,#6166,#6183,#6200,#6217,#6234,#6251,#6268,
    #6285,#6302,#6319,#6336,#6353,#6370,#6387,#6404,#6421,#6438,#6455,
    #6472,#6489,#6506,#6523,#6540,#6557,#6574,#6591,#6608,#6625,#6642,
    #6659,#6676,#6693,#6710,#6727,#6744,#6761,#6778,#6795,#6812,#6829,
    #6846,#6863,#6880,#6897,#6914,#6931,#6948,#6965,#6982,#6999,#7016,
    #7033,#7050,#7067,#7084,#7101,#7118,#7135,#7152,#7169,#7186,#7203,
    #7220,#7237,#7254,#7271,#7288,#7305,#7322,#7339,#7356,#7373,#7390,
    #7407,#7424,#7441,#7458,#7475,#7492,#7509,#7526,#7543,#7560,#7577,
    #7594,#7611,#7628,#7645,#7662,#7679,#7696,#7713,#7730,#7747,#7764,
    #7781,#7798,#7815,#7832,#7849,#7866,#7883,#7900,#7917,#7934,#7951,
    #7968,#7985,#8002,#8019,#8036,#8053,#8070,#8087,#8104));
#2061 = ADVANCED_FACE('',(#2062),#2096,.T.);
#2062 = FACE_BOUND('',#2063,.T.);
#2063 = EDGE_LOOP('',(#2064,#2074,#2082,#2090));
#2064 = ORIENTED_EDGE('',*,*,#2065,.T.);
#2065 = EDGE_CURVE('',#2066,#2068,#2070,.T.);
#2066 = VERTEX_POINT('',#2067);
#2067 = CARTESIAN_POINT('',(117.25,-26.,0.));
#2068 = VERTEX_POINT('',#2069);
#2069 = CARTESIAN_POINT('',(117.25,-26.,1.6));
#2070 = LINE('',#2071,#2072);
#2071 = CARTESIAN_POINT('',(117.25,-26.,0.));
#2072 = VECTOR('',#2073,1.);
#2073 = DIRECTION('',(0.,0.,1.));
#2074 = ORIENTED_EDGE('',*,*,#2075,.T.);
#2075 = EDGE_CURVE('',#2068,#2076,#2078,.T.);
#2076 = VERTEX_POINT('',#2077);
#2077 = CARTESIAN_POINT('',(134.5,-26.,1.6));
#2078 = LINE('',#2079,#2080);
#2079 = CARTESIAN_POINT('',(117.25,-26.,1.6));
#2080 = VECTOR('',#2081,1.);
#2081 = DIRECTION('',(1.,0.,0.));
#2082 = ORIENTED_EDGE('',*,*,#2083,.F.);
#2083 = EDGE_CURVE('',#2084,#2076,#2086,.T.);
#2084 = VERTEX_POINT('',#2085);
#2085 = CARTESIAN_POINT('',(134.5,-26.,0.));
#2086 = LINE('',#2087,#2088);
#2087 = CARTESIAN_POINT('',(134.5,-26.,0.));
#2088 = VECTOR('',#2089,1.);
#2089 = DIRECTION('',(0.,0.,1.));
#2090 = ORIENTED_EDGE('',*,*,#2091,.F.);
#2091 = EDGE_CURVE('',#2066,#2084,#2092,.T.);
#2092 = LINE('',#2093,#2094);
#2093 = CARTESIAN_POINT('',(117.25,-26.,0.));
#2094 = VECTOR('',#2095,1.);
#2095 = DIRECTION('',(1.,0.,0.));
#2096 = PLANE('',#2097);
#2097 = AXIS2_PLACEMENT_3D('',#2098,#2099,#2100);
#2098 = CARTESIAN_POINT('',(117.25,-26.,0.));
#2099 = DIRECTION('',(0.,1.,0.));
#2100 = DIRECTION('',(1.,0.,0.));
#2101 = ADVANCED_FACE('',(#2102),#2127,.T.);
#2102 = FACE_BOUND('',#2103,.T.);
#2103 = EDGE_LOOP('',(#2104,#2114,#2120,#2121));
#2104 = ORIENTED_EDGE('',*,*,#2105,.T.);
#2105 = EDGE_CURVE('',#2106,#2108,#2110,.T.);
#2106 = VERTEX_POINT('',#2107);
#2107 = CARTESIAN_POINT('',(117.25,-22.25,0.));
#2108 = VERTEX_POINT('',#2109);
#2109 = CARTESIAN_POINT('',(117.25,-22.25,1.6));
#2110 = LINE('',#2111,#2112);
#2111 = CARTESIAN_POINT('',(117.25,-22.25,0.));
#2112 = VECTOR('',#2113,1.);
#2113 = DIRECTION('',(0.,0.,1.));
#2114 = ORIENTED_EDGE('',*,*,#2115,.T.);
#2115 = EDGE_CURVE('',#2108,#2068,#2116,.T.);
#2116 = LINE('',#2117,#2118);
#2117 = CARTESIAN_POINT('',(117.25,-22.25,1.6));
#2118 = VECTOR('',#2119,1.);
#2119 = DIRECTION('',(0.,-1.,0.));
#2120 = ORIENTED_EDGE('',*,*,#2065,.F.);
#2121 = ORIENTED_EDGE('',*,*,#2122,.F.);
#2122 = EDGE_CURVE('',#2106,#2066,#2123,.T.);
#2123 = LINE('',#2124,#2125);
#2124 = CARTESIAN_POINT('',(117.25,-22.25,0.));
#2125 = VECTOR('',#2126,1.);
#2126 = DIRECTION('',(0.,-1.,0.));
#2127 = PLANE('',#2128);
#2128 = AXIS2_PLACEMENT_3D('',#2129,#2130,#2131);
#2129 = CARTESIAN_POINT('',(117.25,-22.25,0.));
#2130 = DIRECTION('',(1.,0.,-0.));
#2131 = DIRECTION('',(0.,-1.,0.));
#2132 = ADVANCED_FACE('',(#2133),#2158,.T.);
#2133 = FACE_BOUND('',#2134,.T.);
#2134 = EDGE_LOOP('',(#2135,#2136,#2144,#2152));
#2135 = ORIENTED_EDGE('',*,*,#2083,.T.);
#2136 = ORIENTED_EDGE('',*,*,#2137,.T.);
#2137 = EDGE_CURVE('',#2076,#2138,#2140,.T.);
#2138 = VERTEX_POINT('',#2139);
#2139 = CARTESIAN_POINT('',(134.5,-31.5,1.6));
#2140 = LINE('',#2141,#2142);
#2141 = CARTESIAN_POINT('',(134.5,-26.,1.6));
#2142 = VECTOR('',#2143,1.);
#2143 = DIRECTION('',(0.,-1.,0.));
#2144 = ORIENTED_EDGE('',*,*,#2145,.F.);
#2145 = EDGE_CURVE('',#2146,#2138,#2148,.T.);
#2146 = VERTEX_POINT('',#2147);
#2147 = CARTESIAN_POINT('',(134.5,-31.5,0.));
#2148 = LINE('',#2149,#2150);
#2149 = CARTESIAN_POINT('',(134.5,-31.5,0.));
#2150 = VECTOR('',#2151,1.);
#2151 = DIRECTION('',(0.,0.,1.));
#2152 = ORIENTED_EDGE('',*,*,#2153,.F.);
#2153 = EDGE_CURVE('',#2084,#2146,#2154,.T.);
#2154 = LINE('',#2155,#2156);
#2155 = CARTESIAN_POINT('',(134.5,-26.,0.));
#2156 = VECTOR('',#2157,1.);
#2157 = DIRECTION('',(0.,-1.,0.));
#2158 = PLANE('',#2159);
#2159 = AXIS2_PLACEMENT_3D('',#2160,#2161,#2162);
#2160 = CARTESIAN_POINT('',(134.5,-26.,0.));
#2161 = DIRECTION('',(1.,0.,-0.));
#2162 = DIRECTION('',(0.,-1.,0.));
#2163 = ADVANCED_FACE('',(#2164,#2304,#2315,#2326,#2337,#2348,#2359,
    #2370,#2381,#2392,#2403,#2414,#2425,#2436,#2447,#2458,#2469,#2480,
    #2491,#2502,#2513,#2524,#2535,#2546,#2557,#2568,#2579,#2590,#2601,
    #2612,#2623,#2634,#2645,#2656,#2667,#2678,#2689,#2700,#2711,#2722,
    #2733,#2744,#2755,#2766,#2777,#2788,#2799,#2810,#2821,#2832,#2843,
    #2854,#2865,#2876,#2887,#2898,#2909,#2920,#2931,#2942,#2953,#2964,
    #2975,#2986,#2997,#3008,#3019,#3030,#3041,#3052,#3063,#3074,#3085,
    #3096,#3107,#3118,#3129,#3140,#3151,#3162,#3173,#3184,#3195,#3206,
    #3217,#3228,#3239,#3250,#3261,#3272,#3283,#3294,#3305,#3316,#3327,
    #3338,#3349,#3360,#3371,#3382,#3393,#3404,#3415,#3426,#3437,#3448,
    #3459,#3470,#3481,#3492,#3503,#3514,#3525,#3536,#3547,#3558,#3569,
    #3580,#3591,#3602,#3613,#3624,#3635,#3646,#3657,#3668,#3679,#3690,
    #3701,#3712,#3723,#3734,#3745,#3756,#3767,#3778,#3789,#3800,#3811),
  #3822,.F.);
#2164 = FACE_BOUND('',#2165,.F.);
#2165 = EDGE_LOOP('',(#2166,#2167,#2168,#2176,#2184,#2192,#2200,#2208,
    #2216,#2224,#2232,#2240,#2248,#2256,#2265,#2273,#2281,#2289,#2297,
    #2303));
#2166 = ORIENTED_EDGE('',*,*,#2091,.F.);
#2167 = ORIENTED_EDGE('',*,*,#2122,.F.);
#2168 = ORIENTED_EDGE('',*,*,#2169,.F.);
#2169 = EDGE_CURVE('',#2170,#2106,#2172,.T.);
#2170 = VERTEX_POINT('',#2171);
#2171 = CARTESIAN_POINT('',(93.5,-22.25,0.));
#2172 = LINE('',#2173,#2174);
#2173 = CARTESIAN_POINT('',(93.5,-22.25,0.));
#2174 = VECTOR('',#2175,1.);
#2175 = DIRECTION('',(1.,0.,0.));
#2176 = ORIENTED_EDGE('',*,*,#2177,.F.);
#2177 = EDGE_CURVE('',#2178,#2170,#2180,.T.);
#2178 = VERTEX_POINT('',#2179);
#2179 = CARTESIAN_POINT('',(93.5,-29.25,0.));
#2180 = LINE('',#2181,#2182);
#2181 = CARTESIAN_POINT('',(93.5,-29.25,0.));
#2182 = VECTOR('',#2183,1.);
#2183 = DIRECTION('',(0.,1.,0.));
#2184 = ORIENTED_EDGE('',*,*,#2185,.F.);
#2185 = EDGE_CURVE('',#2186,#2178,#2188,.T.);
#2186 = VERTEX_POINT('',#2187);
#2187 = CARTESIAN_POINT('',(75.,-29.25,0.));
#2188 = LINE('',#2189,#2190);
#2189 = CARTESIAN_POINT('',(75.,-29.25,0.));
#2190 = VECTOR('',#2191,1.);
#2191 = DIRECTION('',(1.,0.,0.));
#2192 = ORIENTED_EDGE('',*,*,#2193,.F.);
#2193 = EDGE_CURVE('',#2194,#2186,#2196,.T.);
#2194 = VERTEX_POINT('',#2195);
#2195 = CARTESIAN_POINT('',(75.,-38.5,0.));
#2196 = LINE('',#2197,#2198);
#2197 = CARTESIAN_POINT('',(75.,-38.5,0.));
#2198 = VECTOR('',#2199,1.);
#2199 = DIRECTION('',(0.,1.,0.));
#2200 = ORIENTED_EDGE('',*,*,#2201,.F.);
#2201 = EDGE_CURVE('',#2202,#2194,#2204,.T.);
#2202 = VERTEX_POINT('',#2203);
#2203 = CARTESIAN_POINT('',(56.25,-38.5,0.));
#2204 = LINE('',#2205,#2206);
#2205 = CARTESIAN_POINT('',(56.25,-38.5,0.));
#2206 = VECTOR('',#2207,1.);
#2207 = DIRECTION('',(1.,0.,0.));
#2208 = ORIENTED_EDGE('',*,*,#2209,.F.);
#2209 = EDGE_CURVE('',#2210,#2202,#2212,.T.);
#2210 = VERTEX_POINT('',#2211);
#2211 = CARTESIAN_POINT('',(56.2,-42.8,0.));
#2212 = LINE('',#2213,#2214);
#2213 = CARTESIAN_POINT('',(56.2,-42.8,0.));
#2214 = VECTOR('',#2215,1.);
#2215 = DIRECTION('',(1.162712096214E-02,0.999932402744,0.));
#2216 = ORIENTED_EDGE('',*,*,#2217,.F.);
#2217 = EDGE_CURVE('',#2218,#2210,#2220,.T.);
#2218 = VERTEX_POINT('',#2219);
#2219 = CARTESIAN_POINT('',(38.1,-42.8625,0.));
#2220 = LINE('',#2221,#2222);
#2221 = CARTESIAN_POINT('',(38.1,-42.8625,0.));
#2222 = VECTOR('',#2223,1.);
#2223 = DIRECTION('',(0.999994038315,3.453018088105E-03,0.));
#2224 = ORIENTED_EDGE('',*,*,#2225,.F.);
#2225 = EDGE_CURVE('',#2226,#2218,#2228,.T.);
#2226 = VERTEX_POINT('',#2227);
#2227 = CARTESIAN_POINT('',(38.1,-100.0125,0.));
#2228 = LINE('',#2229,#2230);
#2229 = CARTESIAN_POINT('',(38.1,-100.0125,0.));
#2230 = VECTOR('',#2231,1.);
#2231 = DIRECTION('',(0.,1.,0.));
#2232 = ORIENTED_EDGE('',*,*,#2233,.F.);
#2233 = EDGE_CURVE('',#2234,#2226,#2236,.T.);
#2234 = VERTEX_POINT('',#2235);
#2235 = CARTESIAN_POINT('',(89.5,-100.01444,0.));
#2236 = LINE('',#2237,#2238);
#2237 = CARTESIAN_POINT('',(89.5,-100.01444,0.));
#2238 = VECTOR('',#2239,1.);
#2239 = DIRECTION('',(-0.999999999288,3.774319063441E-05,0.));
#2240 = ORIENTED_EDGE('',*,*,#2241,.F.);
#2241 = EDGE_CURVE('',#2242,#2234,#2244,.T.);
#2242 = VERTEX_POINT('',#2243);
#2243 = CARTESIAN_POINT('',(96.25,-108.2,0.));
#2244 = LINE('',#2245,#2246);
#2245 = CARTESIAN_POINT('',(96.25,-108.2,0.));
#2246 = VECTOR('',#2247,1.);
#2247 = DIRECTION('',(-0.636209812725,0.771516088097,0.));
#2248 = ORIENTED_EDGE('',*,*,#2249,.F.);
#2249 = EDGE_CURVE('',#2250,#2242,#2252,.T.);
#2250 = VERTEX_POINT('',#2251);
#2251 = CARTESIAN_POINT('',(154.225887,-108.245887,0.));
#2252 = LINE('',#2253,#2254);
#2253 = CARTESIAN_POINT('',(154.225887,-108.245887,0.));
#2254 = VECTOR('',#2255,1.);
#2255 = DIRECTION('',(-0.999999686777,7.914839772457E-04,0.));
#2256 = ORIENTED_EDGE('',*,*,#2257,.F.);
#2257 = EDGE_CURVE('',#2258,#2250,#2260,.T.);
#2258 = VERTEX_POINT('',#2259);
#2259 = CARTESIAN_POINT('',(159.035887,-103.435887,0.));
#2260 = CIRCLE('',#2261,4.809998694089);
#2261 = AXIS2_PLACEMENT_3D('',#2262,#2263,#2264);
#2262 = CARTESIAN_POINT('',(154.22588830591,-103.4358883059,0.));
#2263 = DIRECTION('',(0.,0.,-1.));
#2264 = DIRECTION('',(1.,2.714993157422E-07,0.));
#2265 = ORIENTED_EDGE('',*,*,#2266,.F.);
#2266 = EDGE_CURVE('',#2267,#2258,#2269,.T.);
#2267 = VERTEX_POINT('',#2268);
#2268 = CARTESIAN_POINT('',(159.044113,-81.850189,0.));
#2269 = LINE('',#2270,#2271);
#2270 = CARTESIAN_POINT('',(159.044113,-81.850189,0.));
#2271 = VECTOR('',#2272,1.);
#2272 = DIRECTION('',(-3.810856337697E-04,-0.999999927387,0.));
#2273 = ORIENTED_EDGE('',*,*,#2274,.F.);
#2274 = EDGE_CURVE('',#2275,#2267,#2277,.T.);
#2275 = VERTEX_POINT('',#2276);
#2276 = CARTESIAN_POINT('',(165.,-76.4,0.));
#2277 = LINE('',#2278,#2279);
#2278 = CARTESIAN_POINT('',(165.,-76.4,0.));
#2279 = VECTOR('',#2280,1.);
#2280 = DIRECTION('',(-0.737732244736,-0.675093426925,0.));
#2281 = ORIENTED_EDGE('',*,*,#2282,.F.);
#2282 = EDGE_CURVE('',#2283,#2275,#2285,.T.);
#2283 = VERTEX_POINT('',#2284);
#2284 = CARTESIAN_POINT('',(178.6,-76.4,0.));
#2285 = LINE('',#2286,#2287);
#2286 = CARTESIAN_POINT('',(178.6,-76.4,0.));
#2287 = VECTOR('',#2288,1.);
#2288 = DIRECTION('',(-1.,0.,0.));
#2289 = ORIENTED_EDGE('',*,*,#2290,.F.);
#2290 = EDGE_CURVE('',#2291,#2283,#2293,.T.);
#2291 = VERTEX_POINT('',#2292);
#2292 = CARTESIAN_POINT('',(178.6,-31.6,0.));
#2293 = LINE('',#2294,#2295);
#2294 = CARTESIAN_POINT('',(178.6,-31.6,0.));
#2295 = VECTOR('',#2296,1.);
#2296 = DIRECTION('',(0.,-1.,0.));
#2297 = ORIENTED_EDGE('',*,*,#2298,.F.);
#2298 = EDGE_CURVE('',#2146,#2291,#2299,.T.);
#2299 = LINE('',#2300,#2301);
#2300 = CARTESIAN_POINT('',(134.5,-31.5,0.));
#2301 = VECTOR('',#2302,1.);
#2302 = DIRECTION('',(0.999997429065,-2.26756786636E-03,0.));
#2303 = ORIENTED_EDGE('',*,*,#2153,.F.);
#2304 = FACE_BOUND('',#2305,.F.);
#2305 = EDGE_LOOP('',(#2306));
#2306 = ORIENTED_EDGE('',*,*,#2307,.T.);
#2307 = EDGE_CURVE('',#2308,#2308,#2310,.T.);
#2308 = VERTEX_POINT('',#2309);
#2309 = CARTESIAN_POINT('',(42.125,-91.4375,0.));
#2310 = CIRCLE('',#2311,0.95);
#2311 = AXIS2_PLACEMENT_3D('',#2312,#2313,#2314);
#2312 = CARTESIAN_POINT('',(42.125,-90.4875,0.));
#2313 = DIRECTION('',(-0.,0.,-1.));
#2314 = DIRECTION('',(-0.,-1.,0.));
#2315 = FACE_BOUND('',#2316,.F.);
#2316 = EDGE_LOOP('',(#2317));
#2317 = ORIENTED_EDGE('',*,*,#2318,.T.);
#2318 = EDGE_CURVE('',#2319,#2319,#2321,.T.);
#2319 = VERTEX_POINT('',#2320);
#2320 = CARTESIAN_POINT('',(47.625,-92.2125,0.));
#2321 = CIRCLE('',#2322,1.725);
#2322 = AXIS2_PLACEMENT_3D('',#2323,#2324,#2325);
#2323 = CARTESIAN_POINT('',(47.625,-90.4875,0.));
#2324 = DIRECTION('',(-0.,0.,-1.));
#2325 = DIRECTION('',(-0.,-1.,0.));
#2326 = FACE_BOUND('',#2327,.F.);
#2327 = EDGE_LOOP('',(#2328));
#2328 = ORIENTED_EDGE('',*,*,#2329,.T.);
#2329 = EDGE_CURVE('',#2330,#2330,#2332,.T.);
#2330 = VERTEX_POINT('',#2331);
#2331 = CARTESIAN_POINT('',(53.125,-91.4375,0.));
#2332 = CIRCLE('',#2333,0.95);
#2333 = AXIS2_PLACEMENT_3D('',#2334,#2335,#2336);
#2334 = CARTESIAN_POINT('',(53.125,-90.4875,0.));
#2335 = DIRECTION('',(-0.,0.,-1.));
#2336 = DIRECTION('',(-0.,-1.,0.));
#2337 = FACE_BOUND('',#2338,.F.);
#2338 = EDGE_LOOP('',(#2339));
#2339 = ORIENTED_EDGE('',*,*,#2340,.T.);
#2340 = EDGE_CURVE('',#2341,#2341,#2343,.T.);
#2341 = VERTEX_POINT('',#2342);
#2342 = CARTESIAN_POINT('',(52.625,-88.2125,0.));
#2343 = CIRCLE('',#2344,1.525);
#2344 = AXIS2_PLACEMENT_3D('',#2345,#2346,#2347);
#2345 = CARTESIAN_POINT('',(52.625,-86.6875,0.));
#2346 = DIRECTION('',(-0.,0.,-1.));
#2347 = DIRECTION('',(-0.,-1.,0.));
#2348 = FACE_BOUND('',#2349,.F.);
#2349 = EDGE_LOOP('',(#2350));
#2350 = ORIENTED_EDGE('',*,*,#2351,.T.);
#2351 = EDGE_CURVE('',#2352,#2352,#2354,.T.);
#2352 = VERTEX_POINT('',#2353);
#2353 = CARTESIAN_POINT('',(47.625,-86.1125,0.));
#2354 = CIRCLE('',#2355,1.525);
#2355 = AXIS2_PLACEMENT_3D('',#2356,#2357,#2358);
#2356 = CARTESIAN_POINT('',(47.625,-84.5875,0.));
#2357 = DIRECTION('',(-0.,0.,-1.));
#2358 = DIRECTION('',(-0.,-1.,0.));
#2359 = FACE_BOUND('',#2360,.F.);
#2360 = EDGE_LOOP('',(#2361));
#2361 = ORIENTED_EDGE('',*,*,#2362,.T.);
#2362 = EDGE_CURVE('',#2363,#2363,#2365,.T.);
#2363 = VERTEX_POINT('',#2364);
#2364 = CARTESIAN_POINT('',(61.175,-86.675,0.));
#2365 = CIRCLE('',#2366,0.95);
#2366 = AXIS2_PLACEMENT_3D('',#2367,#2368,#2369);
#2367 = CARTESIAN_POINT('',(61.175,-85.725,0.));
#2368 = DIRECTION('',(-0.,0.,-1.));
#2369 = DIRECTION('',(-0.,-1.,0.));
#2370 = FACE_BOUND('',#2371,.F.);
#2371 = EDGE_LOOP('',(#2372));
#2372 = ORIENTED_EDGE('',*,*,#2373,.T.);
#2373 = EDGE_CURVE('',#2374,#2374,#2376,.T.);
#2374 = VERTEX_POINT('',#2375);
#2375 = CARTESIAN_POINT('',(66.675,-87.45,0.));
#2376 = CIRCLE('',#2377,1.725);
#2377 = AXIS2_PLACEMENT_3D('',#2378,#2379,#2380);
#2378 = CARTESIAN_POINT('',(66.675,-85.725,0.));
#2379 = DIRECTION('',(-0.,0.,-1.));
#2380 = DIRECTION('',(-8.238176646494E-15,-1.,0.));
#2381 = FACE_BOUND('',#2382,.F.);
#2382 = EDGE_LOOP('',(#2383));
#2383 = ORIENTED_EDGE('',*,*,#2384,.T.);
#2384 = EDGE_CURVE('',#2385,#2385,#2387,.T.);
#2385 = VERTEX_POINT('',#2386);
#2386 = CARTESIAN_POINT('',(72.175,-86.675,0.));
#2387 = CIRCLE('',#2388,0.95);
#2388 = AXIS2_PLACEMENT_3D('',#2389,#2390,#2391);
#2389 = CARTESIAN_POINT('',(72.175,-85.725,0.));
#2390 = DIRECTION('',(-0.,0.,-1.));
#2391 = DIRECTION('',(-0.,-1.,0.));
#2392 = FACE_BOUND('',#2393,.F.);
#2393 = EDGE_LOOP('',(#2394));
#2394 = ORIENTED_EDGE('',*,*,#2395,.T.);
#2395 = EDGE_CURVE('',#2396,#2396,#2398,.T.);
#2396 = VERTEX_POINT('',#2397);
#2397 = CARTESIAN_POINT('',(71.675,-83.45,0.));
#2398 = CIRCLE('',#2399,1.525);
#2399 = AXIS2_PLACEMENT_3D('',#2400,#2401,#2402);
#2400 = CARTESIAN_POINT('',(71.675,-81.925,0.));
#2401 = DIRECTION('',(-0.,0.,-1.));
#2402 = DIRECTION('',(-9.31859325587E-15,-1.,0.));
#2403 = FACE_BOUND('',#2404,.F.);
#2404 = EDGE_LOOP('',(#2405));
#2405 = ORIENTED_EDGE('',*,*,#2406,.T.);
#2406 = EDGE_CURVE('',#2407,#2407,#2409,.T.);
#2407 = VERTEX_POINT('',#2408);
#2408 = CARTESIAN_POINT('',(99.275,-99.2125,0.));
#2409 = CIRCLE('',#2410,0.95);
#2410 = AXIS2_PLACEMENT_3D('',#2411,#2412,#2413);
#2411 = CARTESIAN_POINT('',(99.275,-98.2625,0.));
#2412 = DIRECTION('',(-0.,0.,-1.));
#2413 = DIRECTION('',(-0.,-1.,0.));
#2414 = FACE_BOUND('',#2415,.F.);
#2415 = EDGE_LOOP('',(#2416));
#2416 = ORIENTED_EDGE('',*,*,#2417,.T.);
#2417 = EDGE_CURVE('',#2418,#2418,#2420,.T.);
#2418 = VERTEX_POINT('',#2419);
#2419 = CARTESIAN_POINT('',(104.775,-99.9875,0.));
#2420 = CIRCLE('',#2421,1.725);
#2421 = AXIS2_PLACEMENT_3D('',#2422,#2423,#2424);
#2422 = CARTESIAN_POINT('',(104.775,-98.2625,0.));
#2423 = DIRECTION('',(-0.,0.,-1.));
#2424 = DIRECTION('',(-0.,-1.,0.));
#2425 = FACE_BOUND('',#2426,.F.);
#2426 = EDGE_LOOP('',(#2427));
#2427 = ORIENTED_EDGE('',*,*,#2428,.F.);
#2428 = EDGE_CURVE('',#2429,#2429,#2431,.T.);
#2429 = VERTEX_POINT('',#2430);
#2430 = CARTESIAN_POINT('',(95.560775,-93.,0.));
#2431 = CIRCLE('',#2432,1.560775);
#2432 = AXIS2_PLACEMENT_3D('',#2433,#2434,#2435);
#2433 = CARTESIAN_POINT('',(94.,-93.,0.));
#2434 = DIRECTION('',(0.,0.,1.));
#2435 = DIRECTION('',(1.,0.,-0.));
#2436 = FACE_BOUND('',#2437,.F.);
#2437 = EDGE_LOOP('',(#2438));
#2438 = ORIENTED_EDGE('',*,*,#2439,.T.);
#2439 = EDGE_CURVE('',#2440,#2440,#2442,.T.);
#2440 = VERTEX_POINT('',#2441);
#2441 = CARTESIAN_POINT('',(104.775,-93.8875,0.));
#2442 = CIRCLE('',#2443,1.525);
#2443 = AXIS2_PLACEMENT_3D('',#2444,#2445,#2446);
#2444 = CARTESIAN_POINT('',(104.775,-92.3625,0.));
#2445 = DIRECTION('',(-0.,0.,-1.));
#2446 = DIRECTION('',(-0.,-1.,0.));
#2447 = FACE_BOUND('',#2448,.F.);
#2448 = EDGE_LOOP('',(#2449));
#2449 = ORIENTED_EDGE('',*,*,#2450,.T.);
#2450 = EDGE_CURVE('',#2451,#2451,#2453,.T.);
#2451 = VERTEX_POINT('',#2452);
#2452 = CARTESIAN_POINT('',(66.675,-81.35,0.));
#2453 = CIRCLE('',#2454,1.525);
#2454 = AXIS2_PLACEMENT_3D('',#2455,#2456,#2457);
#2455 = CARTESIAN_POINT('',(66.675,-79.825,0.));
#2456 = DIRECTION('',(-0.,0.,-1.));
#2457 = DIRECTION('',(-9.31859325587E-15,-1.,0.));
#2458 = FACE_BOUND('',#2459,.F.);
#2459 = EDGE_LOOP('',(#2460));
#2460 = ORIENTED_EDGE('',*,*,#2461,.T.);
#2461 = EDGE_CURVE('',#2462,#2462,#2464,.T.);
#2462 = VERTEX_POINT('',#2463);
#2463 = CARTESIAN_POINT('',(42.125,-72.3875,0.));
#2464 = CIRCLE('',#2465,0.95);
#2465 = AXIS2_PLACEMENT_3D('',#2466,#2467,#2468);
#2466 = CARTESIAN_POINT('',(42.125,-71.4375,0.));
#2467 = DIRECTION('',(-0.,0.,-1.));
#2468 = DIRECTION('',(-0.,-1.,0.));
#2469 = FACE_BOUND('',#2470,.F.);
#2470 = EDGE_LOOP('',(#2471));
#2471 = ORIENTED_EDGE('',*,*,#2472,.T.);
#2472 = EDGE_CURVE('',#2473,#2473,#2475,.T.);
#2473 = VERTEX_POINT('',#2474);
#2474 = CARTESIAN_POINT('',(47.625,-73.1625,0.));
#2475 = CIRCLE('',#2476,1.725);
#2476 = AXIS2_PLACEMENT_3D('',#2477,#2478,#2479);
#2477 = CARTESIAN_POINT('',(47.625,-71.4375,0.));
#2478 = DIRECTION('',(-0.,0.,-1.));
#2479 = DIRECTION('',(-0.,-1.,0.));
#2480 = FACE_BOUND('',#2481,.F.);
#2481 = EDGE_LOOP('',(#2482));
#2482 = ORIENTED_EDGE('',*,*,#2483,.T.);
#2483 = EDGE_CURVE('',#2484,#2484,#2486,.T.);
#2484 = VERTEX_POINT('',#2485);
#2485 = CARTESIAN_POINT('',(53.125,-72.3875,0.));
#2486 = CIRCLE('',#2487,0.95);
#2487 = AXIS2_PLACEMENT_3D('',#2488,#2489,#2490);
#2488 = CARTESIAN_POINT('',(53.125,-71.4375,0.));
#2489 = DIRECTION('',(-0.,0.,-1.));
#2490 = DIRECTION('',(-0.,-1.,0.));
#2491 = FACE_BOUND('',#2492,.F.);
#2492 = EDGE_LOOP('',(#2493));
#2493 = ORIENTED_EDGE('',*,*,#2494,.T.);
#2494 = EDGE_CURVE('',#2495,#2495,#2497,.T.);
#2495 = VERTEX_POINT('',#2496);
#2496 = CARTESIAN_POINT('',(52.625,-69.1625,0.));
#2497 = CIRCLE('',#2498,1.525);
#2498 = AXIS2_PLACEMENT_3D('',#2499,#2500,#2501);
#2499 = CARTESIAN_POINT('',(52.625,-67.6375,0.));
#2500 = DIRECTION('',(-0.,0.,-1.));
#2501 = DIRECTION('',(-0.,-1.,0.));
#2502 = FACE_BOUND('',#2503,.F.);
#2503 = EDGE_LOOP('',(#2504));
#2504 = ORIENTED_EDGE('',*,*,#2505,.T.);
#2505 = EDGE_CURVE('',#2506,#2506,#2508,.T.);
#2506 = VERTEX_POINT('',#2507);
#2507 = CARTESIAN_POINT('',(47.625,-67.0625,0.));
#2508 = CIRCLE('',#2509,1.525);
#2509 = AXIS2_PLACEMENT_3D('',#2510,#2511,#2512);
#2510 = CARTESIAN_POINT('',(47.625,-65.5375,0.));
#2511 = DIRECTION('',(-0.,0.,-1.));
#2512 = DIRECTION('',(-0.,-1.,0.));
#2513 = FACE_BOUND('',#2514,.F.);
#2514 = EDGE_LOOP('',(#2515));
#2515 = ORIENTED_EDGE('',*,*,#2516,.T.);
#2516 = EDGE_CURVE('',#2517,#2517,#2519,.T.);
#2517 = VERTEX_POINT('',#2518);
#2518 = CARTESIAN_POINT('',(61.175,-67.625,0.));
#2519 = CIRCLE('',#2520,0.95);
#2520 = AXIS2_PLACEMENT_3D('',#2521,#2522,#2523);
#2521 = CARTESIAN_POINT('',(61.175,-66.675,0.));
#2522 = DIRECTION('',(-0.,0.,-1.));
#2523 = DIRECTION('',(-0.,-1.,0.));
#2524 = FACE_BOUND('',#2525,.F.);
#2525 = EDGE_LOOP('',(#2526));
#2526 = ORIENTED_EDGE('',*,*,#2527,.T.);
#2527 = EDGE_CURVE('',#2528,#2528,#2530,.T.);
#2528 = VERTEX_POINT('',#2529);
#2529 = CARTESIAN_POINT('',(66.675,-68.4,0.));
#2530 = CIRCLE('',#2531,1.725);
#2531 = AXIS2_PLACEMENT_3D('',#2532,#2533,#2534);
#2532 = CARTESIAN_POINT('',(66.675,-66.675,0.));
#2533 = DIRECTION('',(-0.,0.,-1.));
#2534 = DIRECTION('',(-8.238176646494E-15,-1.,0.));
#2535 = FACE_BOUND('',#2536,.F.);
#2536 = EDGE_LOOP('',(#2537));
#2537 = ORIENTED_EDGE('',*,*,#2538,.T.);
#2538 = EDGE_CURVE('',#2539,#2539,#2541,.T.);
#2539 = VERTEX_POINT('',#2540);
#2540 = CARTESIAN_POINT('',(72.175,-67.625,0.));
#2541 = CIRCLE('',#2542,0.95);
#2542 = AXIS2_PLACEMENT_3D('',#2543,#2544,#2545);
#2543 = CARTESIAN_POINT('',(72.175,-66.675,0.));
#2544 = DIRECTION('',(-0.,0.,-1.));
#2545 = DIRECTION('',(-0.,-1.,0.));
#2546 = FACE_BOUND('',#2547,.F.);
#2547 = EDGE_LOOP('',(#2548));
#2548 = ORIENTED_EDGE('',*,*,#2549,.T.);
#2549 = EDGE_CURVE('',#2550,#2550,#2552,.T.);
#2550 = VERTEX_POINT('',#2551);
#2551 = CARTESIAN_POINT('',(71.675,-64.4,0.));
#2552 = CIRCLE('',#2553,1.525);
#2553 = AXIS2_PLACEMENT_3D('',#2554,#2555,#2556);
#2554 = CARTESIAN_POINT('',(71.675,-62.875,0.));
#2555 = DIRECTION('',(-0.,0.,-1.));
#2556 = DIRECTION('',(-9.31859325587E-15,-1.,0.));
#2557 = FACE_BOUND('',#2558,.F.);
#2558 = EDGE_LOOP('',(#2559));
#2559 = ORIENTED_EDGE('',*,*,#2560,.T.);
#2560 = EDGE_CURVE('',#2561,#2561,#2563,.T.);
#2561 = VERTEX_POINT('',#2562);
#2562 = CARTESIAN_POINT('',(80.225,-78.2875,0.));
#2563 = CIRCLE('',#2564,0.95);
#2564 = AXIS2_PLACEMENT_3D('',#2565,#2566,#2567);
#2565 = CARTESIAN_POINT('',(80.225,-77.3375,0.));
#2566 = DIRECTION('',(-0.,0.,-1.));
#2567 = DIRECTION('',(-0.,-1.,0.));
#2568 = FACE_BOUND('',#2569,.F.);
#2569 = EDGE_LOOP('',(#2570));
#2570 = ORIENTED_EDGE('',*,*,#2571,.T.);
#2571 = EDGE_CURVE('',#2572,#2572,#2574,.T.);
#2572 = VERTEX_POINT('',#2573);
#2573 = CARTESIAN_POINT('',(85.725,-79.0625,0.));
#2574 = CIRCLE('',#2575,1.725);
#2575 = AXIS2_PLACEMENT_3D('',#2576,#2577,#2578);
#2576 = CARTESIAN_POINT('',(85.725,-77.3375,0.));
#2577 = DIRECTION('',(-0.,0.,-1.));
#2578 = DIRECTION('',(-0.,-1.,0.));
#2579 = FACE_BOUND('',#2580,.F.);
#2580 = EDGE_LOOP('',(#2581));
#2581 = ORIENTED_EDGE('',*,*,#2582,.T.);
#2582 = EDGE_CURVE('',#2583,#2583,#2585,.T.);
#2583 = VERTEX_POINT('',#2584);
#2584 = CARTESIAN_POINT('',(91.225,-78.2875,0.));
#2585 = CIRCLE('',#2586,0.95);
#2586 = AXIS2_PLACEMENT_3D('',#2587,#2588,#2589);
#2587 = CARTESIAN_POINT('',(91.225,-77.3375,0.));
#2588 = DIRECTION('',(-0.,0.,-1.));
#2589 = DIRECTION('',(-0.,-1.,0.));
#2590 = FACE_BOUND('',#2591,.F.);
#2591 = EDGE_LOOP('',(#2592));
#2592 = ORIENTED_EDGE('',*,*,#2593,.T.);
#2593 = EDGE_CURVE('',#2594,#2594,#2596,.T.);
#2594 = VERTEX_POINT('',#2595);
#2595 = CARTESIAN_POINT('',(90.725,-75.0625,0.));
#2596 = CIRCLE('',#2597,1.525);
#2597 = AXIS2_PLACEMENT_3D('',#2598,#2599,#2600);
#2598 = CARTESIAN_POINT('',(90.725,-73.5375,0.));
#2599 = DIRECTION('',(-0.,0.,-1.));
#2600 = DIRECTION('',(-0.,-1.,0.));
#2601 = FACE_BOUND('',#2602,.F.);
#2602 = EDGE_LOOP('',(#2603));
#2603 = ORIENTED_EDGE('',*,*,#2604,.T.);
#2604 = EDGE_CURVE('',#2605,#2605,#2607,.T.);
#2605 = VERTEX_POINT('',#2606);
#2606 = CARTESIAN_POINT('',(85.725,-72.9625,0.));
#2607 = CIRCLE('',#2608,1.525);
#2608 = AXIS2_PLACEMENT_3D('',#2609,#2610,#2611);
#2609 = CARTESIAN_POINT('',(85.725,-71.4375,0.));
#2610 = DIRECTION('',(-0.,0.,-1.));
#2611 = DIRECTION('',(-0.,-1.,0.));
#2612 = FACE_BOUND('',#2613,.F.);
#2613 = EDGE_LOOP('',(#2614));
#2614 = ORIENTED_EDGE('',*,*,#2615,.T.);
#2615 = EDGE_CURVE('',#2616,#2616,#2618,.T.);
#2616 = VERTEX_POINT('',#2617);
#2617 = CARTESIAN_POINT('',(99.275,-70.6375,0.));
#2618 = CIRCLE('',#2619,0.95);
#2619 = AXIS2_PLACEMENT_3D('',#2620,#2621,#2622);
#2620 = CARTESIAN_POINT('',(99.275,-69.6875,0.));
#2621 = DIRECTION('',(-0.,0.,-1.));
#2622 = DIRECTION('',(-0.,-1.,0.));
#2623 = FACE_BOUND('',#2624,.F.);
#2624 = EDGE_LOOP('',(#2625));
#2625 = ORIENTED_EDGE('',*,*,#2626,.T.);
#2626 = EDGE_CURVE('',#2627,#2627,#2629,.T.);
#2627 = VERTEX_POINT('',#2628);
#2628 = CARTESIAN_POINT('',(104.775,-71.4125,0.));
#2629 = CIRCLE('',#2630,1.725);
#2630 = AXIS2_PLACEMENT_3D('',#2631,#2632,#2633);
#2631 = CARTESIAN_POINT('',(104.775,-69.6875,0.));
#2632 = DIRECTION('',(-0.,0.,-1.));
#2633 = DIRECTION('',(-0.,-1.,0.));
#2634 = FACE_BOUND('',#2635,.F.);
#2635 = EDGE_LOOP('',(#2636));
#2636 = ORIENTED_EDGE('',*,*,#2637,.T.);
#2637 = EDGE_CURVE('',#2638,#2638,#2640,.T.);
#2638 = VERTEX_POINT('',#2639);
#2639 = CARTESIAN_POINT('',(104.775,-65.3125,0.));
#2640 = CIRCLE('',#2641,1.525);
#2641 = AXIS2_PLACEMENT_3D('',#2642,#2643,#2644);
#2642 = CARTESIAN_POINT('',(104.775,-63.7875,0.));
#2643 = DIRECTION('',(-0.,0.,-1.));
#2644 = DIRECTION('',(-0.,-1.,0.));
#2645 = FACE_BOUND('',#2646,.F.);
#2646 = EDGE_LOOP('',(#2647));
#2647 = ORIENTED_EDGE('',*,*,#2648,.T.);
#2648 = EDGE_CURVE('',#2649,#2649,#2651,.T.);
#2649 = VERTEX_POINT('',#2650);
#2650 = CARTESIAN_POINT('',(110.275,-99.2125,0.));
#2651 = CIRCLE('',#2652,0.95);
#2652 = AXIS2_PLACEMENT_3D('',#2653,#2654,#2655);
#2653 = CARTESIAN_POINT('',(110.275,-98.2625,0.));
#2654 = DIRECTION('',(-0.,0.,-1.));
#2655 = DIRECTION('',(-0.,-1.,0.));
#2656 = FACE_BOUND('',#2657,.F.);
#2657 = EDGE_LOOP('',(#2658));
#2658 = ORIENTED_EDGE('',*,*,#2659,.T.);
#2659 = EDGE_CURVE('',#2660,#2660,#2662,.T.);
#2660 = VERTEX_POINT('',#2661);
#2661 = CARTESIAN_POINT('',(118.325,-99.2125,0.));
#2662 = CIRCLE('',#2663,0.95);
#2663 = AXIS2_PLACEMENT_3D('',#2664,#2665,#2666);
#2664 = CARTESIAN_POINT('',(118.325,-98.2625,0.));
#2665 = DIRECTION('',(-0.,0.,-1.));
#2666 = DIRECTION('',(-0.,-1.,0.));
#2667 = FACE_BOUND('',#2668,.F.);
#2668 = EDGE_LOOP('',(#2669));
#2669 = ORIENTED_EDGE('',*,*,#2670,.T.);
#2670 = EDGE_CURVE('',#2671,#2671,#2673,.T.);
#2671 = VERTEX_POINT('',#2672);
#2672 = CARTESIAN_POINT('',(123.825,-99.9875,0.));
#2673 = CIRCLE('',#2674,1.725);
#2674 = AXIS2_PLACEMENT_3D('',#2675,#2676,#2677);
#2675 = CARTESIAN_POINT('',(123.825,-98.2625,0.));
#2676 = DIRECTION('',(-0.,0.,-1.));
#2677 = DIRECTION('',(8.238176646494E-15,-1.,-0.));
#2678 = FACE_BOUND('',#2679,.F.);
#2679 = EDGE_LOOP('',(#2680));
#2680 = ORIENTED_EDGE('',*,*,#2681,.T.);
#2681 = EDGE_CURVE('',#2682,#2682,#2684,.T.);
#2682 = VERTEX_POINT('',#2683);
#2683 = CARTESIAN_POINT('',(109.775,-95.9875,0.));
#2684 = CIRCLE('',#2685,1.525);
#2685 = AXIS2_PLACEMENT_3D('',#2686,#2687,#2688);
#2686 = CARTESIAN_POINT('',(109.775,-94.4625,0.));
#2687 = DIRECTION('',(-0.,0.,-1.));
#2688 = DIRECTION('',(-0.,-1.,0.));
#2689 = FACE_BOUND('',#2690,.F.);
#2690 = EDGE_LOOP('',(#2691));
#2691 = ORIENTED_EDGE('',*,*,#2692,.T.);
#2692 = EDGE_CURVE('',#2693,#2693,#2695,.T.);
#2693 = VERTEX_POINT('',#2694);
#2694 = CARTESIAN_POINT('',(123.825,-93.8875,0.));
#2695 = CIRCLE('',#2696,1.525);
#2696 = AXIS2_PLACEMENT_3D('',#2697,#2698,#2699);
#2697 = CARTESIAN_POINT('',(123.825,-92.3625,0.));
#2698 = DIRECTION('',(-0.,0.,-1.));
#2699 = DIRECTION('',(9.31859325587E-15,-1.,-0.));
#2700 = FACE_BOUND('',#2701,.F.);
#2701 = EDGE_LOOP('',(#2702));
#2702 = ORIENTED_EDGE('',*,*,#2703,.T.);
#2703 = EDGE_CURVE('',#2704,#2704,#2706,.T.);
#2704 = VERTEX_POINT('',#2705);
#2705 = CARTESIAN_POINT('',(129.325,-99.2125,0.));
#2706 = CIRCLE('',#2707,0.95);
#2707 = AXIS2_PLACEMENT_3D('',#2708,#2709,#2710);
#2708 = CARTESIAN_POINT('',(129.325,-98.2625,0.));
#2709 = DIRECTION('',(-0.,0.,-1.));
#2710 = DIRECTION('',(-0.,-1.,0.));
#2711 = FACE_BOUND('',#2712,.F.);
#2712 = EDGE_LOOP('',(#2713));
#2713 = ORIENTED_EDGE('',*,*,#2714,.T.);
#2714 = EDGE_CURVE('',#2715,#2715,#2717,.T.);
#2715 = VERTEX_POINT('',#2716);
#2716 = CARTESIAN_POINT('',(137.375,-99.2125,0.));
#2717 = CIRCLE('',#2718,0.95);
#2718 = AXIS2_PLACEMENT_3D('',#2719,#2720,#2721);
#2719 = CARTESIAN_POINT('',(137.375,-98.2625,0.));
#2720 = DIRECTION('',(-0.,0.,-1.));
#2721 = DIRECTION('',(-0.,-1.,0.));
#2722 = FACE_BOUND('',#2723,.F.);
#2723 = EDGE_LOOP('',(#2724));
#2724 = ORIENTED_EDGE('',*,*,#2725,.T.);
#2725 = EDGE_CURVE('',#2726,#2726,#2728,.T.);
#2726 = VERTEX_POINT('',#2727);
#2727 = CARTESIAN_POINT('',(128.825,-95.9875,0.));
#2728 = CIRCLE('',#2729,1.525);
#2729 = AXIS2_PLACEMENT_3D('',#2730,#2731,#2732);
#2730 = CARTESIAN_POINT('',(128.825,-94.4625,0.));
#2731 = DIRECTION('',(-0.,0.,-1.));
#2732 = DIRECTION('',(-0.,-1.,0.));
#2733 = FACE_BOUND('',#2734,.F.);
#2734 = EDGE_LOOP('',(#2735));
#2735 = ORIENTED_EDGE('',*,*,#2736,.T.);
#2736 = EDGE_CURVE('',#2737,#2737,#2739,.T.);
#2737 = VERTEX_POINT('',#2738);
#2738 = CARTESIAN_POINT('',(142.875,-99.9875,0.));
#2739 = CIRCLE('',#2740,1.725);
#2740 = AXIS2_PLACEMENT_3D('',#2741,#2742,#2743);
#2741 = CARTESIAN_POINT('',(142.875,-98.2625,0.));
#2742 = DIRECTION('',(-0.,0.,-1.));
#2743 = DIRECTION('',(-0.,-1.,0.));
#2744 = FACE_BOUND('',#2745,.F.);
#2745 = EDGE_LOOP('',(#2746));
#2746 = ORIENTED_EDGE('',*,*,#2747,.T.);
#2747 = EDGE_CURVE('',#2748,#2748,#2750,.T.);
#2748 = VERTEX_POINT('',#2749);
#2749 = CARTESIAN_POINT('',(148.375,-99.2125,0.));
#2750 = CIRCLE('',#2751,0.95);
#2751 = AXIS2_PLACEMENT_3D('',#2752,#2753,#2754);
#2752 = CARTESIAN_POINT('',(148.375,-98.2625,0.));
#2753 = DIRECTION('',(-0.,0.,-1.));
#2754 = DIRECTION('',(-0.,-1.,0.));
#2755 = FACE_BOUND('',#2756,.F.);
#2756 = EDGE_LOOP('',(#2757));
#2757 = ORIENTED_EDGE('',*,*,#2758,.T.);
#2758 = EDGE_CURVE('',#2759,#2759,#2761,.T.);
#2759 = VERTEX_POINT('',#2760);
#2760 = CARTESIAN_POINT('',(147.875,-95.9875,0.));
#2761 = CIRCLE('',#2762,1.525);
#2762 = AXIS2_PLACEMENT_3D('',#2763,#2764,#2765);
#2763 = CARTESIAN_POINT('',(147.875,-94.4625,0.));
#2764 = DIRECTION('',(-0.,0.,-1.));
#2765 = DIRECTION('',(-0.,-1.,0.));
#2766 = FACE_BOUND('',#2767,.F.);
#2767 = EDGE_LOOP('',(#2768));
#2768 = ORIENTED_EDGE('',*,*,#2769,.T.);
#2769 = EDGE_CURVE('',#2770,#2770,#2772,.T.);
#2770 = VERTEX_POINT('',#2771);
#2771 = CARTESIAN_POINT('',(142.875,-93.8875,0.));
#2772 = CIRCLE('',#2773,1.525);
#2773 = AXIS2_PLACEMENT_3D('',#2774,#2775,#2776);
#2774 = CARTESIAN_POINT('',(142.875,-92.3625,0.));
#2775 = DIRECTION('',(-0.,0.,-1.));
#2776 = DIRECTION('',(-0.,-1.,0.));
#2777 = FACE_BOUND('',#2778,.F.);
#2778 = EDGE_LOOP('',(#2779));
#2779 = ORIENTED_EDGE('',*,*,#2780,.T.);
#2780 = EDGE_CURVE('',#2781,#2781,#2783,.T.);
#2781 = VERTEX_POINT('',#2782);
#2782 = CARTESIAN_POINT('',(118.325,-75.4,0.));
#2783 = CIRCLE('',#2784,0.95);
#2784 = AXIS2_PLACEMENT_3D('',#2785,#2786,#2787);
#2785 = CARTESIAN_POINT('',(118.325,-74.45,0.));
#2786 = DIRECTION('',(-0.,0.,-1.));
#2787 = DIRECTION('',(-0.,-1.,0.));
#2788 = FACE_BOUND('',#2789,.F.);
#2789 = EDGE_LOOP('',(#2790));
#2790 = ORIENTED_EDGE('',*,*,#2791,.T.);
#2791 = EDGE_CURVE('',#2792,#2792,#2794,.T.);
#2792 = VERTEX_POINT('',#2793);
#2793 = CARTESIAN_POINT('',(123.825,-76.175,0.));
#2794 = CIRCLE('',#2795,1.725);
#2795 = AXIS2_PLACEMENT_3D('',#2796,#2797,#2798);
#2796 = CARTESIAN_POINT('',(123.825,-74.45,0.));
#2797 = DIRECTION('',(-0.,0.,-1.));
#2798 = DIRECTION('',(8.238176646494E-15,-1.,-0.));
#2799 = FACE_BOUND('',#2800,.F.);
#2800 = EDGE_LOOP('',(#2801));
#2801 = ORIENTED_EDGE('',*,*,#2802,.T.);
#2802 = EDGE_CURVE('',#2803,#2803,#2805,.T.);
#2803 = VERTEX_POINT('',#2804);
#2804 = CARTESIAN_POINT('',(137.375,-80.1625,0.));
#2805 = CIRCLE('',#2806,0.95);
#2806 = AXIS2_PLACEMENT_3D('',#2807,#2808,#2809);
#2807 = CARTESIAN_POINT('',(137.375,-79.2125,0.));
#2808 = DIRECTION('',(-0.,0.,-1.));
#2809 = DIRECTION('',(-0.,-1.,0.));
#2810 = FACE_BOUND('',#2811,.F.);
#2811 = EDGE_LOOP('',(#2812));
#2812 = ORIENTED_EDGE('',*,*,#2813,.T.);
#2813 = EDGE_CURVE('',#2814,#2814,#2816,.T.);
#2814 = VERTEX_POINT('',#2815);
#2815 = CARTESIAN_POINT('',(129.325,-75.4,0.));
#2816 = CIRCLE('',#2817,0.95);
#2817 = AXIS2_PLACEMENT_3D('',#2818,#2819,#2820);
#2818 = CARTESIAN_POINT('',(129.325,-74.45,0.));
#2819 = DIRECTION('',(-0.,0.,-1.));
#2820 = DIRECTION('',(-0.,-1.,0.));
#2821 = FACE_BOUND('',#2822,.F.);
#2822 = EDGE_LOOP('',(#2823));
#2823 = ORIENTED_EDGE('',*,*,#2824,.T.);
#2824 = EDGE_CURVE('',#2825,#2825,#2827,.T.);
#2825 = VERTEX_POINT('',#2826);
#2826 = CARTESIAN_POINT('',(110.275,-70.6375,0.));
#2827 = CIRCLE('',#2828,0.95);
#2828 = AXIS2_PLACEMENT_3D('',#2829,#2830,#2831);
#2829 = CARTESIAN_POINT('',(110.275,-69.6875,0.));
#2830 = DIRECTION('',(-0.,0.,-1.));
#2831 = DIRECTION('',(-0.,-1.,0.));
#2832 = FACE_BOUND('',#2833,.F.);
#2833 = EDGE_LOOP('',(#2834));
#2834 = ORIENTED_EDGE('',*,*,#2835,.T.);
#2835 = EDGE_CURVE('',#2836,#2836,#2838,.T.);
#2836 = VERTEX_POINT('',#2837);
#2837 = CARTESIAN_POINT('',(123.825,-70.075,0.));
#2838 = CIRCLE('',#2839,1.525);
#2839 = AXIS2_PLACEMENT_3D('',#2840,#2841,#2842);
#2840 = CARTESIAN_POINT('',(123.825,-68.55,0.));
#2841 = DIRECTION('',(-0.,0.,-1.));
#2842 = DIRECTION('',(9.31859325587E-15,-1.,-0.));
#2843 = FACE_BOUND('',#2844,.F.);
#2844 = EDGE_LOOP('',(#2845));
#2845 = ORIENTED_EDGE('',*,*,#2846,.T.);
#2846 = EDGE_CURVE('',#2847,#2847,#2849,.T.);
#2847 = VERTEX_POINT('',#2848);
#2848 = CARTESIAN_POINT('',(109.775,-67.4125,0.));
#2849 = CIRCLE('',#2850,1.525);
#2850 = AXIS2_PLACEMENT_3D('',#2851,#2852,#2853);
#2851 = CARTESIAN_POINT('',(109.775,-65.8875,0.));
#2852 = DIRECTION('',(-0.,0.,-1.));
#2853 = DIRECTION('',(-0.,-1.,0.));
#2854 = FACE_BOUND('',#2855,.F.);
#2855 = EDGE_LOOP('',(#2856));
#2856 = ORIENTED_EDGE('',*,*,#2857,.T.);
#2857 = EDGE_CURVE('',#2858,#2858,#2860,.T.);
#2858 = VERTEX_POINT('',#2859);
#2859 = CARTESIAN_POINT('',(128.825,-72.175,0.));
#2860 = CIRCLE('',#2861,1.525);
#2861 = AXIS2_PLACEMENT_3D('',#2862,#2863,#2864);
#2862 = CARTESIAN_POINT('',(128.825,-70.65,0.));
#2863 = DIRECTION('',(-0.,0.,-1.));
#2864 = DIRECTION('',(-0.,-1.,0.));
#2865 = FACE_BOUND('',#2866,.F.);
#2866 = EDGE_LOOP('',(#2867));
#2867 = ORIENTED_EDGE('',*,*,#2868,.T.);
#2868 = EDGE_CURVE('',#2869,#2869,#2871,.T.);
#2869 = VERTEX_POINT('',#2870);
#2870 = CARTESIAN_POINT('',(142.875,-80.9375,0.));
#2871 = CIRCLE('',#2872,1.725);
#2872 = AXIS2_PLACEMENT_3D('',#2873,#2874,#2875);
#2873 = CARTESIAN_POINT('',(142.875,-79.2125,0.));
#2874 = DIRECTION('',(-0.,0.,-1.));
#2875 = DIRECTION('',(-0.,-1.,0.));
#2876 = FACE_BOUND('',#2877,.F.);
#2877 = EDGE_LOOP('',(#2878));
#2878 = ORIENTED_EDGE('',*,*,#2879,.T.);
#2879 = EDGE_CURVE('',#2880,#2880,#2882,.T.);
#2880 = VERTEX_POINT('',#2881);
#2881 = CARTESIAN_POINT('',(148.375,-80.1625,0.));
#2882 = CIRCLE('',#2883,0.95);
#2883 = AXIS2_PLACEMENT_3D('',#2884,#2885,#2886);
#2884 = CARTESIAN_POINT('',(148.375,-79.2125,0.));
#2885 = DIRECTION('',(-0.,0.,-1.));
#2886 = DIRECTION('',(-0.,-1.,0.));
#2887 = FACE_BOUND('',#2888,.F.);
#2888 = EDGE_LOOP('',(#2889));
#2889 = ORIENTED_EDGE('',*,*,#2890,.T.);
#2890 = EDGE_CURVE('',#2891,#2891,#2893,.T.);
#2891 = VERTEX_POINT('',#2892);
#2892 = CARTESIAN_POINT('',(147.875,-76.9375,0.));
#2893 = CIRCLE('',#2894,1.525);
#2894 = AXIS2_PLACEMENT_3D('',#2895,#2896,#2897);
#2895 = CARTESIAN_POINT('',(147.875,-75.4125,0.));
#2896 = DIRECTION('',(-0.,0.,-1.));
#2897 = DIRECTION('',(-0.,-1.,0.));
#2898 = FACE_BOUND('',#2899,.F.);
#2899 = EDGE_LOOP('',(#2900));
#2900 = ORIENTED_EDGE('',*,*,#2901,.T.);
#2901 = EDGE_CURVE('',#2902,#2902,#2904,.T.);
#2902 = VERTEX_POINT('',#2903);
#2903 = CARTESIAN_POINT('',(142.875,-74.8375,0.));
#2904 = CIRCLE('',#2905,1.525);
#2905 = AXIS2_PLACEMENT_3D('',#2906,#2907,#2908);
#2906 = CARTESIAN_POINT('',(142.875,-73.3125,0.));
#2907 = DIRECTION('',(-0.,0.,-1.));
#2908 = DIRECTION('',(-0.,-1.,0.));
#2909 = FACE_BOUND('',#2910,.F.);
#2910 = EDGE_LOOP('',(#2911));
#2911 = ORIENTED_EDGE('',*,*,#2912,.F.);
#2912 = EDGE_CURVE('',#2913,#2913,#2915,.T.);
#2913 = VERTEX_POINT('',#2914);
#2914 = CARTESIAN_POINT('',(161.810775,-77.729225,0.));
#2915 = CIRCLE('',#2916,1.560775);
#2916 = AXIS2_PLACEMENT_3D('',#2917,#2918,#2919);
#2917 = CARTESIAN_POINT('',(160.25,-77.729225,0.));
#2918 = DIRECTION('',(0.,0.,1.));
#2919 = DIRECTION('',(1.,0.,-0.));
#2920 = FACE_BOUND('',#2921,.F.);
#2921 = EDGE_LOOP('',(#2922));
#2922 = ORIENTED_EDGE('',*,*,#2923,.T.);
#2923 = EDGE_CURVE('',#2924,#2924,#2926,.T.);
#2924 = VERTEX_POINT('',#2925);
#2925 = CARTESIAN_POINT('',(159.78,-71.8375,0.));
#2926 = CIRCLE('',#2927,0.4);
#2927 = AXIS2_PLACEMENT_3D('',#2928,#2929,#2930);
#2928 = CARTESIAN_POINT('',(159.78,-71.4375,0.));
#2929 = DIRECTION('',(-0.,0.,-1.));
#2930 = DIRECTION('',(-0.,-1.,0.));
#2931 = FACE_BOUND('',#2932,.F.);
#2932 = EDGE_LOOP('',(#2933));
#2933 = ORIENTED_EDGE('',*,*,#2934,.T.);
#2934 = EDGE_CURVE('',#2935,#2935,#2937,.T.);
#2935 = VERTEX_POINT('',#2936);
#2936 = CARTESIAN_POINT('',(159.78,-69.2975,0.));
#2937 = CIRCLE('',#2938,0.4);
#2938 = AXIS2_PLACEMENT_3D('',#2939,#2940,#2941);
#2939 = CARTESIAN_POINT('',(159.78,-68.8975,0.));
#2940 = DIRECTION('',(-0.,0.,-1.));
#2941 = DIRECTION('',(-0.,-1.,0.));
#2942 = FACE_BOUND('',#2943,.F.);
#2943 = EDGE_LOOP('',(#2944));
#2944 = ORIENTED_EDGE('',*,*,#2945,.T.);
#2945 = EDGE_CURVE('',#2946,#2946,#2948,.T.);
#2946 = VERTEX_POINT('',#2947);
#2947 = CARTESIAN_POINT('',(175.02,-71.8375,0.));
#2948 = CIRCLE('',#2949,0.4);
#2949 = AXIS2_PLACEMENT_3D('',#2950,#2951,#2952);
#2950 = CARTESIAN_POINT('',(175.02,-71.4375,0.));
#2951 = DIRECTION('',(-0.,0.,-1.));
#2952 = DIRECTION('',(7.105427357601E-14,-1.,-0.));
#2953 = FACE_BOUND('',#2954,.F.);
#2954 = EDGE_LOOP('',(#2955));
#2955 = ORIENTED_EDGE('',*,*,#2956,.T.);
#2956 = EDGE_CURVE('',#2957,#2957,#2959,.T.);
#2957 = VERTEX_POINT('',#2958);
#2958 = CARTESIAN_POINT('',(175.02,-69.2975,0.));
#2959 = CIRCLE('',#2960,0.4);
#2960 = AXIS2_PLACEMENT_3D('',#2961,#2962,#2963);
#2961 = CARTESIAN_POINT('',(175.02,-68.8975,0.));
#2962 = DIRECTION('',(-0.,0.,-1.));
#2963 = DIRECTION('',(7.105427357601E-14,-1.,-0.));
#2964 = FACE_BOUND('',#2965,.F.);
#2965 = EDGE_LOOP('',(#2966));
#2966 = ORIENTED_EDGE('',*,*,#2967,.T.);
#2967 = EDGE_CURVE('',#2968,#2968,#2970,.T.);
#2968 = VERTEX_POINT('',#2969);
#2969 = CARTESIAN_POINT('',(159.78,-66.7575,0.));
#2970 = CIRCLE('',#2971,0.4);
#2971 = AXIS2_PLACEMENT_3D('',#2972,#2973,#2974);
#2972 = CARTESIAN_POINT('',(159.78,-66.3575,0.));
#2973 = DIRECTION('',(-0.,0.,-1.));
#2974 = DIRECTION('',(-0.,-1.,0.));
#2975 = FACE_BOUND('',#2976,.F.);
#2976 = EDGE_LOOP('',(#2977));
#2977 = ORIENTED_EDGE('',*,*,#2978,.T.);
#2978 = EDGE_CURVE('',#2979,#2979,#2981,.T.);
#2979 = VERTEX_POINT('',#2980);
#2980 = CARTESIAN_POINT('',(159.78,-64.2175,0.));
#2981 = CIRCLE('',#2982,0.4);
#2982 = AXIS2_PLACEMENT_3D('',#2983,#2984,#2985);
#2983 = CARTESIAN_POINT('',(159.78,-63.8175,0.));
#2984 = DIRECTION('',(-0.,0.,-1.));
#2985 = DIRECTION('',(-0.,-1.,0.));
#2986 = FACE_BOUND('',#2987,.F.);
#2987 = EDGE_LOOP('',(#2988));
#2988 = ORIENTED_EDGE('',*,*,#2989,.T.);
#2989 = EDGE_CURVE('',#2990,#2990,#2992,.T.);
#2990 = VERTEX_POINT('',#2991);
#2991 = CARTESIAN_POINT('',(175.02,-66.7575,0.));
#2992 = CIRCLE('',#2993,0.4);
#2993 = AXIS2_PLACEMENT_3D('',#2994,#2995,#2996);
#2994 = CARTESIAN_POINT('',(175.02,-66.3575,0.));
#2995 = DIRECTION('',(-0.,0.,-1.));
#2996 = DIRECTION('',(7.105427357601E-14,-1.,-0.));
#2997 = FACE_BOUND('',#2998,.F.);
#2998 = EDGE_LOOP('',(#2999));
#2999 = ORIENTED_EDGE('',*,*,#3000,.T.);
#3000 = EDGE_CURVE('',#3001,#3001,#3003,.T.);
#3001 = VERTEX_POINT('',#3002);
#3002 = CARTESIAN_POINT('',(175.02,-64.2175,0.));
#3003 = CIRCLE('',#3004,0.4);
#3004 = AXIS2_PLACEMENT_3D('',#3005,#3006,#3007);
#3005 = CARTESIAN_POINT('',(175.02,-63.8175,0.));
#3006 = DIRECTION('',(-0.,0.,-1.));
#3007 = DIRECTION('',(7.105427357601E-14,-1.,-0.));
#3008 = FACE_BOUND('',#3009,.F.);
#3009 = EDGE_LOOP('',(#3010));
#3010 = ORIENTED_EDGE('',*,*,#3011,.T.);
#3011 = EDGE_CURVE('',#3012,#3012,#3014,.T.);
#3012 = VERTEX_POINT('',#3013);
#3013 = CARTESIAN_POINT('',(66.675,-62.3,0.));
#3014 = CIRCLE('',#3015,1.525);
#3015 = AXIS2_PLACEMENT_3D('',#3016,#3017,#3018);
#3016 = CARTESIAN_POINT('',(66.675,-60.775,0.));
#3017 = DIRECTION('',(-0.,0.,-1.));
#3018 = DIRECTION('',(-9.31859325587E-15,-1.,0.));
#3019 = FACE_BOUND('',#3020,.F.);
#3020 = EDGE_LOOP('',(#3021));
#3021 = ORIENTED_EDGE('',*,*,#3022,.T.);
#3022 = EDGE_CURVE('',#3023,#3023,#3025,.T.);
#3023 = VERTEX_POINT('',#3024);
#3024 = CARTESIAN_POINT('',(42.125,-53.3375,0.));
#3025 = CIRCLE('',#3026,0.95);
#3026 = AXIS2_PLACEMENT_3D('',#3027,#3028,#3029);
#3027 = CARTESIAN_POINT('',(42.125,-52.3875,0.));
#3028 = DIRECTION('',(-0.,0.,-1.));
#3029 = DIRECTION('',(-0.,-1.,0.));
#3030 = FACE_BOUND('',#3031,.F.);
#3031 = EDGE_LOOP('',(#3032));
#3032 = ORIENTED_EDGE('',*,*,#3033,.T.);
#3033 = EDGE_CURVE('',#3034,#3034,#3036,.T.);
#3034 = VERTEX_POINT('',#3035);
#3035 = CARTESIAN_POINT('',(47.625,-54.1125,0.));
#3036 = CIRCLE('',#3037,1.725);
#3037 = AXIS2_PLACEMENT_3D('',#3038,#3039,#3040);
#3038 = CARTESIAN_POINT('',(47.625,-52.3875,0.));
#3039 = DIRECTION('',(-0.,0.,-1.));
#3040 = DIRECTION('',(-0.,-1.,0.));
#3041 = FACE_BOUND('',#3042,.F.);
#3042 = EDGE_LOOP('',(#3043));
#3043 = ORIENTED_EDGE('',*,*,#3044,.T.);
#3044 = EDGE_CURVE('',#3045,#3045,#3047,.T.);
#3045 = VERTEX_POINT('',#3046);
#3046 = CARTESIAN_POINT('',(53.125,-53.3375,0.));
#3047 = CIRCLE('',#3048,0.95);
#3048 = AXIS2_PLACEMENT_3D('',#3049,#3050,#3051);
#3049 = CARTESIAN_POINT('',(53.125,-52.3875,0.));
#3050 = DIRECTION('',(-0.,0.,-1.));
#3051 = DIRECTION('',(-0.,-1.,0.));
#3052 = FACE_BOUND('',#3053,.F.);
#3053 = EDGE_LOOP('',(#3054));
#3054 = ORIENTED_EDGE('',*,*,#3055,.T.);
#3055 = EDGE_CURVE('',#3056,#3056,#3058,.T.);
#3056 = VERTEX_POINT('',#3057);
#3057 = CARTESIAN_POINT('',(52.625,-50.1125,0.));
#3058 = CIRCLE('',#3059,1.525);
#3059 = AXIS2_PLACEMENT_3D('',#3060,#3061,#3062);
#3060 = CARTESIAN_POINT('',(52.625,-48.5875,0.));
#3061 = DIRECTION('',(-0.,0.,-1.));
#3062 = DIRECTION('',(-0.,-1.,0.));
#3063 = FACE_BOUND('',#3064,.F.);
#3064 = EDGE_LOOP('',(#3065));
#3065 = ORIENTED_EDGE('',*,*,#3066,.T.);
#3066 = EDGE_CURVE('',#3067,#3067,#3069,.T.);
#3067 = VERTEX_POINT('',#3068);
#3068 = CARTESIAN_POINT('',(47.625,-48.0125,0.));
#3069 = CIRCLE('',#3070,1.525);
#3070 = AXIS2_PLACEMENT_3D('',#3071,#3072,#3073);
#3071 = CARTESIAN_POINT('',(47.625,-46.4875,0.));
#3072 = DIRECTION('',(-0.,0.,-1.));
#3073 = DIRECTION('',(-0.,-1.,0.));
#3074 = FACE_BOUND('',#3075,.F.);
#3075 = EDGE_LOOP('',(#3076));
#3076 = ORIENTED_EDGE('',*,*,#3077,.T.);
#3077 = EDGE_CURVE('',#3078,#3078,#3080,.T.);
#3078 = VERTEX_POINT('',#3079);
#3079 = CARTESIAN_POINT('',(61.175,-48.575,0.));
#3080 = CIRCLE('',#3081,0.95);
#3081 = AXIS2_PLACEMENT_3D('',#3082,#3083,#3084);
#3082 = CARTESIAN_POINT('',(61.175,-47.625,0.));
#3083 = DIRECTION('',(-0.,0.,-1.));
#3084 = DIRECTION('',(-0.,-1.,0.));
#3085 = FACE_BOUND('',#3086,.F.);
#3086 = EDGE_LOOP('',(#3087));
#3087 = ORIENTED_EDGE('',*,*,#3088,.T.);
#3088 = EDGE_CURVE('',#3089,#3089,#3091,.T.);
#3089 = VERTEX_POINT('',#3090);
#3090 = CARTESIAN_POINT('',(66.675,-49.35,0.));
#3091 = CIRCLE('',#3092,1.725);
#3092 = AXIS2_PLACEMENT_3D('',#3093,#3094,#3095);
#3093 = CARTESIAN_POINT('',(66.675,-47.625,0.));
#3094 = DIRECTION('',(-0.,0.,-1.));
#3095 = DIRECTION('',(-8.238176646494E-15,-1.,0.));
#3096 = FACE_BOUND('',#3097,.F.);
#3097 = EDGE_LOOP('',(#3098));
#3098 = ORIENTED_EDGE('',*,*,#3099,.T.);
#3099 = EDGE_CURVE('',#3100,#3100,#3102,.T.);
#3100 = VERTEX_POINT('',#3101);
#3101 = CARTESIAN_POINT('',(72.175,-48.575,0.));
#3102 = CIRCLE('',#3103,0.95);
#3103 = AXIS2_PLACEMENT_3D('',#3104,#3105,#3106);
#3104 = CARTESIAN_POINT('',(72.175,-47.625,0.));
#3105 = DIRECTION('',(-0.,0.,-1.));
#3106 = DIRECTION('',(-0.,-1.,0.));
#3107 = FACE_BOUND('',#3108,.F.);
#3108 = EDGE_LOOP('',(#3109));
#3109 = ORIENTED_EDGE('',*,*,#3110,.T.);
#3110 = EDGE_CURVE('',#3111,#3111,#3113,.T.);
#3111 = VERTEX_POINT('',#3112);
#3112 = CARTESIAN_POINT('',(71.675,-45.35,0.));
#3113 = CIRCLE('',#3114,1.525);
#3114 = AXIS2_PLACEMENT_3D('',#3115,#3116,#3117);
#3115 = CARTESIAN_POINT('',(71.675,-43.825,0.));
#3116 = DIRECTION('',(-0.,0.,-1.));
#3117 = DIRECTION('',(-9.31859325587E-15,-1.,0.));
#3118 = FACE_BOUND('',#3119,.F.);
#3119 = EDGE_LOOP('',(#3120));
#3120 = ORIENTED_EDGE('',*,*,#3121,.T.);
#3121 = EDGE_CURVE('',#3122,#3122,#3124,.T.);
#3122 = VERTEX_POINT('',#3123);
#3123 = CARTESIAN_POINT('',(80.225,-59.2375,0.));
#3124 = CIRCLE('',#3125,0.95);
#3125 = AXIS2_PLACEMENT_3D('',#3126,#3127,#3128);
#3126 = CARTESIAN_POINT('',(80.225,-58.2875,0.));
#3127 = DIRECTION('',(-0.,0.,-1.));
#3128 = DIRECTION('',(-0.,-1.,0.));
#3129 = FACE_BOUND('',#3130,.F.);
#3130 = EDGE_LOOP('',(#3131));
#3131 = ORIENTED_EDGE('',*,*,#3132,.T.);
#3132 = EDGE_CURVE('',#3133,#3133,#3135,.T.);
#3133 = VERTEX_POINT('',#3134);
#3134 = CARTESIAN_POINT('',(85.725,-60.0125,0.));
#3135 = CIRCLE('',#3136,1.725);
#3136 = AXIS2_PLACEMENT_3D('',#3137,#3138,#3139);
#3137 = CARTESIAN_POINT('',(85.725,-58.2875,0.));
#3138 = DIRECTION('',(-0.,0.,-1.));
#3139 = DIRECTION('',(-0.,-1.,0.));
#3140 = FACE_BOUND('',#3141,.F.);
#3141 = EDGE_LOOP('',(#3142));
#3142 = ORIENTED_EDGE('',*,*,#3143,.T.);
#3143 = EDGE_CURVE('',#3144,#3144,#3146,.T.);
#3144 = VERTEX_POINT('',#3145);
#3145 = CARTESIAN_POINT('',(91.225,-59.2375,0.));
#3146 = CIRCLE('',#3147,0.95);
#3147 = AXIS2_PLACEMENT_3D('',#3148,#3149,#3150);
#3148 = CARTESIAN_POINT('',(91.225,-58.2875,0.));
#3149 = DIRECTION('',(-0.,0.,-1.));
#3150 = DIRECTION('',(-0.,-1.,0.));
#3151 = FACE_BOUND('',#3152,.F.);
#3152 = EDGE_LOOP('',(#3153));
#3153 = ORIENTED_EDGE('',*,*,#3154,.T.);
#3154 = EDGE_CURVE('',#3155,#3155,#3157,.T.);
#3155 = VERTEX_POINT('',#3156);
#3156 = CARTESIAN_POINT('',(90.725,-56.0125,0.));
#3157 = CIRCLE('',#3158,1.525);
#3158 = AXIS2_PLACEMENT_3D('',#3159,#3160,#3161);
#3159 = CARTESIAN_POINT('',(90.725,-54.4875,0.));
#3160 = DIRECTION('',(-0.,0.,-1.));
#3161 = DIRECTION('',(-0.,-1.,0.));
#3162 = FACE_BOUND('',#3163,.F.);
#3163 = EDGE_LOOP('',(#3164));
#3164 = ORIENTED_EDGE('',*,*,#3165,.T.);
#3165 = EDGE_CURVE('',#3166,#3166,#3168,.T.);
#3166 = VERTEX_POINT('',#3167);
#3167 = CARTESIAN_POINT('',(85.725,-53.9125,0.));
#3168 = CIRCLE('',#3169,1.525);
#3169 = AXIS2_PLACEMENT_3D('',#3170,#3171,#3172);
#3170 = CARTESIAN_POINT('',(85.725,-52.3875,0.));
#3171 = DIRECTION('',(-0.,0.,-1.));
#3172 = DIRECTION('',(-0.,-1.,0.));
#3173 = FACE_BOUND('',#3174,.F.);
#3174 = EDGE_LOOP('',(#3175));
#3175 = ORIENTED_EDGE('',*,*,#3176,.T.);
#3176 = EDGE_CURVE('',#3177,#3177,#3179,.T.);
#3177 = VERTEX_POINT('',#3178);
#3178 = CARTESIAN_POINT('',(99.275,-51.5875,0.));
#3179 = CIRCLE('',#3180,0.95);
#3180 = AXIS2_PLACEMENT_3D('',#3181,#3182,#3183);
#3181 = CARTESIAN_POINT('',(99.275,-50.6375,0.));
#3182 = DIRECTION('',(-0.,0.,-1.));
#3183 = DIRECTION('',(-0.,-1.,0.));
#3184 = FACE_BOUND('',#3185,.F.);
#3185 = EDGE_LOOP('',(#3186));
#3186 = ORIENTED_EDGE('',*,*,#3187,.T.);
#3187 = EDGE_CURVE('',#3188,#3188,#3190,.T.);
#3188 = VERTEX_POINT('',#3189);
#3189 = CARTESIAN_POINT('',(104.775,-52.3625,0.));
#3190 = CIRCLE('',#3191,1.725);
#3191 = AXIS2_PLACEMENT_3D('',#3192,#3193,#3194);
#3192 = CARTESIAN_POINT('',(104.775,-50.6375,0.));
#3193 = DIRECTION('',(-0.,0.,-1.));
#3194 = DIRECTION('',(-0.,-1.,0.));
#3195 = FACE_BOUND('',#3196,.F.);
#3196 = EDGE_LOOP('',(#3197));
#3197 = ORIENTED_EDGE('',*,*,#3198,.T.);
#3198 = EDGE_CURVE('',#3199,#3199,#3201,.T.);
#3199 = VERTEX_POINT('',#3200);
#3200 = CARTESIAN_POINT('',(104.775,-46.2625,0.));
#3201 = CIRCLE('',#3202,1.525);
#3202 = AXIS2_PLACEMENT_3D('',#3203,#3204,#3205);
#3203 = CARTESIAN_POINT('',(104.775,-44.7375,0.));
#3204 = DIRECTION('',(-0.,0.,-1.));
#3205 = DIRECTION('',(-0.,-1.,0.));
#3206 = FACE_BOUND('',#3207,.F.);
#3207 = EDGE_LOOP('',(#3208));
#3208 = ORIENTED_EDGE('',*,*,#3209,.T.);
#3209 = EDGE_CURVE('',#3210,#3210,#3212,.T.);
#3210 = VERTEX_POINT('',#3211);
#3211 = CARTESIAN_POINT('',(66.675,-43.25,0.));
#3212 = CIRCLE('',#3213,1.525);
#3213 = AXIS2_PLACEMENT_3D('',#3214,#3215,#3216);
#3214 = CARTESIAN_POINT('',(66.675,-41.725,0.));
#3215 = DIRECTION('',(-0.,0.,-1.));
#3216 = DIRECTION('',(-9.31859325587E-15,-1.,0.));
#3217 = FACE_BOUND('',#3218,.F.);
#3218 = EDGE_LOOP('',(#3219));
#3219 = ORIENTED_EDGE('',*,*,#3220,.T.);
#3220 = EDGE_CURVE('',#3221,#3221,#3223,.T.);
#3221 = VERTEX_POINT('',#3222);
#3222 = CARTESIAN_POINT('',(80.225,-40.1875,0.));
#3223 = CIRCLE('',#3224,0.95);
#3224 = AXIS2_PLACEMENT_3D('',#3225,#3226,#3227);
#3225 = CARTESIAN_POINT('',(80.225,-39.2375,0.));
#3226 = DIRECTION('',(-0.,0.,-1.));
#3227 = DIRECTION('',(-0.,-1.,0.));
#3228 = FACE_BOUND('',#3229,.F.);
#3229 = EDGE_LOOP('',(#3230));
#3230 = ORIENTED_EDGE('',*,*,#3231,.T.);
#3231 = EDGE_CURVE('',#3232,#3232,#3234,.T.);
#3232 = VERTEX_POINT('',#3233);
#3233 = CARTESIAN_POINT('',(85.725,-40.9625,0.));
#3234 = CIRCLE('',#3235,1.725);
#3235 = AXIS2_PLACEMENT_3D('',#3236,#3237,#3238);
#3236 = CARTESIAN_POINT('',(85.725,-39.2375,0.));
#3237 = DIRECTION('',(-0.,0.,-1.));
#3238 = DIRECTION('',(-0.,-1.,0.));
#3239 = FACE_BOUND('',#3240,.F.);
#3240 = EDGE_LOOP('',(#3241));
#3241 = ORIENTED_EDGE('',*,*,#3242,.T.);
#3242 = EDGE_CURVE('',#3243,#3243,#3245,.T.);
#3243 = VERTEX_POINT('',#3244);
#3244 = CARTESIAN_POINT('',(91.225,-40.1875,0.));
#3245 = CIRCLE('',#3246,0.95);
#3246 = AXIS2_PLACEMENT_3D('',#3247,#3248,#3249);
#3247 = CARTESIAN_POINT('',(91.225,-39.2375,0.));
#3248 = DIRECTION('',(-0.,0.,-1.));
#3249 = DIRECTION('',(-0.,-1.,0.));
#3250 = FACE_BOUND('',#3251,.F.);
#3251 = EDGE_LOOP('',(#3252));
#3252 = ORIENTED_EDGE('',*,*,#3253,.T.);
#3253 = EDGE_CURVE('',#3254,#3254,#3256,.T.);
#3254 = VERTEX_POINT('',#3255);
#3255 = CARTESIAN_POINT('',(90.725,-36.9625,0.));
#3256 = CIRCLE('',#3257,1.525);
#3257 = AXIS2_PLACEMENT_3D('',#3258,#3259,#3260);
#3258 = CARTESIAN_POINT('',(90.725,-35.4375,0.));
#3259 = DIRECTION('',(-0.,0.,-1.));
#3260 = DIRECTION('',(-0.,-1.,0.));
#3261 = FACE_BOUND('',#3262,.F.);
#3262 = EDGE_LOOP('',(#3263));
#3263 = ORIENTED_EDGE('',*,*,#3264,.T.);
#3264 = EDGE_CURVE('',#3265,#3265,#3267,.T.);
#3265 = VERTEX_POINT('',#3266);
#3266 = CARTESIAN_POINT('',(85.725,-34.8625,0.));
#3267 = CIRCLE('',#3268,1.525);
#3268 = AXIS2_PLACEMENT_3D('',#3269,#3270,#3271);
#3269 = CARTESIAN_POINT('',(85.725,-33.3375,0.));
#3270 = DIRECTION('',(-0.,0.,-1.));
#3271 = DIRECTION('',(-0.,-1.,0.));
#3272 = FACE_BOUND('',#3273,.F.);
#3273 = EDGE_LOOP('',(#3274));
#3274 = ORIENTED_EDGE('',*,*,#3275,.T.);
#3275 = EDGE_CURVE('',#3276,#3276,#3278,.T.);
#3276 = VERTEX_POINT('',#3277);
#3277 = CARTESIAN_POINT('',(99.275,-32.5375,0.));
#3278 = CIRCLE('',#3279,0.95);
#3279 = AXIS2_PLACEMENT_3D('',#3280,#3281,#3282);
#3280 = CARTESIAN_POINT('',(99.275,-31.5875,0.));
#3281 = DIRECTION('',(-0.,0.,-1.));
#3282 = DIRECTION('',(-0.,-1.,0.));
#3283 = FACE_BOUND('',#3284,.F.);
#3284 = EDGE_LOOP('',(#3285));
#3285 = ORIENTED_EDGE('',*,*,#3286,.T.);
#3286 = EDGE_CURVE('',#3287,#3287,#3289,.T.);
#3287 = VERTEX_POINT('',#3288);
#3288 = CARTESIAN_POINT('',(104.775,-33.3125,0.));
#3289 = CIRCLE('',#3290,1.725);
#3290 = AXIS2_PLACEMENT_3D('',#3291,#3292,#3293);
#3291 = CARTESIAN_POINT('',(104.775,-31.5875,0.));
#3292 = DIRECTION('',(-0.,0.,-1.));
#3293 = DIRECTION('',(-0.,-1.,0.));
#3294 = FACE_BOUND('',#3295,.F.);
#3295 = EDGE_LOOP('',(#3296));
#3296 = ORIENTED_EDGE('',*,*,#3297,.T.);
#3297 = EDGE_CURVE('',#3298,#3298,#3300,.T.);
#3298 = VERTEX_POINT('',#3299);
#3299 = CARTESIAN_POINT('',(104.775,-27.2125,0.));
#3300 = CIRCLE('',#3301,1.525);
#3301 = AXIS2_PLACEMENT_3D('',#3302,#3303,#3304);
#3302 = CARTESIAN_POINT('',(104.775,-25.6875,0.));
#3303 = DIRECTION('',(-0.,0.,-1.));
#3304 = DIRECTION('',(-0.,-1.,0.));
#3305 = FACE_BOUND('',#3306,.F.);
#3306 = EDGE_LOOP('',(#3307));
#3307 = ORIENTED_EDGE('',*,*,#3308,.T.);
#3308 = EDGE_CURVE('',#3309,#3309,#3311,.T.);
#3309 = VERTEX_POINT('',#3310);
#3310 = CARTESIAN_POINT('',(118.325,-56.35,0.));
#3311 = CIRCLE('',#3312,0.95);
#3312 = AXIS2_PLACEMENT_3D('',#3313,#3314,#3315);
#3313 = CARTESIAN_POINT('',(118.325,-55.4,0.));
#3314 = DIRECTION('',(-0.,0.,-1.));
#3315 = DIRECTION('',(-0.,-1.,0.));
#3316 = FACE_BOUND('',#3317,.F.);
#3317 = EDGE_LOOP('',(#3318));
#3318 = ORIENTED_EDGE('',*,*,#3319,.T.);
#3319 = EDGE_CURVE('',#3320,#3320,#3322,.T.);
#3320 = VERTEX_POINT('',#3321);
#3321 = CARTESIAN_POINT('',(123.825,-57.125,0.));
#3322 = CIRCLE('',#3323,1.725);
#3323 = AXIS2_PLACEMENT_3D('',#3324,#3325,#3326);
#3324 = CARTESIAN_POINT('',(123.825,-55.4,0.));
#3325 = DIRECTION('',(-0.,0.,-1.));
#3326 = DIRECTION('',(8.238176646494E-15,-1.,-0.));
#3327 = FACE_BOUND('',#3328,.F.);
#3328 = EDGE_LOOP('',(#3329));
#3329 = ORIENTED_EDGE('',*,*,#3330,.T.);
#3330 = EDGE_CURVE('',#3331,#3331,#3333,.T.);
#3331 = VERTEX_POINT('',#3332);
#3332 = CARTESIAN_POINT('',(137.375,-61.1125,0.));
#3333 = CIRCLE('',#3334,0.95);
#3334 = AXIS2_PLACEMENT_3D('',#3335,#3336,#3337);
#3335 = CARTESIAN_POINT('',(137.375,-60.1625,0.));
#3336 = DIRECTION('',(-0.,0.,-1.));
#3337 = DIRECTION('',(-0.,-1.,0.));
#3338 = FACE_BOUND('',#3339,.F.);
#3339 = EDGE_LOOP('',(#3340));
#3340 = ORIENTED_EDGE('',*,*,#3341,.T.);
#3341 = EDGE_CURVE('',#3342,#3342,#3344,.T.);
#3342 = VERTEX_POINT('',#3343);
#3343 = CARTESIAN_POINT('',(129.325,-56.35,0.));
#3344 = CIRCLE('',#3345,0.95);
#3345 = AXIS2_PLACEMENT_3D('',#3346,#3347,#3348);
#3346 = CARTESIAN_POINT('',(129.325,-55.4,0.));
#3347 = DIRECTION('',(-0.,0.,-1.));
#3348 = DIRECTION('',(-0.,-1.,0.));
#3349 = FACE_BOUND('',#3350,.F.);
#3350 = EDGE_LOOP('',(#3351));
#3351 = ORIENTED_EDGE('',*,*,#3352,.T.);
#3352 = EDGE_CURVE('',#3353,#3353,#3355,.T.);
#3353 = VERTEX_POINT('',#3354);
#3354 = CARTESIAN_POINT('',(110.275,-51.5875,0.));
#3355 = CIRCLE('',#3356,0.95);
#3356 = AXIS2_PLACEMENT_3D('',#3357,#3358,#3359);
#3357 = CARTESIAN_POINT('',(110.275,-50.6375,0.));
#3358 = DIRECTION('',(-0.,0.,-1.));
#3359 = DIRECTION('',(-0.,-1.,0.));
#3360 = FACE_BOUND('',#3361,.F.);
#3361 = EDGE_LOOP('',(#3362));
#3362 = ORIENTED_EDGE('',*,*,#3363,.T.);
#3363 = EDGE_CURVE('',#3364,#3364,#3366,.T.);
#3364 = VERTEX_POINT('',#3365);
#3365 = CARTESIAN_POINT('',(123.825,-51.025,0.));
#3366 = CIRCLE('',#3367,1.525);
#3367 = AXIS2_PLACEMENT_3D('',#3368,#3369,#3370);
#3368 = CARTESIAN_POINT('',(123.825,-49.5,0.));
#3369 = DIRECTION('',(-0.,0.,-1.));
#3370 = DIRECTION('',(9.31859325587E-15,-1.,-0.));
#3371 = FACE_BOUND('',#3372,.F.);
#3372 = EDGE_LOOP('',(#3373));
#3373 = ORIENTED_EDGE('',*,*,#3374,.T.);
#3374 = EDGE_CURVE('',#3375,#3375,#3377,.T.);
#3375 = VERTEX_POINT('',#3376);
#3376 = CARTESIAN_POINT('',(109.775,-48.3625,0.));
#3377 = CIRCLE('',#3378,1.525);
#3378 = AXIS2_PLACEMENT_3D('',#3379,#3380,#3381);
#3379 = CARTESIAN_POINT('',(109.775,-46.8375,0.));
#3380 = DIRECTION('',(-0.,0.,-1.));
#3381 = DIRECTION('',(-0.,-1.,0.));
#3382 = FACE_BOUND('',#3383,.F.);
#3383 = EDGE_LOOP('',(#3384));
#3384 = ORIENTED_EDGE('',*,*,#3385,.T.);
#3385 = EDGE_CURVE('',#3386,#3386,#3388,.T.);
#3386 = VERTEX_POINT('',#3387);
#3387 = CARTESIAN_POINT('',(128.825,-53.125,0.));
#3388 = CIRCLE('',#3389,1.525);
#3389 = AXIS2_PLACEMENT_3D('',#3390,#3391,#3392);
#3390 = CARTESIAN_POINT('',(128.825,-51.6,0.));
#3391 = DIRECTION('',(-0.,0.,-1.));
#3392 = DIRECTION('',(-0.,-1.,0.));
#3393 = FACE_BOUND('',#3394,.F.);
#3394 = EDGE_LOOP('',(#3395));
#3395 = ORIENTED_EDGE('',*,*,#3396,.T.);
#3396 = EDGE_CURVE('',#3397,#3397,#3399,.T.);
#3397 = VERTEX_POINT('',#3398);
#3398 = CARTESIAN_POINT('',(142.875,-61.8875,0.));
#3399 = CIRCLE('',#3400,1.725);
#3400 = AXIS2_PLACEMENT_3D('',#3401,#3402,#3403);
#3401 = CARTESIAN_POINT('',(142.875,-60.1625,0.));
#3402 = DIRECTION('',(-0.,0.,-1.));
#3403 = DIRECTION('',(-0.,-1.,0.));
#3404 = FACE_BOUND('',#3405,.F.);
#3405 = EDGE_LOOP('',(#3406));
#3406 = ORIENTED_EDGE('',*,*,#3407,.T.);
#3407 = EDGE_CURVE('',#3408,#3408,#3410,.T.);
#3408 = VERTEX_POINT('',#3409);
#3409 = CARTESIAN_POINT('',(148.375,-61.1125,0.));
#3410 = CIRCLE('',#3411,0.95);
#3411 = AXIS2_PLACEMENT_3D('',#3412,#3413,#3414);
#3412 = CARTESIAN_POINT('',(148.375,-60.1625,0.));
#3413 = DIRECTION('',(-0.,0.,-1.));
#3414 = DIRECTION('',(-0.,-1.,0.));
#3415 = FACE_BOUND('',#3416,.F.);
#3416 = EDGE_LOOP('',(#3417));
#3417 = ORIENTED_EDGE('',*,*,#3418,.T.);
#3418 = EDGE_CURVE('',#3419,#3419,#3421,.T.);
#3419 = VERTEX_POINT('',#3420);
#3420 = CARTESIAN_POINT('',(147.875,-57.8875,0.));
#3421 = CIRCLE('',#3422,1.525);
#3422 = AXIS2_PLACEMENT_3D('',#3423,#3424,#3425);
#3423 = CARTESIAN_POINT('',(147.875,-56.3625,0.));
#3424 = DIRECTION('',(-0.,0.,-1.));
#3425 = DIRECTION('',(-0.,-1.,0.));
#3426 = FACE_BOUND('',#3427,.F.);
#3427 = EDGE_LOOP('',(#3428));
#3428 = ORIENTED_EDGE('',*,*,#3429,.T.);
#3429 = EDGE_CURVE('',#3430,#3430,#3432,.T.);
#3430 = VERTEX_POINT('',#3431);
#3431 = CARTESIAN_POINT('',(142.875,-55.7875,0.));
#3432 = CIRCLE('',#3433,1.525);
#3433 = AXIS2_PLACEMENT_3D('',#3434,#3435,#3436);
#3434 = CARTESIAN_POINT('',(142.875,-54.2625,0.));
#3435 = DIRECTION('',(-0.,0.,-1.));
#3436 = DIRECTION('',(-0.,-1.,0.));
#3437 = FACE_BOUND('',#3438,.F.);
#3438 = EDGE_LOOP('',(#3439));
#3439 = ORIENTED_EDGE('',*,*,#3440,.T.);
#3440 = EDGE_CURVE('',#3441,#3441,#3443,.T.);
#3441 = VERTEX_POINT('',#3442);
#3442 = CARTESIAN_POINT('',(159.78,-61.6775,0.));
#3443 = CIRCLE('',#3444,0.4);
#3444 = AXIS2_PLACEMENT_3D('',#3445,#3446,#3447);
#3445 = CARTESIAN_POINT('',(159.78,-61.2775,0.));
#3446 = DIRECTION('',(-0.,0.,-1.));
#3447 = DIRECTION('',(-0.,-1.,0.));
#3448 = FACE_BOUND('',#3449,.F.);
#3449 = EDGE_LOOP('',(#3450));
#3450 = ORIENTED_EDGE('',*,*,#3451,.T.);
#3451 = EDGE_CURVE('',#3452,#3452,#3454,.T.);
#3452 = VERTEX_POINT('',#3453);
#3453 = CARTESIAN_POINT('',(159.78,-59.1375,0.));
#3454 = CIRCLE('',#3455,0.4);
#3455 = AXIS2_PLACEMENT_3D('',#3456,#3457,#3458);
#3456 = CARTESIAN_POINT('',(159.78,-58.7375,0.));
#3457 = DIRECTION('',(-0.,0.,-1.));
#3458 = DIRECTION('',(-0.,-1.,0.));
#3459 = FACE_BOUND('',#3460,.F.);
#3460 = EDGE_LOOP('',(#3461));
#3461 = ORIENTED_EDGE('',*,*,#3462,.T.);
#3462 = EDGE_CURVE('',#3463,#3463,#3465,.T.);
#3463 = VERTEX_POINT('',#3464);
#3464 = CARTESIAN_POINT('',(175.02,-61.6775,0.));
#3465 = CIRCLE('',#3466,0.4);
#3466 = AXIS2_PLACEMENT_3D('',#3467,#3468,#3469);
#3467 = CARTESIAN_POINT('',(175.02,-61.2775,0.));
#3468 = DIRECTION('',(-0.,0.,-1.));
#3469 = DIRECTION('',(7.105427357601E-14,-1.,-0.));
#3470 = FACE_BOUND('',#3471,.F.);
#3471 = EDGE_LOOP('',(#3472));
#3472 = ORIENTED_EDGE('',*,*,#3473,.T.);
#3473 = EDGE_CURVE('',#3474,#3474,#3476,.T.);
#3474 = VERTEX_POINT('',#3475);
#3475 = CARTESIAN_POINT('',(175.02,-59.1375,0.));
#3476 = CIRCLE('',#3477,0.4);
#3477 = AXIS2_PLACEMENT_3D('',#3478,#3479,#3480);
#3478 = CARTESIAN_POINT('',(175.02,-58.7375,0.));
#3479 = DIRECTION('',(-0.,0.,-1.));
#3480 = DIRECTION('',(7.105427357601E-14,-1.,-0.));
#3481 = FACE_BOUND('',#3482,.F.);
#3482 = EDGE_LOOP('',(#3483));
#3483 = ORIENTED_EDGE('',*,*,#3484,.T.);
#3484 = EDGE_CURVE('',#3485,#3485,#3487,.T.);
#3485 = VERTEX_POINT('',#3486);
#3486 = CARTESIAN_POINT('',(159.78,-56.5975,0.));
#3487 = CIRCLE('',#3488,0.4);
#3488 = AXIS2_PLACEMENT_3D('',#3489,#3490,#3491);
#3489 = CARTESIAN_POINT('',(159.78,-56.1975,0.));
#3490 = DIRECTION('',(-0.,0.,-1.));
#3491 = DIRECTION('',(-0.,-1.,0.));
#3492 = FACE_BOUND('',#3493,.F.);
#3493 = EDGE_LOOP('',(#3494));
#3494 = ORIENTED_EDGE('',*,*,#3495,.T.);
#3495 = EDGE_CURVE('',#3496,#3496,#3498,.T.);
#3496 = VERTEX_POINT('',#3497);
#3497 = CARTESIAN_POINT('',(159.78,-54.0575,0.));
#3498 = CIRCLE('',#3499,0.4);
#3499 = AXIS2_PLACEMENT_3D('',#3500,#3501,#3502);
#3500 = CARTESIAN_POINT('',(159.78,-53.6575,0.));
#3501 = DIRECTION('',(-0.,0.,-1.));
#3502 = DIRECTION('',(-0.,-1.,0.));
#3503 = FACE_BOUND('',#3504,.F.);
#3504 = EDGE_LOOP('',(#3505));
#3505 = ORIENTED_EDGE('',*,*,#3506,.T.);
#3506 = EDGE_CURVE('',#3507,#3507,#3509,.T.);
#3507 = VERTEX_POINT('',#3508);
#3508 = CARTESIAN_POINT('',(175.02,-56.5975,0.));
#3509 = CIRCLE('',#3510,0.4);
#3510 = AXIS2_PLACEMENT_3D('',#3511,#3512,#3513);
#3511 = CARTESIAN_POINT('',(175.02,-56.1975,0.));
#3512 = DIRECTION('',(-0.,0.,-1.));
#3513 = DIRECTION('',(7.105427357601E-14,-1.,-0.));
#3514 = FACE_BOUND('',#3515,.F.);
#3515 = EDGE_LOOP('',(#3516));
#3516 = ORIENTED_EDGE('',*,*,#3517,.T.);
#3517 = EDGE_CURVE('',#3518,#3518,#3520,.T.);
#3518 = VERTEX_POINT('',#3519);
#3519 = CARTESIAN_POINT('',(175.02,-54.0575,0.));
#3520 = CIRCLE('',#3521,0.4);
#3521 = AXIS2_PLACEMENT_3D('',#3522,#3523,#3524);
#3522 = CARTESIAN_POINT('',(175.02,-53.6575,0.));
#3523 = DIRECTION('',(-0.,0.,-1.));
#3524 = DIRECTION('',(7.105427357601E-14,-1.,-0.));
#3525 = FACE_BOUND('',#3526,.F.);
#3526 = EDGE_LOOP('',(#3527));
#3527 = ORIENTED_EDGE('',*,*,#3528,.T.);
#3528 = EDGE_CURVE('',#3529,#3529,#3531,.T.);
#3529 = VERTEX_POINT('',#3530);
#3530 = CARTESIAN_POINT('',(159.78,-51.5175,0.));
#3531 = CIRCLE('',#3532,0.4);
#3532 = AXIS2_PLACEMENT_3D('',#3533,#3534,#3535);
#3533 = CARTESIAN_POINT('',(159.78,-51.1175,0.));
#3534 = DIRECTION('',(-0.,0.,-1.));
#3535 = DIRECTION('',(-0.,-1.,0.));
#3536 = FACE_BOUND('',#3537,.F.);
#3537 = EDGE_LOOP('',(#3538));
#3538 = ORIENTED_EDGE('',*,*,#3539,.T.);
#3539 = EDGE_CURVE('',#3540,#3540,#3542,.T.);
#3540 = VERTEX_POINT('',#3541);
#3541 = CARTESIAN_POINT('',(159.78,-48.9775,0.));
#3542 = CIRCLE('',#3543,0.4);
#3543 = AXIS2_PLACEMENT_3D('',#3544,#3545,#3546);
#3544 = CARTESIAN_POINT('',(159.78,-48.5775,0.));
#3545 = DIRECTION('',(-0.,0.,-1.));
#3546 = DIRECTION('',(-0.,-1.,0.));
#3547 = FACE_BOUND('',#3548,.F.);
#3548 = EDGE_LOOP('',(#3549));
#3549 = ORIENTED_EDGE('',*,*,#3550,.T.);
#3550 = EDGE_CURVE('',#3551,#3551,#3553,.T.);
#3551 = VERTEX_POINT('',#3552);
#3552 = CARTESIAN_POINT('',(175.02,-51.5175,0.));
#3553 = CIRCLE('',#3554,0.4);
#3554 = AXIS2_PLACEMENT_3D('',#3555,#3556,#3557);
#3555 = CARTESIAN_POINT('',(175.02,-51.1175,0.));
#3556 = DIRECTION('',(-0.,0.,-1.));
#3557 = DIRECTION('',(7.105427357601E-14,-1.,-0.));
#3558 = FACE_BOUND('',#3559,.F.);
#3559 = EDGE_LOOP('',(#3560));
#3560 = ORIENTED_EDGE('',*,*,#3561,.T.);
#3561 = EDGE_CURVE('',#3562,#3562,#3564,.T.);
#3562 = VERTEX_POINT('',#3563);
#3563 = CARTESIAN_POINT('',(175.02,-48.9775,0.));
#3564 = CIRCLE('',#3565,0.4);
#3565 = AXIS2_PLACEMENT_3D('',#3566,#3567,#3568);
#3566 = CARTESIAN_POINT('',(175.02,-48.5775,0.));
#3567 = DIRECTION('',(-0.,0.,-1.));
#3568 = DIRECTION('',(7.105427357601E-14,-1.,-0.));
#3569 = FACE_BOUND('',#3570,.F.);
#3570 = EDGE_LOOP('',(#3571));
#3571 = ORIENTED_EDGE('',*,*,#3572,.T.);
#3572 = EDGE_CURVE('',#3573,#3573,#3575,.T.);
#3573 = VERTEX_POINT('',#3574);
#3574 = CARTESIAN_POINT('',(159.78,-46.4375,0.));
#3575 = CIRCLE('',#3576,0.4);
#3576 = AXIS2_PLACEMENT_3D('',#3577,#3578,#3579);
#3577 = CARTESIAN_POINT('',(159.78,-46.0375,0.));
#3578 = DIRECTION('',(-0.,0.,-1.));
#3579 = DIRECTION('',(-0.,-1.,0.));
#3580 = FACE_BOUND('',#3581,.F.);
#3581 = EDGE_LOOP('',(#3582));
#3582 = ORIENTED_EDGE('',*,*,#3583,.T.);
#3583 = EDGE_CURVE('',#3584,#3584,#3586,.T.);
#3584 = VERTEX_POINT('',#3585);
#3585 = CARTESIAN_POINT('',(159.78,-43.8975,0.));
#3586 = CIRCLE('',#3587,0.4);
#3587 = AXIS2_PLACEMENT_3D('',#3588,#3589,#3590);
#3588 = CARTESIAN_POINT('',(159.78,-43.4975,0.));
#3589 = DIRECTION('',(-0.,0.,-1.));
#3590 = DIRECTION('',(-0.,-1.,0.));
#3591 = FACE_BOUND('',#3592,.F.);
#3592 = EDGE_LOOP('',(#3593));
#3593 = ORIENTED_EDGE('',*,*,#3594,.T.);
#3594 = EDGE_CURVE('',#3595,#3595,#3597,.T.);
#3595 = VERTEX_POINT('',#3596);
#3596 = CARTESIAN_POINT('',(175.02,-46.4375,0.));
#3597 = CIRCLE('',#3598,0.4);
#3598 = AXIS2_PLACEMENT_3D('',#3599,#3600,#3601);
#3599 = CARTESIAN_POINT('',(175.02,-46.0375,0.));
#3600 = DIRECTION('',(-0.,0.,-1.));
#3601 = DIRECTION('',(7.105427357601E-14,-1.,-0.));
#3602 = FACE_BOUND('',#3603,.F.);
#3603 = EDGE_LOOP('',(#3604));
#3604 = ORIENTED_EDGE('',*,*,#3605,.T.);
#3605 = EDGE_CURVE('',#3606,#3606,#3608,.T.);
#3606 = VERTEX_POINT('',#3607);
#3607 = CARTESIAN_POINT('',(175.02,-43.8975,0.));
#3608 = CIRCLE('',#3609,0.4);
#3609 = AXIS2_PLACEMENT_3D('',#3610,#3611,#3612);
#3610 = CARTESIAN_POINT('',(175.02,-43.4975,0.));
#3611 = DIRECTION('',(-0.,0.,-1.));
#3612 = DIRECTION('',(7.105427357601E-14,-1.,-0.));
#3613 = FACE_BOUND('',#3614,.F.);
#3614 = EDGE_LOOP('',(#3615));
#3615 = ORIENTED_EDGE('',*,*,#3616,.T.);
#3616 = EDGE_CURVE('',#3617,#3617,#3619,.T.);
#3617 = VERTEX_POINT('',#3618);
#3618 = CARTESIAN_POINT('',(118.325,-37.3,0.));
#3619 = CIRCLE('',#3620,0.95);
#3620 = AXIS2_PLACEMENT_3D('',#3621,#3622,#3623);
#3621 = CARTESIAN_POINT('',(118.325,-36.35,0.));
#3622 = DIRECTION('',(-0.,0.,-1.));
#3623 = DIRECTION('',(-0.,-1.,0.));
#3624 = FACE_BOUND('',#3625,.F.);
#3625 = EDGE_LOOP('',(#3626));
#3626 = ORIENTED_EDGE('',*,*,#3627,.T.);
#3627 = EDGE_CURVE('',#3628,#3628,#3630,.T.);
#3628 = VERTEX_POINT('',#3629);
#3629 = CARTESIAN_POINT('',(123.825,-38.075,0.));
#3630 = CIRCLE('',#3631,1.725);
#3631 = AXIS2_PLACEMENT_3D('',#3632,#3633,#3634);
#3632 = CARTESIAN_POINT('',(123.825,-36.35,0.));
#3633 = DIRECTION('',(-0.,0.,-1.));
#3634 = DIRECTION('',(8.238176646494E-15,-1.,-0.));
#3635 = FACE_BOUND('',#3636,.F.);
#3636 = EDGE_LOOP('',(#3637));
#3637 = ORIENTED_EDGE('',*,*,#3638,.T.);
#3638 = EDGE_CURVE('',#3639,#3639,#3641,.T.);
#3639 = VERTEX_POINT('',#3640);
#3640 = CARTESIAN_POINT('',(137.375,-42.0625,0.));
#3641 = CIRCLE('',#3642,0.95);
#3642 = AXIS2_PLACEMENT_3D('',#3643,#3644,#3645);
#3643 = CARTESIAN_POINT('',(137.375,-41.1125,0.));
#3644 = DIRECTION('',(-0.,0.,-1.));
#3645 = DIRECTION('',(-0.,-1.,0.));
#3646 = FACE_BOUND('',#3647,.F.);
#3647 = EDGE_LOOP('',(#3648));
#3648 = ORIENTED_EDGE('',*,*,#3649,.T.);
#3649 = EDGE_CURVE('',#3650,#3650,#3652,.T.);
#3650 = VERTEX_POINT('',#3651);
#3651 = CARTESIAN_POINT('',(129.325,-37.3,0.));
#3652 = CIRCLE('',#3653,0.95);
#3653 = AXIS2_PLACEMENT_3D('',#3654,#3655,#3656);
#3654 = CARTESIAN_POINT('',(129.325,-36.35,0.));
#3655 = DIRECTION('',(-0.,0.,-1.));
#3656 = DIRECTION('',(-0.,-1.,0.));
#3657 = FACE_BOUND('',#3658,.F.);
#3658 = EDGE_LOOP('',(#3659));
#3659 = ORIENTED_EDGE('',*,*,#3660,.T.);
#3660 = EDGE_CURVE('',#3661,#3661,#3663,.T.);
#3661 = VERTEX_POINT('',#3662);
#3662 = CARTESIAN_POINT('',(110.275,-32.5375,0.));
#3663 = CIRCLE('',#3664,0.95);
#3664 = AXIS2_PLACEMENT_3D('',#3665,#3666,#3667);
#3665 = CARTESIAN_POINT('',(110.275,-31.5875,0.));
#3666 = DIRECTION('',(-0.,0.,-1.));
#3667 = DIRECTION('',(-0.,-1.,0.));
#3668 = FACE_BOUND('',#3669,.F.);
#3669 = EDGE_LOOP('',(#3670));
#3670 = ORIENTED_EDGE('',*,*,#3671,.T.);
#3671 = EDGE_CURVE('',#3672,#3672,#3674,.T.);
#3672 = VERTEX_POINT('',#3673);
#3673 = CARTESIAN_POINT('',(123.825,-31.975,0.));
#3674 = CIRCLE('',#3675,1.525);
#3675 = AXIS2_PLACEMENT_3D('',#3676,#3677,#3678);
#3676 = CARTESIAN_POINT('',(123.825,-30.45,0.));
#3677 = DIRECTION('',(-0.,0.,-1.));
#3678 = DIRECTION('',(9.31859325587E-15,-1.,-0.));
#3679 = FACE_BOUND('',#3680,.F.);
#3680 = EDGE_LOOP('',(#3681));
#3681 = ORIENTED_EDGE('',*,*,#3682,.T.);
#3682 = EDGE_CURVE('',#3683,#3683,#3685,.T.);
#3683 = VERTEX_POINT('',#3684);
#3684 = CARTESIAN_POINT('',(109.775,-29.3125,0.));
#3685 = CIRCLE('',#3686,1.525);
#3686 = AXIS2_PLACEMENT_3D('',#3687,#3688,#3689);
#3687 = CARTESIAN_POINT('',(109.775,-27.7875,0.));
#3688 = DIRECTION('',(-0.,0.,-1.));
#3689 = DIRECTION('',(-0.,-1.,0.));
#3690 = FACE_BOUND('',#3691,.F.);
#3691 = EDGE_LOOP('',(#3692));
#3692 = ORIENTED_EDGE('',*,*,#3693,.T.);
#3693 = EDGE_CURVE('',#3694,#3694,#3696,.T.);
#3694 = VERTEX_POINT('',#3695);
#3695 = CARTESIAN_POINT('',(128.825,-34.075,0.));
#3696 = CIRCLE('',#3697,1.525);
#3697 = AXIS2_PLACEMENT_3D('',#3698,#3699,#3700);
#3698 = CARTESIAN_POINT('',(128.825,-32.55,0.));
#3699 = DIRECTION('',(-0.,0.,-1.));
#3700 = DIRECTION('',(-0.,-1.,0.));
#3701 = FACE_BOUND('',#3702,.F.);
#3702 = EDGE_LOOP('',(#3703));
#3703 = ORIENTED_EDGE('',*,*,#3704,.T.);
#3704 = EDGE_CURVE('',#3705,#3705,#3707,.T.);
#3705 = VERTEX_POINT('',#3706);
#3706 = CARTESIAN_POINT('',(142.875,-42.8375,0.));
#3707 = CIRCLE('',#3708,1.725);
#3708 = AXIS2_PLACEMENT_3D('',#3709,#3710,#3711);
#3709 = CARTESIAN_POINT('',(142.875,-41.1125,0.));
#3710 = DIRECTION('',(-0.,0.,-1.));
#3711 = DIRECTION('',(-0.,-1.,0.));
#3712 = FACE_BOUND('',#3713,.F.);
#3713 = EDGE_LOOP('',(#3714));
#3714 = ORIENTED_EDGE('',*,*,#3715,.T.);
#3715 = EDGE_CURVE('',#3716,#3716,#3718,.T.);
#3716 = VERTEX_POINT('',#3717);
#3717 = CARTESIAN_POINT('',(148.375,-42.0625,0.));
#3718 = CIRCLE('',#3719,0.95);
#3719 = AXIS2_PLACEMENT_3D('',#3720,#3721,#3722);
#3720 = CARTESIAN_POINT('',(148.375,-41.1125,0.));
#3721 = DIRECTION('',(-0.,0.,-1.));
#3722 = DIRECTION('',(-0.,-1.,0.));
#3723 = FACE_BOUND('',#3724,.F.);
#3724 = EDGE_LOOP('',(#3725));
#3725 = ORIENTED_EDGE('',*,*,#3726,.T.);
#3726 = EDGE_CURVE('',#3727,#3727,#3729,.T.);
#3727 = VERTEX_POINT('',#3728);
#3728 = CARTESIAN_POINT('',(147.875,-38.8375,0.));
#3729 = CIRCLE('',#3730,1.525);
#3730 = AXIS2_PLACEMENT_3D('',#3731,#3732,#3733);
#3731 = CARTESIAN_POINT('',(147.875,-37.3125,0.));
#3732 = DIRECTION('',(-0.,0.,-1.));
#3733 = DIRECTION('',(-0.,-1.,0.));
#3734 = FACE_BOUND('',#3735,.F.);
#3735 = EDGE_LOOP('',(#3736));
#3736 = ORIENTED_EDGE('',*,*,#3737,.T.);
#3737 = EDGE_CURVE('',#3738,#3738,#3740,.T.);
#3738 = VERTEX_POINT('',#3739);
#3739 = CARTESIAN_POINT('',(142.875,-36.7375,0.));
#3740 = CIRCLE('',#3741,1.525);
#3741 = AXIS2_PLACEMENT_3D('',#3742,#3743,#3744);
#3742 = CARTESIAN_POINT('',(142.875,-35.2125,0.));
#3743 = DIRECTION('',(-0.,0.,-1.));
#3744 = DIRECTION('',(-0.,-1.,0.));
#3745 = FACE_BOUND('',#3746,.F.);
#3746 = EDGE_LOOP('',(#3747));
#3747 = ORIENTED_EDGE('',*,*,#3748,.F.);
#3748 = EDGE_CURVE('',#3749,#3749,#3751,.T.);
#3749 = VERTEX_POINT('',#3750);
#3750 = CARTESIAN_POINT('',(156.810775,-34.25,0.));
#3751 = CIRCLE('',#3752,1.560775);
#3752 = AXIS2_PLACEMENT_3D('',#3753,#3754,#3755);
#3753 = CARTESIAN_POINT('',(155.25,-34.25,0.));
#3754 = DIRECTION('',(0.,0.,1.));
#3755 = DIRECTION('',(1.,0.,-0.));
#3756 = FACE_BOUND('',#3757,.F.);
#3757 = EDGE_LOOP('',(#3758));
#3758 = ORIENTED_EDGE('',*,*,#3759,.T.);
#3759 = EDGE_CURVE('',#3760,#3760,#3762,.T.);
#3760 = VERTEX_POINT('',#3761);
#3761 = CARTESIAN_POINT('',(159.78,-41.3575,0.));
#3762 = CIRCLE('',#3763,0.4);
#3763 = AXIS2_PLACEMENT_3D('',#3764,#3765,#3766);
#3764 = CARTESIAN_POINT('',(159.78,-40.9575,0.));
#3765 = DIRECTION('',(-0.,0.,-1.));
#3766 = DIRECTION('',(-0.,-1.,0.));
#3767 = FACE_BOUND('',#3768,.F.);
#3768 = EDGE_LOOP('',(#3769));
#3769 = ORIENTED_EDGE('',*,*,#3770,.T.);
#3770 = EDGE_CURVE('',#3771,#3771,#3773,.T.);
#3771 = VERTEX_POINT('',#3772);
#3772 = CARTESIAN_POINT('',(159.78,-38.8175,0.));
#3773 = CIRCLE('',#3774,0.4);
#3774 = AXIS2_PLACEMENT_3D('',#3775,#3776,#3777);
#3775 = CARTESIAN_POINT('',(159.78,-38.4175,0.));
#3776 = DIRECTION('',(-0.,0.,-1.));
#3777 = DIRECTION('',(-0.,-1.,0.));
#3778 = FACE_BOUND('',#3779,.F.);
#3779 = EDGE_LOOP('',(#3780));
#3780 = ORIENTED_EDGE('',*,*,#3781,.T.);
#3781 = EDGE_CURVE('',#3782,#3782,#3784,.T.);
#3782 = VERTEX_POINT('',#3783);
#3783 = CARTESIAN_POINT('',(175.02,-41.3575,0.));
#3784 = CIRCLE('',#3785,0.4);
#3785 = AXIS2_PLACEMENT_3D('',#3786,#3787,#3788);
#3786 = CARTESIAN_POINT('',(175.02,-40.9575,0.));
#3787 = DIRECTION('',(-0.,0.,-1.));
#3788 = DIRECTION('',(7.105427357601E-14,-1.,-0.));
#3789 = FACE_BOUND('',#3790,.F.);
#3790 = EDGE_LOOP('',(#3791));
#3791 = ORIENTED_EDGE('',*,*,#3792,.T.);
#3792 = EDGE_CURVE('',#3793,#3793,#3795,.T.);
#3793 = VERTEX_POINT('',#3794);
#3794 = CARTESIAN_POINT('',(175.02,-38.8175,0.));
#3795 = CIRCLE('',#3796,0.4);
#3796 = AXIS2_PLACEMENT_3D('',#3797,#3798,#3799);
#3797 = CARTESIAN_POINT('',(175.02,-38.4175,0.));
#3798 = DIRECTION('',(-0.,0.,-1.));
#3799 = DIRECTION('',(7.105427357601E-14,-1.,-0.));
#3800 = FACE_BOUND('',#3801,.F.);
#3801 = EDGE_LOOP('',(#3802));
#3802 = ORIENTED_EDGE('',*,*,#3803,.T.);
#3803 = EDGE_CURVE('',#3804,#3804,#3806,.T.);
#3804 = VERTEX_POINT('',#3805);
#3805 = CARTESIAN_POINT('',(159.78,-36.2775,0.));
#3806 = CIRCLE('',#3807,0.4);
#3807 = AXIS2_PLACEMENT_3D('',#3808,#3809,#3810);
#3808 = CARTESIAN_POINT('',(159.78,-35.8775,0.));
#3809 = DIRECTION('',(-0.,0.,-1.));
#3810 = DIRECTION('',(-0.,-1.,0.));
#3811 = FACE_BOUND('',#3812,.F.);
#3812 = EDGE_LOOP('',(#3813));
#3813 = ORIENTED_EDGE('',*,*,#3814,.T.);
#3814 = EDGE_CURVE('',#3815,#3815,#3817,.T.);
#3815 = VERTEX_POINT('',#3816);
#3816 = CARTESIAN_POINT('',(175.02,-36.2775,0.));
#3817 = CIRCLE('',#3818,0.4);
#3818 = AXIS2_PLACEMENT_3D('',#3819,#3820,#3821);
#3819 = CARTESIAN_POINT('',(175.02,-35.8775,0.));
#3820 = DIRECTION('',(-0.,0.,-1.));
#3821 = DIRECTION('',(7.105427357601E-14,-1.,-0.));
#3822 = PLANE('',#3823);
#3823 = AXIS2_PLACEMENT_3D('',#3824,#3825,#3826);
#3824 = CARTESIAN_POINT('',(0.,0.,0.));
#3825 = DIRECTION('',(0.,0.,1.));
#3826 = DIRECTION('',(1.,0.,-0.));
#3827 = ADVANCED_FACE('',(#3828,#3968,#3979,#3990,#4001,#4012,#4023,
    #4034,#4045,#4056,#4067,#4078,#4089,#4100,#4111,#4122,#4133,#4144,
    #4155,#4166,#4177,#4188,#4199,#4210,#4221,#4232,#4243,#4254,#4265,
    #4276,#4287,#4298,#4309,#4320,#4331,#4342,#4353,#4364,#4375,#4386,
    #4397,#4408,#4419,#4430,#4441,#4452,#4463,#4474,#4485,#4496,#4507,
    #4518,#4529,#4540,#4551,#4562,#4573,#4584,#4595,#4606,#4617,#4628,
    #4639,#4650,#4661,#4672,#4683,#4694,#4705,#4716,#4727,#4738,#4749,
    #4760,#4771,#4782,#4793,#4804,#4815,#4826,#4837,#4848,#4859,#4870,
    #4881,#4892,#4903,#4914,#4925,#4936,#4947,#4958,#4969,#4980,#4991,
    #5002,#5013,#5024,#5035,#5046,#5057,#5068,#5079,#5090,#5101,#5112,
    #5123,#5134,#5145,#5156,#5167,#5178,#5189,#5200,#5211,#5222,#5233,
    #5244,#5255,#5266,#5277,#5288,#5299,#5310,#5321,#5332,#5343,#5354,
    #5365,#5376,#5387,#5398,#5409,#5420,#5431,#5442,#5453,#5464,#5475),
  #5486,.T.);
#3828 = FACE_BOUND('',#3829,.T.);
#3829 = EDGE_LOOP('',(#3830,#3831,#3832,#3840,#3848,#3856,#3864,#3872,
    #3880,#3888,#3896,#3904,#3912,#3920,#3929,#3937,#3945,#3953,#3961,
    #3967));
#3830 = ORIENTED_EDGE('',*,*,#2075,.F.);
#3831 = ORIENTED_EDGE('',*,*,#2115,.F.);
#3832 = ORIENTED_EDGE('',*,*,#3833,.F.);
#3833 = EDGE_CURVE('',#3834,#2108,#3836,.T.);
#3834 = VERTEX_POINT('',#3835);
#3835 = CARTESIAN_POINT('',(93.5,-22.25,1.6));
#3836 = LINE('',#3837,#3838);
#3837 = CARTESIAN_POINT('',(93.5,-22.25,1.6));
#3838 = VECTOR('',#3839,1.);
#3839 = DIRECTION('',(1.,0.,0.));
#3840 = ORIENTED_EDGE('',*,*,#3841,.F.);
#3841 = EDGE_CURVE('',#3842,#3834,#3844,.T.);
#3842 = VERTEX_POINT('',#3843);
#3843 = CARTESIAN_POINT('',(93.5,-29.25,1.6));
#3844 = LINE('',#3845,#3846);
#3845 = CARTESIAN_POINT('',(93.5,-29.25,1.6));
#3846 = VECTOR('',#3847,1.);
#3847 = DIRECTION('',(0.,1.,0.));
#3848 = ORIENTED_EDGE('',*,*,#3849,.F.);
#3849 = EDGE_CURVE('',#3850,#3842,#3852,.T.);
#3850 = VERTEX_POINT('',#3851);
#3851 = CARTESIAN_POINT('',(75.,-29.25,1.6));
#3852 = LINE('',#3853,#3854);
#3853 = CARTESIAN_POINT('',(75.,-29.25,1.6));
#3854 = VECTOR('',#3855,1.);
#3855 = DIRECTION('',(1.,0.,0.));
#3856 = ORIENTED_EDGE('',*,*,#3857,.F.);
#3857 = EDGE_CURVE('',#3858,#3850,#3860,.T.);
#3858 = VERTEX_POINT('',#3859);
#3859 = CARTESIAN_POINT('',(75.,-38.5,1.6));
#3860 = LINE('',#3861,#3862);
#3861 = CARTESIAN_POINT('',(75.,-38.5,1.6));
#3862 = VECTOR('',#3863,1.);
#3863 = DIRECTION('',(0.,1.,0.));
#3864 = ORIENTED_EDGE('',*,*,#3865,.F.);
#3865 = EDGE_CURVE('',#3866,#3858,#3868,.T.);
#3866 = VERTEX_POINT('',#3867);
#3867 = CARTESIAN_POINT('',(56.25,-38.5,1.6));
#3868 = LINE('',#3869,#3870);
#3869 = CARTESIAN_POINT('',(56.25,-38.5,1.6));
#3870 = VECTOR('',#3871,1.);
#3871 = DIRECTION('',(1.,0.,0.));
#3872 = ORIENTED_EDGE('',*,*,#3873,.F.);
#3873 = EDGE_CURVE('',#3874,#3866,#3876,.T.);
#3874 = VERTEX_POINT('',#3875);
#3875 = CARTESIAN_POINT('',(56.2,-42.8,1.6));
#3876 = LINE('',#3877,#3878);
#3877 = CARTESIAN_POINT('',(56.2,-42.8,1.6));
#3878 = VECTOR('',#3879,1.);
#3879 = DIRECTION('',(1.162712096214E-02,0.999932402744,0.));
#3880 = ORIENTED_EDGE('',*,*,#3881,.F.);
#3881 = EDGE_CURVE('',#3882,#3874,#3884,.T.);
#3882 = VERTEX_POINT('',#3883);
#3883 = CARTESIAN_POINT('',(38.1,-42.8625,1.6));
#3884 = LINE('',#3885,#3886);
#3885 = CARTESIAN_POINT('',(38.1,-42.8625,1.6));
#3886 = VECTOR('',#3887,1.);
#3887 = DIRECTION('',(0.999994038315,3.453018088105E-03,0.));
#3888 = ORIENTED_EDGE('',*,*,#3889,.F.);
#3889 = EDGE_CURVE('',#3890,#3882,#3892,.T.);
#3890 = VERTEX_POINT('',#3891);
#3891 = CARTESIAN_POINT('',(38.1,-100.0125,1.6));
#3892 = LINE('',#3893,#3894);
#3893 = CARTESIAN_POINT('',(38.1,-100.0125,1.6));
#3894 = VECTOR('',#3895,1.);
#3895 = DIRECTION('',(0.,1.,0.));
#3896 = ORIENTED_EDGE('',*,*,#3897,.F.);
#3897 = EDGE_CURVE('',#3898,#3890,#3900,.T.);
#3898 = VERTEX_POINT('',#3899);
#3899 = CARTESIAN_POINT('',(89.5,-100.01444,1.6));
#3900 = LINE('',#3901,#3902);
#3901 = CARTESIAN_POINT('',(89.5,-100.01444,1.6));
#3902 = VECTOR('',#3903,1.);
#3903 = DIRECTION('',(-0.999999999288,3.774319063441E-05,0.));
#3904 = ORIENTED_EDGE('',*,*,#3905,.F.);
#3905 = EDGE_CURVE('',#3906,#3898,#3908,.T.);
#3906 = VERTEX_POINT('',#3907);
#3907 = CARTESIAN_POINT('',(96.25,-108.2,1.6));
#3908 = LINE('',#3909,#3910);
#3909 = CARTESIAN_POINT('',(96.25,-108.2,1.6));
#3910 = VECTOR('',#3911,1.);
#3911 = DIRECTION('',(-0.636209812725,0.771516088097,0.));
#3912 = ORIENTED_EDGE('',*,*,#3913,.F.);
#3913 = EDGE_CURVE('',#3914,#3906,#3916,.T.);
#3914 = VERTEX_POINT('',#3915);
#3915 = CARTESIAN_POINT('',(154.225887,-108.245887,1.6));
#3916 = LINE('',#3917,#3918);
#3917 = CARTESIAN_POINT('',(154.225887,-108.245887,1.6));
#3918 = VECTOR('',#3919,1.);
#3919 = DIRECTION('',(-0.999999686777,7.914839772457E-04,0.));
#3920 = ORIENTED_EDGE('',*,*,#3921,.F.);
#3921 = EDGE_CURVE('',#3922,#3914,#3924,.T.);
#3922 = VERTEX_POINT('',#3923);
#3923 = CARTESIAN_POINT('',(159.035887,-103.435887,1.6));
#3924 = CIRCLE('',#3925,4.809998694089);
#3925 = AXIS2_PLACEMENT_3D('',#3926,#3927,#3928);
#3926 = CARTESIAN_POINT('',(154.22588830591,-103.4358883059,1.6));
#3927 = DIRECTION('',(0.,0.,-1.));
#3928 = DIRECTION('',(1.,2.714993157422E-07,0.));
#3929 = ORIENTED_EDGE('',*,*,#3930,.F.);
#3930 = EDGE_CURVE('',#3931,#3922,#3933,.T.);
#3931 = VERTEX_POINT('',#3932);
#3932 = CARTESIAN_POINT('',(159.044113,-81.850189,1.6));
#3933 = LINE('',#3934,#3935);
#3934 = CARTESIAN_POINT('',(159.044113,-81.850189,1.6));
#3935 = VECTOR('',#3936,1.);
#3936 = DIRECTION('',(-3.810856337697E-04,-0.999999927387,0.));
#3937 = ORIENTED_EDGE('',*,*,#3938,.F.);
#3938 = EDGE_CURVE('',#3939,#3931,#3941,.T.);
#3939 = VERTEX_POINT('',#3940);
#3940 = CARTESIAN_POINT('',(165.,-76.4,1.6));
#3941 = LINE('',#3942,#3943);
#3942 = CARTESIAN_POINT('',(165.,-76.4,1.6));
#3943 = VECTOR('',#3944,1.);
#3944 = DIRECTION('',(-0.737732244736,-0.675093426925,0.));
#3945 = ORIENTED_EDGE('',*,*,#3946,.F.);
#3946 = EDGE_CURVE('',#3947,#3939,#3949,.T.);
#3947 = VERTEX_POINT('',#3948);
#3948 = CARTESIAN_POINT('',(178.6,-76.4,1.6));
#3949 = LINE('',#3950,#3951);
#3950 = CARTESIAN_POINT('',(178.6,-76.4,1.6));
#3951 = VECTOR('',#3952,1.);
#3952 = DIRECTION('',(-1.,0.,0.));
#3953 = ORIENTED_EDGE('',*,*,#3954,.F.);
#3954 = EDGE_CURVE('',#3955,#3947,#3957,.T.);
#3955 = VERTEX_POINT('',#3956);
#3956 = CARTESIAN_POINT('',(178.6,-31.6,1.6));
#3957 = LINE('',#3958,#3959);
#3958 = CARTESIAN_POINT('',(178.6,-31.6,1.6));
#3959 = VECTOR('',#3960,1.);
#3960 = DIRECTION('',(0.,-1.,0.));
#3961 = ORIENTED_EDGE('',*,*,#3962,.F.);
#3962 = EDGE_CURVE('',#2138,#3955,#3963,.T.);
#3963 = LINE('',#3964,#3965);
#3964 = CARTESIAN_POINT('',(134.5,-31.5,1.6));
#3965 = VECTOR('',#3966,1.);
#3966 = DIRECTION('',(0.999997429065,-2.26756786636E-03,0.));
#3967 = ORIENTED_EDGE('',*,*,#2137,.F.);
#3968 = FACE_BOUND('',#3969,.T.);
#3969 = EDGE_LOOP('',(#3970));
#3970 = ORIENTED_EDGE('',*,*,#3971,.T.);
#3971 = EDGE_CURVE('',#3972,#3972,#3974,.T.);
#3972 = VERTEX_POINT('',#3973);
#3973 = CARTESIAN_POINT('',(42.125,-91.4375,1.6));
#3974 = CIRCLE('',#3975,0.95);
#3975 = AXIS2_PLACEMENT_3D('',#3976,#3977,#3978);
#3976 = CARTESIAN_POINT('',(42.125,-90.4875,1.6));
#3977 = DIRECTION('',(-0.,0.,-1.));
#3978 = DIRECTION('',(-0.,-1.,0.));
#3979 = FACE_BOUND('',#3980,.T.);
#3980 = EDGE_LOOP('',(#3981));
#3981 = ORIENTED_EDGE('',*,*,#3982,.T.);
#3982 = EDGE_CURVE('',#3983,#3983,#3985,.T.);
#3983 = VERTEX_POINT('',#3984);
#3984 = CARTESIAN_POINT('',(47.625,-92.2125,1.6));
#3985 = CIRCLE('',#3986,1.725);
#3986 = AXIS2_PLACEMENT_3D('',#3987,#3988,#3989);
#3987 = CARTESIAN_POINT('',(47.625,-90.4875,1.6));
#3988 = DIRECTION('',(-0.,0.,-1.));
#3989 = DIRECTION('',(-0.,-1.,0.));
#3990 = FACE_BOUND('',#3991,.T.);
#3991 = EDGE_LOOP('',(#3992));
#3992 = ORIENTED_EDGE('',*,*,#3993,.T.);
#3993 = EDGE_CURVE('',#3994,#3994,#3996,.T.);
#3994 = VERTEX_POINT('',#3995);
#3995 = CARTESIAN_POINT('',(53.125,-91.4375,1.6));
#3996 = CIRCLE('',#3997,0.95);
#3997 = AXIS2_PLACEMENT_3D('',#3998,#3999,#4000);
#3998 = CARTESIAN_POINT('',(53.125,-90.4875,1.6));
#3999 = DIRECTION('',(-0.,0.,-1.));
#4000 = DIRECTION('',(-0.,-1.,0.));
#4001 = FACE_BOUND('',#4002,.T.);
#4002 = EDGE_LOOP('',(#4003));
#4003 = ORIENTED_EDGE('',*,*,#4004,.T.);
#4004 = EDGE_CURVE('',#4005,#4005,#4007,.T.);
#4005 = VERTEX_POINT('',#4006);
#4006 = CARTESIAN_POINT('',(52.625,-88.2125,1.6));
#4007 = CIRCLE('',#4008,1.525);
#4008 = AXIS2_PLACEMENT_3D('',#4009,#4010,#4011);
#4009 = CARTESIAN_POINT('',(52.625,-86.6875,1.6));
#4010 = DIRECTION('',(-0.,0.,-1.));
#4011 = DIRECTION('',(-0.,-1.,0.));
#4012 = FACE_BOUND('',#4013,.T.);
#4013 = EDGE_LOOP('',(#4014));
#4014 = ORIENTED_EDGE('',*,*,#4015,.T.);
#4015 = EDGE_CURVE('',#4016,#4016,#4018,.T.);
#4016 = VERTEX_POINT('',#4017);
#4017 = CARTESIAN_POINT('',(47.625,-86.1125,1.6));
#4018 = CIRCLE('',#4019,1.525);
#4019 = AXIS2_PLACEMENT_3D('',#4020,#4021,#4022);
#4020 = CARTESIAN_POINT('',(47.625,-84.5875,1.6));
#4021 = DIRECTION('',(-0.,0.,-1.));
#4022 = DIRECTION('',(-0.,-1.,0.));
#4023 = FACE_BOUND('',#4024,.T.);
#4024 = EDGE_LOOP('',(#4025));
#4025 = ORIENTED_EDGE('',*,*,#4026,.T.);
#4026 = EDGE_CURVE('',#4027,#4027,#4029,.T.);
#4027 = VERTEX_POINT('',#4028);
#4028 = CARTESIAN_POINT('',(61.175,-86.675,1.6));
#4029 = CIRCLE('',#4030,0.95);
#4030 = AXIS2_PLACEMENT_3D('',#4031,#4032,#4033);
#4031 = CARTESIAN_POINT('',(61.175,-85.725,1.6));
#4032 = DIRECTION('',(-0.,0.,-1.));
#4033 = DIRECTION('',(-0.,-1.,0.));
#4034 = FACE_BOUND('',#4035,.T.);
#4035 = EDGE_LOOP('',(#4036));
#4036 = ORIENTED_EDGE('',*,*,#4037,.T.);
#4037 = EDGE_CURVE('',#4038,#4038,#4040,.T.);
#4038 = VERTEX_POINT('',#4039);
#4039 = CARTESIAN_POINT('',(66.675,-87.45,1.6));
#4040 = CIRCLE('',#4041,1.725);
#4041 = AXIS2_PLACEMENT_3D('',#4042,#4043,#4044);
#4042 = CARTESIAN_POINT('',(66.675,-85.725,1.6));
#4043 = DIRECTION('',(-0.,0.,-1.));
#4044 = DIRECTION('',(-8.238176646494E-15,-1.,0.));
#4045 = FACE_BOUND('',#4046,.T.);
#4046 = EDGE_LOOP('',(#4047));
#4047 = ORIENTED_EDGE('',*,*,#4048,.T.);
#4048 = EDGE_CURVE('',#4049,#4049,#4051,.T.);
#4049 = VERTEX_POINT('',#4050);
#4050 = CARTESIAN_POINT('',(72.175,-86.675,1.6));
#4051 = CIRCLE('',#4052,0.95);
#4052 = AXIS2_PLACEMENT_3D('',#4053,#4054,#4055);
#4053 = CARTESIAN_POINT('',(72.175,-85.725,1.6));
#4054 = DIRECTION('',(-0.,0.,-1.));
#4055 = DIRECTION('',(-0.,-1.,0.));
#4056 = FACE_BOUND('',#4057,.T.);
#4057 = EDGE_LOOP('',(#4058));
#4058 = ORIENTED_EDGE('',*,*,#4059,.T.);
#4059 = EDGE_CURVE('',#4060,#4060,#4062,.T.);
#4060 = VERTEX_POINT('',#4061);
#4061 = CARTESIAN_POINT('',(71.675,-83.45,1.6));
#4062 = CIRCLE('',#4063,1.525);
#4063 = AXIS2_PLACEMENT_3D('',#4064,#4065,#4066);
#4064 = CARTESIAN_POINT('',(71.675,-81.925,1.6));
#4065 = DIRECTION('',(-0.,0.,-1.));
#4066 = DIRECTION('',(-9.31859325587E-15,-1.,0.));
#4067 = FACE_BOUND('',#4068,.T.);
#4068 = EDGE_LOOP('',(#4069));
#4069 = ORIENTED_EDGE('',*,*,#4070,.T.);
#4070 = EDGE_CURVE('',#4071,#4071,#4073,.T.);
#4071 = VERTEX_POINT('',#4072);
#4072 = CARTESIAN_POINT('',(99.275,-99.2125,1.6));
#4073 = CIRCLE('',#4074,0.95);
#4074 = AXIS2_PLACEMENT_3D('',#4075,#4076,#4077);
#4075 = CARTESIAN_POINT('',(99.275,-98.2625,1.6));
#4076 = DIRECTION('',(-0.,0.,-1.));
#4077 = DIRECTION('',(-0.,-1.,0.));
#4078 = FACE_BOUND('',#4079,.T.);
#4079 = EDGE_LOOP('',(#4080));
#4080 = ORIENTED_EDGE('',*,*,#4081,.T.);
#4081 = EDGE_CURVE('',#4082,#4082,#4084,.T.);
#4082 = VERTEX_POINT('',#4083);
#4083 = CARTESIAN_POINT('',(104.775,-99.9875,1.6));
#4084 = CIRCLE('',#4085,1.725);
#4085 = AXIS2_PLACEMENT_3D('',#4086,#4087,#4088);
#4086 = CARTESIAN_POINT('',(104.775,-98.2625,1.6));
#4087 = DIRECTION('',(-0.,0.,-1.));
#4088 = DIRECTION('',(-0.,-1.,0.));
#4089 = FACE_BOUND('',#4090,.T.);
#4090 = EDGE_LOOP('',(#4091));
#4091 = ORIENTED_EDGE('',*,*,#4092,.F.);
#4092 = EDGE_CURVE('',#4093,#4093,#4095,.T.);
#4093 = VERTEX_POINT('',#4094);
#4094 = CARTESIAN_POINT('',(95.560775,-93.,1.6));
#4095 = CIRCLE('',#4096,1.560775);
#4096 = AXIS2_PLACEMENT_3D('',#4097,#4098,#4099);
#4097 = CARTESIAN_POINT('',(94.,-93.,1.6));
#4098 = DIRECTION('',(0.,0.,1.));
#4099 = DIRECTION('',(1.,0.,-0.));
#4100 = FACE_BOUND('',#4101,.T.);
#4101 = EDGE_LOOP('',(#4102));
#4102 = ORIENTED_EDGE('',*,*,#4103,.T.);
#4103 = EDGE_CURVE('',#4104,#4104,#4106,.T.);
#4104 = VERTEX_POINT('',#4105);
#4105 = CARTESIAN_POINT('',(104.775,-93.8875,1.6));
#4106 = CIRCLE('',#4107,1.525);
#4107 = AXIS2_PLACEMENT_3D('',#4108,#4109,#4110);
#4108 = CARTESIAN_POINT('',(104.775,-92.3625,1.6));
#4109 = DIRECTION('',(-0.,0.,-1.));
#4110 = DIRECTION('',(-0.,-1.,0.));
#4111 = FACE_BOUND('',#4112,.T.);
#4112 = EDGE_LOOP('',(#4113));
#4113 = ORIENTED_EDGE('',*,*,#4114,.T.);
#4114 = EDGE_CURVE('',#4115,#4115,#4117,.T.);
#4115 = VERTEX_POINT('',#4116);
#4116 = CARTESIAN_POINT('',(66.675,-81.35,1.6));
#4117 = CIRCLE('',#4118,1.525);
#4118 = AXIS2_PLACEMENT_3D('',#4119,#4120,#4121);
#4119 = CARTESIAN_POINT('',(66.675,-79.825,1.6));
#4120 = DIRECTION('',(-0.,0.,-1.));
#4121 = DIRECTION('',(-9.31859325587E-15,-1.,0.));
#4122 = FACE_BOUND('',#4123,.T.);
#4123 = EDGE_LOOP('',(#4124));
#4124 = ORIENTED_EDGE('',*,*,#4125,.T.);
#4125 = EDGE_CURVE('',#4126,#4126,#4128,.T.);
#4126 = VERTEX_POINT('',#4127);
#4127 = CARTESIAN_POINT('',(42.125,-72.3875,1.6));
#4128 = CIRCLE('',#4129,0.95);
#4129 = AXIS2_PLACEMENT_3D('',#4130,#4131,#4132);
#4130 = CARTESIAN_POINT('',(42.125,-71.4375,1.6));
#4131 = DIRECTION('',(-0.,0.,-1.));
#4132 = DIRECTION('',(-0.,-1.,0.));
#4133 = FACE_BOUND('',#4134,.T.);
#4134 = EDGE_LOOP('',(#4135));
#4135 = ORIENTED_EDGE('',*,*,#4136,.T.);
#4136 = EDGE_CURVE('',#4137,#4137,#4139,.T.);
#4137 = VERTEX_POINT('',#4138);
#4138 = CARTESIAN_POINT('',(47.625,-73.1625,1.6));
#4139 = CIRCLE('',#4140,1.725);
#4140 = AXIS2_PLACEMENT_3D('',#4141,#4142,#4143);
#4141 = CARTESIAN_POINT('',(47.625,-71.4375,1.6));
#4142 = DIRECTION('',(-0.,0.,-1.));
#4143 = DIRECTION('',(-0.,-1.,0.));
#4144 = FACE_BOUND('',#4145,.T.);
#4145 = EDGE_LOOP('',(#4146));
#4146 = ORIENTED_EDGE('',*,*,#4147,.T.);
#4147 = EDGE_CURVE('',#4148,#4148,#4150,.T.);
#4148 = VERTEX_POINT('',#4149);
#4149 = CARTESIAN_POINT('',(53.125,-72.3875,1.6));
#4150 = CIRCLE('',#4151,0.95);
#4151 = AXIS2_PLACEMENT_3D('',#4152,#4153,#4154);
#4152 = CARTESIAN_POINT('',(53.125,-71.4375,1.6));
#4153 = DIRECTION('',(-0.,0.,-1.));
#4154 = DIRECTION('',(-0.,-1.,0.));
#4155 = FACE_BOUND('',#4156,.T.);
#4156 = EDGE_LOOP('',(#4157));
#4157 = ORIENTED_EDGE('',*,*,#4158,.T.);
#4158 = EDGE_CURVE('',#4159,#4159,#4161,.T.);
#4159 = VERTEX_POINT('',#4160);
#4160 = CARTESIAN_POINT('',(52.625,-69.1625,1.6));
#4161 = CIRCLE('',#4162,1.525);
#4162 = AXIS2_PLACEMENT_3D('',#4163,#4164,#4165);
#4163 = CARTESIAN_POINT('',(52.625,-67.6375,1.6));
#4164 = DIRECTION('',(-0.,0.,-1.));
#4165 = DIRECTION('',(-0.,-1.,0.));
#4166 = FACE_BOUND('',#4167,.T.);
#4167 = EDGE_LOOP('',(#4168));
#4168 = ORIENTED_EDGE('',*,*,#4169,.T.);
#4169 = EDGE_CURVE('',#4170,#4170,#4172,.T.);
#4170 = VERTEX_POINT('',#4171);
#4171 = CARTESIAN_POINT('',(47.625,-67.0625,1.6));
#4172 = CIRCLE('',#4173,1.525);
#4173 = AXIS2_PLACEMENT_3D('',#4174,#4175,#4176);
#4174 = CARTESIAN_POINT('',(47.625,-65.5375,1.6));
#4175 = DIRECTION('',(-0.,0.,-1.));
#4176 = DIRECTION('',(-0.,-1.,0.));
#4177 = FACE_BOUND('',#4178,.T.);
#4178 = EDGE_LOOP('',(#4179));
#4179 = ORIENTED_EDGE('',*,*,#4180,.T.);
#4180 = EDGE_CURVE('',#4181,#4181,#4183,.T.);
#4181 = VERTEX_POINT('',#4182);
#4182 = CARTESIAN_POINT('',(61.175,-67.625,1.6));
#4183 = CIRCLE('',#4184,0.95);
#4184 = AXIS2_PLACEMENT_3D('',#4185,#4186,#4187);
#4185 = CARTESIAN_POINT('',(61.175,-66.675,1.6));
#4186 = DIRECTION('',(-0.,0.,-1.));
#4187 = DIRECTION('',(-0.,-1.,0.));
#4188 = FACE_BOUND('',#4189,.T.);
#4189 = EDGE_LOOP('',(#4190));
#4190 = ORIENTED_EDGE('',*,*,#4191,.T.);
#4191 = EDGE_CURVE('',#4192,#4192,#4194,.T.);
#4192 = VERTEX_POINT('',#4193);
#4193 = CARTESIAN_POINT('',(66.675,-68.4,1.6));
#4194 = CIRCLE('',#4195,1.725);
#4195 = AXIS2_PLACEMENT_3D('',#4196,#4197,#4198);
#4196 = CARTESIAN_POINT('',(66.675,-66.675,1.6));
#4197 = DIRECTION('',(-0.,0.,-1.));
#4198 = DIRECTION('',(-8.238176646494E-15,-1.,0.));
#4199 = FACE_BOUND('',#4200,.T.);
#4200 = EDGE_LOOP('',(#4201));
#4201 = ORIENTED_EDGE('',*,*,#4202,.T.);
#4202 = EDGE_CURVE('',#4203,#4203,#4205,.T.);
#4203 = VERTEX_POINT('',#4204);
#4204 = CARTESIAN_POINT('',(72.175,-67.625,1.6));
#4205 = CIRCLE('',#4206,0.95);
#4206 = AXIS2_PLACEMENT_3D('',#4207,#4208,#4209);
#4207 = CARTESIAN_POINT('',(72.175,-66.675,1.6));
#4208 = DIRECTION('',(-0.,0.,-1.));
#4209 = DIRECTION('',(-0.,-1.,0.));
#4210 = FACE_BOUND('',#4211,.T.);
#4211 = EDGE_LOOP('',(#4212));
#4212 = ORIENTED_EDGE('',*,*,#4213,.T.);
#4213 = EDGE_CURVE('',#4214,#4214,#4216,.T.);
#4214 = VERTEX_POINT('',#4215);
#4215 = CARTESIAN_POINT('',(71.675,-64.4,1.6));
#4216 = CIRCLE('',#4217,1.525);
#4217 = AXIS2_PLACEMENT_3D('',#4218,#4219,#4220);
#4218 = CARTESIAN_POINT('',(71.675,-62.875,1.6));
#4219 = DIRECTION('',(-0.,0.,-1.));
#4220 = DIRECTION('',(-9.31859325587E-15,-1.,0.));
#4221 = FACE_BOUND('',#4222,.T.);
#4222 = EDGE_LOOP('',(#4223));
#4223 = ORIENTED_EDGE('',*,*,#4224,.T.);
#4224 = EDGE_CURVE('',#4225,#4225,#4227,.T.);
#4225 = VERTEX_POINT('',#4226);
#4226 = CARTESIAN_POINT('',(80.225,-78.2875,1.6));
#4227 = CIRCLE('',#4228,0.95);
#4228 = AXIS2_PLACEMENT_3D('',#4229,#4230,#4231);
#4229 = CARTESIAN_POINT('',(80.225,-77.3375,1.6));
#4230 = DIRECTION('',(-0.,0.,-1.));
#4231 = DIRECTION('',(-0.,-1.,0.));
#4232 = FACE_BOUND('',#4233,.T.);
#4233 = EDGE_LOOP('',(#4234));
#4234 = ORIENTED_EDGE('',*,*,#4235,.T.);
#4235 = EDGE_CURVE('',#4236,#4236,#4238,.T.);
#4236 = VERTEX_POINT('',#4237);
#4237 = CARTESIAN_POINT('',(85.725,-79.0625,1.6));
#4238 = CIRCLE('',#4239,1.725);
#4239 = AXIS2_PLACEMENT_3D('',#4240,#4241,#4242);
#4240 = CARTESIAN_POINT('',(85.725,-77.3375,1.6));
#4241 = DIRECTION('',(-0.,0.,-1.));
#4242 = DIRECTION('',(-0.,-1.,0.));
#4243 = FACE_BOUND('',#4244,.T.);
#4244 = EDGE_LOOP('',(#4245));
#4245 = ORIENTED_EDGE('',*,*,#4246,.T.);
#4246 = EDGE_CURVE('',#4247,#4247,#4249,.T.);
#4247 = VERTEX_POINT('',#4248);
#4248 = CARTESIAN_POINT('',(91.225,-78.2875,1.6));
#4249 = CIRCLE('',#4250,0.95);
#4250 = AXIS2_PLACEMENT_3D('',#4251,#4252,#4253);
#4251 = CARTESIAN_POINT('',(91.225,-77.3375,1.6));
#4252 = DIRECTION('',(-0.,0.,-1.));
#4253 = DIRECTION('',(-0.,-1.,0.));
#4254 = FACE_BOUND('',#4255,.T.);
#4255 = EDGE_LOOP('',(#4256));
#4256 = ORIENTED_EDGE('',*,*,#4257,.T.);
#4257 = EDGE_CURVE('',#4258,#4258,#4260,.T.);
#4258 = VERTEX_POINT('',#4259);
#4259 = CARTESIAN_POINT('',(90.725,-75.0625,1.6));
#4260 = CIRCLE('',#4261,1.525);
#4261 = AXIS2_PLACEMENT_3D('',#4262,#4263,#4264);
#4262 = CARTESIAN_POINT('',(90.725,-73.5375,1.6));
#4263 = DIRECTION('',(-0.,0.,-1.));
#4264 = DIRECTION('',(-0.,-1.,0.));
#4265 = FACE_BOUND('',#4266,.T.);
#4266 = EDGE_LOOP('',(#4267));
#4267 = ORIENTED_EDGE('',*,*,#4268,.T.);
#4268 = EDGE_CURVE('',#4269,#4269,#4271,.T.);
#4269 = VERTEX_POINT('',#4270);
#4270 = CARTESIAN_POINT('',(85.725,-72.9625,1.6));
#4271 = CIRCLE('',#4272,1.525);
#4272 = AXIS2_PLACEMENT_3D('',#4273,#4274,#4275);
#4273 = CARTESIAN_POINT('',(85.725,-71.4375,1.6));
#4274 = DIRECTION('',(-0.,0.,-1.));
#4275 = DIRECTION('',(-0.,-1.,0.));
#4276 = FACE_BOUND('',#4277,.T.);
#4277 = EDGE_LOOP('',(#4278));
#4278 = ORIENTED_EDGE('',*,*,#4279,.T.);
#4279 = EDGE_CURVE('',#4280,#4280,#4282,.T.);
#4280 = VERTEX_POINT('',#4281);
#4281 = CARTESIAN_POINT('',(99.275,-70.6375,1.6));
#4282 = CIRCLE('',#4283,0.95);
#4283 = AXIS2_PLACEMENT_3D('',#4284,#4285,#4286);
#4284 = CARTESIAN_POINT('',(99.275,-69.6875,1.6));
#4285 = DIRECTION('',(-0.,0.,-1.));
#4286 = DIRECTION('',(-0.,-1.,0.));
#4287 = FACE_BOUND('',#4288,.T.);
#4288 = EDGE_LOOP('',(#4289));
#4289 = ORIENTED_EDGE('',*,*,#4290,.T.);
#4290 = EDGE_CURVE('',#4291,#4291,#4293,.T.);
#4291 = VERTEX_POINT('',#4292);
#4292 = CARTESIAN_POINT('',(104.775,-71.4125,1.6));
#4293 = CIRCLE('',#4294,1.725);
#4294 = AXIS2_PLACEMENT_3D('',#4295,#4296,#4297);
#4295 = CARTESIAN_POINT('',(104.775,-69.6875,1.6));
#4296 = DIRECTION('',(-0.,0.,-1.));
#4297 = DIRECTION('',(-0.,-1.,0.));
#4298 = FACE_BOUND('',#4299,.T.);
#4299 = EDGE_LOOP('',(#4300));
#4300 = ORIENTED_EDGE('',*,*,#4301,.T.);
#4301 = EDGE_CURVE('',#4302,#4302,#4304,.T.);
#4302 = VERTEX_POINT('',#4303);
#4303 = CARTESIAN_POINT('',(104.775,-65.3125,1.6));
#4304 = CIRCLE('',#4305,1.525);
#4305 = AXIS2_PLACEMENT_3D('',#4306,#4307,#4308);
#4306 = CARTESIAN_POINT('',(104.775,-63.7875,1.6));
#4307 = DIRECTION('',(-0.,0.,-1.));
#4308 = DIRECTION('',(-0.,-1.,0.));
#4309 = FACE_BOUND('',#4310,.T.);
#4310 = EDGE_LOOP('',(#4311));
#4311 = ORIENTED_EDGE('',*,*,#4312,.T.);
#4312 = EDGE_CURVE('',#4313,#4313,#4315,.T.);
#4313 = VERTEX_POINT('',#4314);
#4314 = CARTESIAN_POINT('',(110.275,-99.2125,1.6));
#4315 = CIRCLE('',#4316,0.95);
#4316 = AXIS2_PLACEMENT_3D('',#4317,#4318,#4319);
#4317 = CARTESIAN_POINT('',(110.275,-98.2625,1.6));
#4318 = DIRECTION('',(-0.,0.,-1.));
#4319 = DIRECTION('',(-0.,-1.,0.));
#4320 = FACE_BOUND('',#4321,.T.);
#4321 = EDGE_LOOP('',(#4322));
#4322 = ORIENTED_EDGE('',*,*,#4323,.T.);
#4323 = EDGE_CURVE('',#4324,#4324,#4326,.T.);
#4324 = VERTEX_POINT('',#4325);
#4325 = CARTESIAN_POINT('',(118.325,-99.2125,1.6));
#4326 = CIRCLE('',#4327,0.95);
#4327 = AXIS2_PLACEMENT_3D('',#4328,#4329,#4330);
#4328 = CARTESIAN_POINT('',(118.325,-98.2625,1.6));
#4329 = DIRECTION('',(-0.,0.,-1.));
#4330 = DIRECTION('',(-0.,-1.,0.));
#4331 = FACE_BOUND('',#4332,.T.);
#4332 = EDGE_LOOP('',(#4333));
#4333 = ORIENTED_EDGE('',*,*,#4334,.T.);
#4334 = EDGE_CURVE('',#4335,#4335,#4337,.T.);
#4335 = VERTEX_POINT('',#4336);
#4336 = CARTESIAN_POINT('',(123.825,-99.9875,1.6));
#4337 = CIRCLE('',#4338,1.725);
#4338 = AXIS2_PLACEMENT_3D('',#4339,#4340,#4341);
#4339 = CARTESIAN_POINT('',(123.825,-98.2625,1.6));
#4340 = DIRECTION('',(-0.,0.,-1.));
#4341 = DIRECTION('',(8.238176646494E-15,-1.,-0.));
#4342 = FACE_BOUND('',#4343,.T.);
#4343 = EDGE_LOOP('',(#4344));
#4344 = ORIENTED_EDGE('',*,*,#4345,.T.);
#4345 = EDGE_CURVE('',#4346,#4346,#4348,.T.);
#4346 = VERTEX_POINT('',#4347);
#4347 = CARTESIAN_POINT('',(109.775,-95.9875,1.6));
#4348 = CIRCLE('',#4349,1.525);
#4349 = AXIS2_PLACEMENT_3D('',#4350,#4351,#4352);
#4350 = CARTESIAN_POINT('',(109.775,-94.4625,1.6));
#4351 = DIRECTION('',(-0.,0.,-1.));
#4352 = DIRECTION('',(-0.,-1.,0.));
#4353 = FACE_BOUND('',#4354,.T.);
#4354 = EDGE_LOOP('',(#4355));
#4355 = ORIENTED_EDGE('',*,*,#4356,.T.);
#4356 = EDGE_CURVE('',#4357,#4357,#4359,.T.);
#4357 = VERTEX_POINT('',#4358);
#4358 = CARTESIAN_POINT('',(123.825,-93.8875,1.6));
#4359 = CIRCLE('',#4360,1.525);
#4360 = AXIS2_PLACEMENT_3D('',#4361,#4362,#4363);
#4361 = CARTESIAN_POINT('',(123.825,-92.3625,1.6));
#4362 = DIRECTION('',(-0.,0.,-1.));
#4363 = DIRECTION('',(9.31859325587E-15,-1.,-0.));
#4364 = FACE_BOUND('',#4365,.T.);
#4365 = EDGE_LOOP('',(#4366));
#4366 = ORIENTED_EDGE('',*,*,#4367,.T.);
#4367 = EDGE_CURVE('',#4368,#4368,#4370,.T.);
#4368 = VERTEX_POINT('',#4369);
#4369 = CARTESIAN_POINT('',(129.325,-99.2125,1.6));
#4370 = CIRCLE('',#4371,0.95);
#4371 = AXIS2_PLACEMENT_3D('',#4372,#4373,#4374);
#4372 = CARTESIAN_POINT('',(129.325,-98.2625,1.6));
#4373 = DIRECTION('',(-0.,0.,-1.));
#4374 = DIRECTION('',(-0.,-1.,0.));
#4375 = FACE_BOUND('',#4376,.T.);
#4376 = EDGE_LOOP('',(#4377));
#4377 = ORIENTED_EDGE('',*,*,#4378,.T.);
#4378 = EDGE_CURVE('',#4379,#4379,#4381,.T.);
#4379 = VERTEX_POINT('',#4380);
#4380 = CARTESIAN_POINT('',(137.375,-99.2125,1.6));
#4381 = CIRCLE('',#4382,0.95);
#4382 = AXIS2_PLACEMENT_3D('',#4383,#4384,#4385);
#4383 = CARTESIAN_POINT('',(137.375,-98.2625,1.6));
#4384 = DIRECTION('',(-0.,0.,-1.));
#4385 = DIRECTION('',(-0.,-1.,0.));
#4386 = FACE_BOUND('',#4387,.T.);
#4387 = EDGE_LOOP('',(#4388));
#4388 = ORIENTED_EDGE('',*,*,#4389,.T.);
#4389 = EDGE_CURVE('',#4390,#4390,#4392,.T.);
#4390 = VERTEX_POINT('',#4391);
#4391 = CARTESIAN_POINT('',(128.825,-95.9875,1.6));
#4392 = CIRCLE('',#4393,1.525);
#4393 = AXIS2_PLACEMENT_3D('',#4394,#4395,#4396);
#4394 = CARTESIAN_POINT('',(128.825,-94.4625,1.6));
#4395 = DIRECTION('',(-0.,0.,-1.));
#4396 = DIRECTION('',(-0.,-1.,0.));
#4397 = FACE_BOUND('',#4398,.T.);
#4398 = EDGE_LOOP('',(#4399));
#4399 = ORIENTED_EDGE('',*,*,#4400,.T.);
#4400 = EDGE_CURVE('',#4401,#4401,#4403,.T.);
#4401 = VERTEX_POINT('',#4402);
#4402 = CARTESIAN_POINT('',(142.875,-99.9875,1.6));
#4403 = CIRCLE('',#4404,1.725);
#4404 = AXIS2_PLACEMENT_3D('',#4405,#4406,#4407);
#4405 = CARTESIAN_POINT('',(142.875,-98.2625,1.6));
#4406 = DIRECTION('',(-0.,0.,-1.));
#4407 = DIRECTION('',(-0.,-1.,0.));
#4408 = FACE_BOUND('',#4409,.T.);
#4409 = EDGE_LOOP('',(#4410));
#4410 = ORIENTED_EDGE('',*,*,#4411,.T.);
#4411 = EDGE_CURVE('',#4412,#4412,#4414,.T.);
#4412 = VERTEX_POINT('',#4413);
#4413 = CARTESIAN_POINT('',(148.375,-99.2125,1.6));
#4414 = CIRCLE('',#4415,0.95);
#4415 = AXIS2_PLACEMENT_3D('',#4416,#4417,#4418);
#4416 = CARTESIAN_POINT('',(148.375,-98.2625,1.6));
#4417 = DIRECTION('',(-0.,0.,-1.));
#4418 = DIRECTION('',(-0.,-1.,0.));
#4419 = FACE_BOUND('',#4420,.T.);
#4420 = EDGE_LOOP('',(#4421));
#4421 = ORIENTED_EDGE('',*,*,#4422,.T.);
#4422 = EDGE_CURVE('',#4423,#4423,#4425,.T.);
#4423 = VERTEX_POINT('',#4424);
#4424 = CARTESIAN_POINT('',(147.875,-95.9875,1.6));
#4425 = CIRCLE('',#4426,1.525);
#4426 = AXIS2_PLACEMENT_3D('',#4427,#4428,#4429);
#4427 = CARTESIAN_POINT('',(147.875,-94.4625,1.6));
#4428 = DIRECTION('',(-0.,0.,-1.));
#4429 = DIRECTION('',(-0.,-1.,0.));
#4430 = FACE_BOUND('',#4431,.T.);
#4431 = EDGE_LOOP('',(#4432));
#4432 = ORIENTED_EDGE('',*,*,#4433,.T.);
#4433 = EDGE_CURVE('',#4434,#4434,#4436,.T.);
#4434 = VERTEX_POINT('',#4435);
#4435 = CARTESIAN_POINT('',(142.875,-93.8875,1.6));
#4436 = CIRCLE('',#4437,1.525);
#4437 = AXIS2_PLACEMENT_3D('',#4438,#4439,#4440);
#4438 = CARTESIAN_POINT('',(142.875,-92.3625,1.6));
#4439 = DIRECTION('',(-0.,0.,-1.));
#4440 = DIRECTION('',(-0.,-1.,0.));
#4441 = FACE_BOUND('',#4442,.T.);
#4442 = EDGE_LOOP('',(#4443));
#4443 = ORIENTED_EDGE('',*,*,#4444,.T.);
#4444 = EDGE_CURVE('',#4445,#4445,#4447,.T.);
#4445 = VERTEX_POINT('',#4446);
#4446 = CARTESIAN_POINT('',(118.325,-75.4,1.6));
#4447 = CIRCLE('',#4448,0.95);
#4448 = AXIS2_PLACEMENT_3D('',#4449,#4450,#4451);
#4449 = CARTESIAN_POINT('',(118.325,-74.45,1.6));
#4450 = DIRECTION('',(-0.,0.,-1.));
#4451 = DIRECTION('',(-0.,-1.,0.));
#4452 = FACE_BOUND('',#4453,.T.);
#4453 = EDGE_LOOP('',(#4454));
#4454 = ORIENTED_EDGE('',*,*,#4455,.T.);
#4455 = EDGE_CURVE('',#4456,#4456,#4458,.T.);
#4456 = VERTEX_POINT('',#4457);
#4457 = CARTESIAN_POINT('',(123.825,-76.175,1.6));
#4458 = CIRCLE('',#4459,1.725);
#4459 = AXIS2_PLACEMENT_3D('',#4460,#4461,#4462);
#4460 = CARTESIAN_POINT('',(123.825,-74.45,1.6));
#4461 = DIRECTION('',(-0.,0.,-1.));
#4462 = DIRECTION('',(8.238176646494E-15,-1.,-0.));
#4463 = FACE_BOUND('',#4464,.T.);
#4464 = EDGE_LOOP('',(#4465));
#4465 = ORIENTED_EDGE('',*,*,#4466,.T.);
#4466 = EDGE_CURVE('',#4467,#4467,#4469,.T.);
#4467 = VERTEX_POINT('',#4468);
#4468 = CARTESIAN_POINT('',(137.375,-80.1625,1.6));
#4469 = CIRCLE('',#4470,0.95);
#4470 = AXIS2_PLACEMENT_3D('',#4471,#4472,#4473);
#4471 = CARTESIAN_POINT('',(137.375,-79.2125,1.6));
#4472 = DIRECTION('',(-0.,0.,-1.));
#4473 = DIRECTION('',(-0.,-1.,0.));
#4474 = FACE_BOUND('',#4475,.T.);
#4475 = EDGE_LOOP('',(#4476));
#4476 = ORIENTED_EDGE('',*,*,#4477,.T.);
#4477 = EDGE_CURVE('',#4478,#4478,#4480,.T.);
#4478 = VERTEX_POINT('',#4479);
#4479 = CARTESIAN_POINT('',(129.325,-75.4,1.6));
#4480 = CIRCLE('',#4481,0.95);
#4481 = AXIS2_PLACEMENT_3D('',#4482,#4483,#4484);
#4482 = CARTESIAN_POINT('',(129.325,-74.45,1.6));
#4483 = DIRECTION('',(-0.,0.,-1.));
#4484 = DIRECTION('',(-0.,-1.,0.));
#4485 = FACE_BOUND('',#4486,.T.);
#4486 = EDGE_LOOP('',(#4487));
#4487 = ORIENTED_EDGE('',*,*,#4488,.T.);
#4488 = EDGE_CURVE('',#4489,#4489,#4491,.T.);
#4489 = VERTEX_POINT('',#4490);
#4490 = CARTESIAN_POINT('',(110.275,-70.6375,1.6));
#4491 = CIRCLE('',#4492,0.95);
#4492 = AXIS2_PLACEMENT_3D('',#4493,#4494,#4495);
#4493 = CARTESIAN_POINT('',(110.275,-69.6875,1.6));
#4494 = DIRECTION('',(-0.,0.,-1.));
#4495 = DIRECTION('',(-0.,-1.,0.));
#4496 = FACE_BOUND('',#4497,.T.);
#4497 = EDGE_LOOP('',(#4498));
#4498 = ORIENTED_EDGE('',*,*,#4499,.T.);
#4499 = EDGE_CURVE('',#4500,#4500,#4502,.T.);
#4500 = VERTEX_POINT('',#4501);
#4501 = CARTESIAN_POINT('',(123.825,-70.075,1.6));
#4502 = CIRCLE('',#4503,1.525);
#4503 = AXIS2_PLACEMENT_3D('',#4504,#4505,#4506);
#4504 = CARTESIAN_POINT('',(123.825,-68.55,1.6));
#4505 = DIRECTION('',(-0.,0.,-1.));
#4506 = DIRECTION('',(9.31859325587E-15,-1.,-0.));
#4507 = FACE_BOUND('',#4508,.T.);
#4508 = EDGE_LOOP('',(#4509));
#4509 = ORIENTED_EDGE('',*,*,#4510,.T.);
#4510 = EDGE_CURVE('',#4511,#4511,#4513,.T.);
#4511 = VERTEX_POINT('',#4512);
#4512 = CARTESIAN_POINT('',(109.775,-67.4125,1.6));
#4513 = CIRCLE('',#4514,1.525);
#4514 = AXIS2_PLACEMENT_3D('',#4515,#4516,#4517);
#4515 = CARTESIAN_POINT('',(109.775,-65.8875,1.6));
#4516 = DIRECTION('',(-0.,0.,-1.));
#4517 = DIRECTION('',(-0.,-1.,0.));
#4518 = FACE_BOUND('',#4519,.T.);
#4519 = EDGE_LOOP('',(#4520));
#4520 = ORIENTED_EDGE('',*,*,#4521,.T.);
#4521 = EDGE_CURVE('',#4522,#4522,#4524,.T.);
#4522 = VERTEX_POINT('',#4523);
#4523 = CARTESIAN_POINT('',(128.825,-72.175,1.6));
#4524 = CIRCLE('',#4525,1.525);
#4525 = AXIS2_PLACEMENT_3D('',#4526,#4527,#4528);
#4526 = CARTESIAN_POINT('',(128.825,-70.65,1.6));
#4527 = DIRECTION('',(-0.,0.,-1.));
#4528 = DIRECTION('',(-0.,-1.,0.));
#4529 = FACE_BOUND('',#4530,.T.);
#4530 = EDGE_LOOP('',(#4531));
#4531 = ORIENTED_EDGE('',*,*,#4532,.T.);
#4532 = EDGE_CURVE('',#4533,#4533,#4535,.T.);
#4533 = VERTEX_POINT('',#4534);
#4534 = CARTESIAN_POINT('',(142.875,-80.9375,1.6));
#4535 = CIRCLE('',#4536,1.725);
#4536 = AXIS2_PLACEMENT_3D('',#4537,#4538,#4539);
#4537 = CARTESIAN_POINT('',(142.875,-79.2125,1.6));
#4538 = DIRECTION('',(-0.,0.,-1.));
#4539 = DIRECTION('',(-0.,-1.,0.));
#4540 = FACE_BOUND('',#4541,.T.);
#4541 = EDGE_LOOP('',(#4542));
#4542 = ORIENTED_EDGE('',*,*,#4543,.T.);
#4543 = EDGE_CURVE('',#4544,#4544,#4546,.T.);
#4544 = VERTEX_POINT('',#4545);
#4545 = CARTESIAN_POINT('',(148.375,-80.1625,1.6));
#4546 = CIRCLE('',#4547,0.95);
#4547 = AXIS2_PLACEMENT_3D('',#4548,#4549,#4550);
#4548 = CARTESIAN_POINT('',(148.375,-79.2125,1.6));
#4549 = DIRECTION('',(-0.,0.,-1.));
#4550 = DIRECTION('',(-0.,-1.,0.));
#4551 = FACE_BOUND('',#4552,.T.);
#4552 = EDGE_LOOP('',(#4553));
#4553 = ORIENTED_EDGE('',*,*,#4554,.T.);
#4554 = EDGE_CURVE('',#4555,#4555,#4557,.T.);
#4555 = VERTEX_POINT('',#4556);
#4556 = CARTESIAN_POINT('',(147.875,-76.9375,1.6));
#4557 = CIRCLE('',#4558,1.525);
#4558 = AXIS2_PLACEMENT_3D('',#4559,#4560,#4561);
#4559 = CARTESIAN_POINT('',(147.875,-75.4125,1.6));
#4560 = DIRECTION('',(-0.,0.,-1.));
#4561 = DIRECTION('',(-0.,-1.,0.));
#4562 = FACE_BOUND('',#4563,.T.);
#4563 = EDGE_LOOP('',(#4564));
#4564 = ORIENTED_EDGE('',*,*,#4565,.T.);
#4565 = EDGE_CURVE('',#4566,#4566,#4568,.T.);
#4566 = VERTEX_POINT('',#4567);
#4567 = CARTESIAN_POINT('',(142.875,-74.8375,1.6));
#4568 = CIRCLE('',#4569,1.525);
#4569 = AXIS2_PLACEMENT_3D('',#4570,#4571,#4572);
#4570 = CARTESIAN_POINT('',(142.875,-73.3125,1.6));
#4571 = DIRECTION('',(-0.,0.,-1.));
#4572 = DIRECTION('',(-0.,-1.,0.));
#4573 = FACE_BOUND('',#4574,.T.);
#4574 = EDGE_LOOP('',(#4575));
#4575 = ORIENTED_EDGE('',*,*,#4576,.F.);
#4576 = EDGE_CURVE('',#4577,#4577,#4579,.T.);
#4577 = VERTEX_POINT('',#4578);
#4578 = CARTESIAN_POINT('',(161.810775,-77.729225,1.6));
#4579 = CIRCLE('',#4580,1.560775);
#4580 = AXIS2_PLACEMENT_3D('',#4581,#4582,#4583);
#4581 = CARTESIAN_POINT('',(160.25,-77.729225,1.6));
#4582 = DIRECTION('',(0.,0.,1.));
#4583 = DIRECTION('',(1.,0.,-0.));
#4584 = FACE_BOUND('',#4585,.T.);
#4585 = EDGE_LOOP('',(#4586));
#4586 = ORIENTED_EDGE('',*,*,#4587,.T.);
#4587 = EDGE_CURVE('',#4588,#4588,#4590,.T.);
#4588 = VERTEX_POINT('',#4589);
#4589 = CARTESIAN_POINT('',(159.78,-71.8375,1.6));
#4590 = CIRCLE('',#4591,0.4);
#4591 = AXIS2_PLACEMENT_3D('',#4592,#4593,#4594);
#4592 = CARTESIAN_POINT('',(159.78,-71.4375,1.6));
#4593 = DIRECTION('',(-0.,0.,-1.));
#4594 = DIRECTION('',(-0.,-1.,0.));
#4595 = FACE_BOUND('',#4596,.T.);
#4596 = EDGE_LOOP('',(#4597));
#4597 = ORIENTED_EDGE('',*,*,#4598,.T.);
#4598 = EDGE_CURVE('',#4599,#4599,#4601,.T.);
#4599 = VERTEX_POINT('',#4600);
#4600 = CARTESIAN_POINT('',(159.78,-69.2975,1.6));
#4601 = CIRCLE('',#4602,0.4);
#4602 = AXIS2_PLACEMENT_3D('',#4603,#4604,#4605);
#4603 = CARTESIAN_POINT('',(159.78,-68.8975,1.6));
#4604 = DIRECTION('',(-0.,0.,-1.));
#4605 = DIRECTION('',(-0.,-1.,0.));
#4606 = FACE_BOUND('',#4607,.T.);
#4607 = EDGE_LOOP('',(#4608));
#4608 = ORIENTED_EDGE('',*,*,#4609,.T.);
#4609 = EDGE_CURVE('',#4610,#4610,#4612,.T.);
#4610 = VERTEX_POINT('',#4611);
#4611 = CARTESIAN_POINT('',(175.02,-71.8375,1.6));
#4612 = CIRCLE('',#4613,0.4);
#4613 = AXIS2_PLACEMENT_3D('',#4614,#4615,#4616);
#4614 = CARTESIAN_POINT('',(175.02,-71.4375,1.6));
#4615 = DIRECTION('',(-0.,0.,-1.));
#4616 = DIRECTION('',(7.105427357601E-14,-1.,-0.));
#4617 = FACE_BOUND('',#4618,.T.);
#4618 = EDGE_LOOP('',(#4619));
#4619 = ORIENTED_EDGE('',*,*,#4620,.T.);
#4620 = EDGE_CURVE('',#4621,#4621,#4623,.T.);
#4621 = VERTEX_POINT('',#4622);
#4622 = CARTESIAN_POINT('',(175.02,-69.2975,1.6));
#4623 = CIRCLE('',#4624,0.4);
#4624 = AXIS2_PLACEMENT_3D('',#4625,#4626,#4627);
#4625 = CARTESIAN_POINT('',(175.02,-68.8975,1.6));
#4626 = DIRECTION('',(-0.,0.,-1.));
#4627 = DIRECTION('',(7.105427357601E-14,-1.,-0.));
#4628 = FACE_BOUND('',#4629,.T.);
#4629 = EDGE_LOOP('',(#4630));
#4630 = ORIENTED_EDGE('',*,*,#4631,.T.);
#4631 = EDGE_CURVE('',#4632,#4632,#4634,.T.);
#4632 = VERTEX_POINT('',#4633);
#4633 = CARTESIAN_POINT('',(159.78,-66.7575,1.6));
#4634 = CIRCLE('',#4635,0.4);
#4635 = AXIS2_PLACEMENT_3D('',#4636,#4637,#4638);
#4636 = CARTESIAN_POINT('',(159.78,-66.3575,1.6));
#4637 = DIRECTION('',(-0.,0.,-1.));
#4638 = DIRECTION('',(-0.,-1.,0.));
#4639 = FACE_BOUND('',#4640,.T.);
#4640 = EDGE_LOOP('',(#4641));
#4641 = ORIENTED_EDGE('',*,*,#4642,.T.);
#4642 = EDGE_CURVE('',#4643,#4643,#4645,.T.);
#4643 = VERTEX_POINT('',#4644);
#4644 = CARTESIAN_POINT('',(159.78,-64.2175,1.6));
#4645 = CIRCLE('',#4646,0.4);
#4646 = AXIS2_PLACEMENT_3D('',#4647,#4648,#4649);
#4647 = CARTESIAN_POINT('',(159.78,-63.8175,1.6));
#4648 = DIRECTION('',(-0.,0.,-1.));
#4649 = DIRECTION('',(-0.,-1.,0.));
#4650 = FACE_BOUND('',#4651,.T.);
#4651 = EDGE_LOOP('',(#4652));
#4652 = ORIENTED_EDGE('',*,*,#4653,.T.);
#4653 = EDGE_CURVE('',#4654,#4654,#4656,.T.);
#4654 = VERTEX_POINT('',#4655);
#4655 = CARTESIAN_POINT('',(175.02,-66.7575,1.6));
#4656 = CIRCLE('',#4657,0.4);
#4657 = AXIS2_PLACEMENT_3D('',#4658,#4659,#4660);
#4658 = CARTESIAN_POINT('',(175.02,-66.3575,1.6));
#4659 = DIRECTION('',(-0.,0.,-1.));
#4660 = DIRECTION('',(7.105427357601E-14,-1.,-0.));
#4661 = FACE_BOUND('',#4662,.T.);
#4662 = EDGE_LOOP('',(#4663));
#4663 = ORIENTED_EDGE('',*,*,#4664,.T.);
#4664 = EDGE_CURVE('',#4665,#4665,#4667,.T.);
#4665 = VERTEX_POINT('',#4666);
#4666 = CARTESIAN_POINT('',(175.02,-64.2175,1.6));
#4667 = CIRCLE('',#4668,0.4);
#4668 = AXIS2_PLACEMENT_3D('',#4669,#4670,#4671);
#4669 = CARTESIAN_POINT('',(175.02,-63.8175,1.6));
#4670 = DIRECTION('',(-0.,0.,-1.));
#4671 = DIRECTION('',(7.105427357601E-14,-1.,-0.));
#4672 = FACE_BOUND('',#4673,.T.);
#4673 = EDGE_LOOP('',(#4674));
#4674 = ORIENTED_EDGE('',*,*,#4675,.T.);
#4675 = EDGE_CURVE('',#4676,#4676,#4678,.T.);
#4676 = VERTEX_POINT('',#4677);
#4677 = CARTESIAN_POINT('',(66.675,-62.3,1.6));
#4678 = CIRCLE('',#4679,1.525);
#4679 = AXIS2_PLACEMENT_3D('',#4680,#4681,#4682);
#4680 = CARTESIAN_POINT('',(66.675,-60.775,1.6));
#4681 = DIRECTION('',(-0.,0.,-1.));
#4682 = DIRECTION('',(-9.31859325587E-15,-1.,0.));
#4683 = FACE_BOUND('',#4684,.T.);
#4684 = EDGE_LOOP('',(#4685));
#4685 = ORIENTED_EDGE('',*,*,#4686,.T.);
#4686 = EDGE_CURVE('',#4687,#4687,#4689,.T.);
#4687 = VERTEX_POINT('',#4688);
#4688 = CARTESIAN_POINT('',(42.125,-53.3375,1.6));
#4689 = CIRCLE('',#4690,0.95);
#4690 = AXIS2_PLACEMENT_3D('',#4691,#4692,#4693);
#4691 = CARTESIAN_POINT('',(42.125,-52.3875,1.6));
#4692 = DIRECTION('',(-0.,0.,-1.));
#4693 = DIRECTION('',(-0.,-1.,0.));
#4694 = FACE_BOUND('',#4695,.T.);
#4695 = EDGE_LOOP('',(#4696));
#4696 = ORIENTED_EDGE('',*,*,#4697,.T.);
#4697 = EDGE_CURVE('',#4698,#4698,#4700,.T.);
#4698 = VERTEX_POINT('',#4699);
#4699 = CARTESIAN_POINT('',(47.625,-54.1125,1.6));
#4700 = CIRCLE('',#4701,1.725);
#4701 = AXIS2_PLACEMENT_3D('',#4702,#4703,#4704);
#4702 = CARTESIAN_POINT('',(47.625,-52.3875,1.6));
#4703 = DIRECTION('',(-0.,0.,-1.));
#4704 = DIRECTION('',(-0.,-1.,0.));
#4705 = FACE_BOUND('',#4706,.T.);
#4706 = EDGE_LOOP('',(#4707));
#4707 = ORIENTED_EDGE('',*,*,#4708,.T.);
#4708 = EDGE_CURVE('',#4709,#4709,#4711,.T.);
#4709 = VERTEX_POINT('',#4710);
#4710 = CARTESIAN_POINT('',(53.125,-53.3375,1.6));
#4711 = CIRCLE('',#4712,0.95);
#4712 = AXIS2_PLACEMENT_3D('',#4713,#4714,#4715);
#4713 = CARTESIAN_POINT('',(53.125,-52.3875,1.6));
#4714 = DIRECTION('',(-0.,0.,-1.));
#4715 = DIRECTION('',(-0.,-1.,0.));
#4716 = FACE_BOUND('',#4717,.T.);
#4717 = EDGE_LOOP('',(#4718));
#4718 = ORIENTED_EDGE('',*,*,#4719,.T.);
#4719 = EDGE_CURVE('',#4720,#4720,#4722,.T.);
#4720 = VERTEX_POINT('',#4721);
#4721 = CARTESIAN_POINT('',(52.625,-50.1125,1.6));
#4722 = CIRCLE('',#4723,1.525);
#4723 = AXIS2_PLACEMENT_3D('',#4724,#4725,#4726);
#4724 = CARTESIAN_POINT('',(52.625,-48.5875,1.6));
#4725 = DIRECTION('',(-0.,0.,-1.));
#4726 = DIRECTION('',(-0.,-1.,0.));
#4727 = FACE_BOUND('',#4728,.T.);
#4728 = EDGE_LOOP('',(#4729));
#4729 = ORIENTED_EDGE('',*,*,#4730,.T.);
#4730 = EDGE_CURVE('',#4731,#4731,#4733,.T.);
#4731 = VERTEX_POINT('',#4732);
#4732 = CARTESIAN_POINT('',(47.625,-48.0125,1.6));
#4733 = CIRCLE('',#4734,1.525);
#4734 = AXIS2_PLACEMENT_3D('',#4735,#4736,#4737);
#4735 = CARTESIAN_POINT('',(47.625,-46.4875,1.6));
#4736 = DIRECTION('',(-0.,0.,-1.));
#4737 = DIRECTION('',(-0.,-1.,0.));
#4738 = FACE_BOUND('',#4739,.T.);
#4739 = EDGE_LOOP('',(#4740));
#4740 = ORIENTED_EDGE('',*,*,#4741,.T.);
#4741 = EDGE_CURVE('',#4742,#4742,#4744,.T.);
#4742 = VERTEX_POINT('',#4743);
#4743 = CARTESIAN_POINT('',(61.175,-48.575,1.6));
#4744 = CIRCLE('',#4745,0.95);
#4745 = AXIS2_PLACEMENT_3D('',#4746,#4747,#4748);
#4746 = CARTESIAN_POINT('',(61.175,-47.625,1.6));
#4747 = DIRECTION('',(-0.,0.,-1.));
#4748 = DIRECTION('',(-0.,-1.,0.));
#4749 = FACE_BOUND('',#4750,.T.);
#4750 = EDGE_LOOP('',(#4751));
#4751 = ORIENTED_EDGE('',*,*,#4752,.T.);
#4752 = EDGE_CURVE('',#4753,#4753,#4755,.T.);
#4753 = VERTEX_POINT('',#4754);
#4754 = CARTESIAN_POINT('',(66.675,-49.35,1.6));
#4755 = CIRCLE('',#4756,1.725);
#4756 = AXIS2_PLACEMENT_3D('',#4757,#4758,#4759);
#4757 = CARTESIAN_POINT('',(66.675,-47.625,1.6));
#4758 = DIRECTION('',(-0.,0.,-1.));
#4759 = DIRECTION('',(-8.238176646494E-15,-1.,0.));
#4760 = FACE_BOUND('',#4761,.T.);
#4761 = EDGE_LOOP('',(#4762));
#4762 = ORIENTED_EDGE('',*,*,#4763,.T.);
#4763 = EDGE_CURVE('',#4764,#4764,#4766,.T.);
#4764 = VERTEX_POINT('',#4765);
#4765 = CARTESIAN_POINT('',(72.175,-48.575,1.6));
#4766 = CIRCLE('',#4767,0.95);
#4767 = AXIS2_PLACEMENT_3D('',#4768,#4769,#4770);
#4768 = CARTESIAN_POINT('',(72.175,-47.625,1.6));
#4769 = DIRECTION('',(-0.,0.,-1.));
#4770 = DIRECTION('',(-0.,-1.,0.));
#4771 = FACE_BOUND('',#4772,.T.);
#4772 = EDGE_LOOP('',(#4773));
#4773 = ORIENTED_EDGE('',*,*,#4774,.T.);
#4774 = EDGE_CURVE('',#4775,#4775,#4777,.T.);
#4775 = VERTEX_POINT('',#4776);
#4776 = CARTESIAN_POINT('',(71.675,-45.35,1.6));
#4777 = CIRCLE('',#4778,1.525);
#4778 = AXIS2_PLACEMENT_3D('',#4779,#4780,#4781);
#4779 = CARTESIAN_POINT('',(71.675,-43.825,1.6));
#4780 = DIRECTION('',(-0.,0.,-1.));
#4781 = DIRECTION('',(-9.31859325587E-15,-1.,0.));
#4782 = FACE_BOUND('',#4783,.T.);
#4783 = EDGE_LOOP('',(#4784));
#4784 = ORIENTED_EDGE('',*,*,#4785,.T.);
#4785 = EDGE_CURVE('',#4786,#4786,#4788,.T.);
#4786 = VERTEX_POINT('',#4787);
#4787 = CARTESIAN_POINT('',(80.225,-59.2375,1.6));
#4788 = CIRCLE('',#4789,0.95);
#4789 = AXIS2_PLACEMENT_3D('',#4790,#4791,#4792);
#4790 = CARTESIAN_POINT('',(80.225,-58.2875,1.6));
#4791 = DIRECTION('',(-0.,0.,-1.));
#4792 = DIRECTION('',(-0.,-1.,0.));
#4793 = FACE_BOUND('',#4794,.T.);
#4794 = EDGE_LOOP('',(#4795));
#4795 = ORIENTED_EDGE('',*,*,#4796,.T.);
#4796 = EDGE_CURVE('',#4797,#4797,#4799,.T.);
#4797 = VERTEX_POINT('',#4798);
#4798 = CARTESIAN_POINT('',(85.725,-60.0125,1.6));
#4799 = CIRCLE('',#4800,1.725);
#4800 = AXIS2_PLACEMENT_3D('',#4801,#4802,#4803);
#4801 = CARTESIAN_POINT('',(85.725,-58.2875,1.6));
#4802 = DIRECTION('',(-0.,0.,-1.));
#4803 = DIRECTION('',(-0.,-1.,0.));
#4804 = FACE_BOUND('',#4805,.T.);
#4805 = EDGE_LOOP('',(#4806));
#4806 = ORIENTED_EDGE('',*,*,#4807,.T.);
#4807 = EDGE_CURVE('',#4808,#4808,#4810,.T.);
#4808 = VERTEX_POINT('',#4809);
#4809 = CARTESIAN_POINT('',(91.225,-59.2375,1.6));
#4810 = CIRCLE('',#4811,0.95);
#4811 = AXIS2_PLACEMENT_3D('',#4812,#4813,#4814);
#4812 = CARTESIAN_POINT('',(91.225,-58.2875,1.6));
#4813 = DIRECTION('',(-0.,0.,-1.));
#4814 = DIRECTION('',(-0.,-1.,0.));
#4815 = FACE_BOUND('',#4816,.T.);
#4816 = EDGE_LOOP('',(#4817));
#4817 = ORIENTED_EDGE('',*,*,#4818,.T.);
#4818 = EDGE_CURVE('',#4819,#4819,#4821,.T.);
#4819 = VERTEX_POINT('',#4820);
#4820 = CARTESIAN_POINT('',(90.725,-56.0125,1.6));
#4821 = CIRCLE('',#4822,1.525);
#4822 = AXIS2_PLACEMENT_3D('',#4823,#4824,#4825);
#4823 = CARTESIAN_POINT('',(90.725,-54.4875,1.6));
#4824 = DIRECTION('',(-0.,0.,-1.));
#4825 = DIRECTION('',(-0.,-1.,0.));
#4826 = FACE_BOUND('',#4827,.T.);
#4827 = EDGE_LOOP('',(#4828));
#4828 = ORIENTED_EDGE('',*,*,#4829,.T.);
#4829 = EDGE_CURVE('',#4830,#4830,#4832,.T.);
#4830 = VERTEX_POINT('',#4831);
#4831 = CARTESIAN_POINT('',(85.725,-53.9125,1.6));
#4832 = CIRCLE('',#4833,1.525);
#4833 = AXIS2_PLACEMENT_3D('',#4834,#4835,#4836);
#4834 = CARTESIAN_POINT('',(85.725,-52.3875,1.6));
#4835 = DIRECTION('',(-0.,0.,-1.));
#4836 = DIRECTION('',(-0.,-1.,0.));
#4837 = FACE_BOUND('',#4838,.T.);
#4838 = EDGE_LOOP('',(#4839));
#4839 = ORIENTED_EDGE('',*,*,#4840,.T.);
#4840 = EDGE_CURVE('',#4841,#4841,#4843,.T.);
#4841 = VERTEX_POINT('',#4842);
#4842 = CARTESIAN_POINT('',(99.275,-51.5875,1.6));
#4843 = CIRCLE('',#4844,0.95);
#4844 = AXIS2_PLACEMENT_3D('',#4845,#4846,#4847);
#4845 = CARTESIAN_POINT('',(99.275,-50.6375,1.6));
#4846 = DIRECTION('',(-0.,0.,-1.));
#4847 = DIRECTION('',(-0.,-1.,0.));
#4848 = FACE_BOUND('',#4849,.T.);
#4849 = EDGE_LOOP('',(#4850));
#4850 = ORIENTED_EDGE('',*,*,#4851,.T.);
#4851 = EDGE_CURVE('',#4852,#4852,#4854,.T.);
#4852 = VERTEX_POINT('',#4853);
#4853 = CARTESIAN_POINT('',(104.775,-52.3625,1.6));
#4854 = CIRCLE('',#4855,1.725);
#4855 = AXIS2_PLACEMENT_3D('',#4856,#4857,#4858);
#4856 = CARTESIAN_POINT('',(104.775,-50.6375,1.6));
#4857 = DIRECTION('',(-0.,0.,-1.));
#4858 = DIRECTION('',(-0.,-1.,0.));
#4859 = FACE_BOUND('',#4860,.T.);
#4860 = EDGE_LOOP('',(#4861));
#4861 = ORIENTED_EDGE('',*,*,#4862,.T.);
#4862 = EDGE_CURVE('',#4863,#4863,#4865,.T.);
#4863 = VERTEX_POINT('',#4864);
#4864 = CARTESIAN_POINT('',(104.775,-46.2625,1.6));
#4865 = CIRCLE('',#4866,1.525);
#4866 = AXIS2_PLACEMENT_3D('',#4867,#4868,#4869);
#4867 = CARTESIAN_POINT('',(104.775,-44.7375,1.6));
#4868 = DIRECTION('',(-0.,0.,-1.));
#4869 = DIRECTION('',(-0.,-1.,0.));
#4870 = FACE_BOUND('',#4871,.T.);
#4871 = EDGE_LOOP('',(#4872));
#4872 = ORIENTED_EDGE('',*,*,#4873,.T.);
#4873 = EDGE_CURVE('',#4874,#4874,#4876,.T.);
#4874 = VERTEX_POINT('',#4875);
#4875 = CARTESIAN_POINT('',(66.675,-43.25,1.6));
#4876 = CIRCLE('',#4877,1.525);
#4877 = AXIS2_PLACEMENT_3D('',#4878,#4879,#4880);
#4878 = CARTESIAN_POINT('',(66.675,-41.725,1.6));
#4879 = DIRECTION('',(-0.,0.,-1.));
#4880 = DIRECTION('',(-9.31859325587E-15,-1.,0.));
#4881 = FACE_BOUND('',#4882,.T.);
#4882 = EDGE_LOOP('',(#4883));
#4883 = ORIENTED_EDGE('',*,*,#4884,.T.);
#4884 = EDGE_CURVE('',#4885,#4885,#4887,.T.);
#4885 = VERTEX_POINT('',#4886);
#4886 = CARTESIAN_POINT('',(80.225,-40.1875,1.6));
#4887 = CIRCLE('',#4888,0.95);
#4888 = AXIS2_PLACEMENT_3D('',#4889,#4890,#4891);
#4889 = CARTESIAN_POINT('',(80.225,-39.2375,1.6));
#4890 = DIRECTION('',(-0.,0.,-1.));
#4891 = DIRECTION('',(-0.,-1.,0.));
#4892 = FACE_BOUND('',#4893,.T.);
#4893 = EDGE_LOOP('',(#4894));
#4894 = ORIENTED_EDGE('',*,*,#4895,.T.);
#4895 = EDGE_CURVE('',#4896,#4896,#4898,.T.);
#4896 = VERTEX_POINT('',#4897);
#4897 = CARTESIAN_POINT('',(85.725,-40.9625,1.6));
#4898 = CIRCLE('',#4899,1.725);
#4899 = AXIS2_PLACEMENT_3D('',#4900,#4901,#4902);
#4900 = CARTESIAN_POINT('',(85.725,-39.2375,1.6));
#4901 = DIRECTION('',(-0.,0.,-1.));
#4902 = DIRECTION('',(-0.,-1.,0.));
#4903 = FACE_BOUND('',#4904,.T.);
#4904 = EDGE_LOOP('',(#4905));
#4905 = ORIENTED_EDGE('',*,*,#4906,.T.);
#4906 = EDGE_CURVE('',#4907,#4907,#4909,.T.);
#4907 = VERTEX_POINT('',#4908);
#4908 = CARTESIAN_POINT('',(91.225,-40.1875,1.6));
#4909 = CIRCLE('',#4910,0.95);
#4910 = AXIS2_PLACEMENT_3D('',#4911,#4912,#4913);
#4911 = CARTESIAN_POINT('',(91.225,-39.2375,1.6));
#4912 = DIRECTION('',(-0.,0.,-1.));
#4913 = DIRECTION('',(-0.,-1.,0.));
#4914 = FACE_BOUND('',#4915,.T.);
#4915 = EDGE_LOOP('',(#4916));
#4916 = ORIENTED_EDGE('',*,*,#4917,.T.);
#4917 = EDGE_CURVE('',#4918,#4918,#4920,.T.);
#4918 = VERTEX_POINT('',#4919);
#4919 = CARTESIAN_POINT('',(90.725,-36.9625,1.6));
#4920 = CIRCLE('',#4921,1.525);
#4921 = AXIS2_PLACEMENT_3D('',#4922,#4923,#4924);
#4922 = CARTESIAN_POINT('',(90.725,-35.4375,1.6));
#4923 = DIRECTION('',(-0.,0.,-1.));
#4924 = DIRECTION('',(-0.,-1.,0.));
#4925 = FACE_BOUND('',#4926,.T.);
#4926 = EDGE_LOOP('',(#4927));
#4927 = ORIENTED_EDGE('',*,*,#4928,.T.);
#4928 = EDGE_CURVE('',#4929,#4929,#4931,.T.);
#4929 = VERTEX_POINT('',#4930);
#4930 = CARTESIAN_POINT('',(85.725,-34.8625,1.6));
#4931 = CIRCLE('',#4932,1.525);
#4932 = AXIS2_PLACEMENT_3D('',#4933,#4934,#4935);
#4933 = CARTESIAN_POINT('',(85.725,-33.3375,1.6));
#4934 = DIRECTION('',(-0.,0.,-1.));
#4935 = DIRECTION('',(-0.,-1.,0.));
#4936 = FACE_BOUND('',#4937,.T.);
#4937 = EDGE_LOOP('',(#4938));
#4938 = ORIENTED_EDGE('',*,*,#4939,.T.);
#4939 = EDGE_CURVE('',#4940,#4940,#4942,.T.);
#4940 = VERTEX_POINT('',#4941);
#4941 = CARTESIAN_POINT('',(99.275,-32.5375,1.6));
#4942 = CIRCLE('',#4943,0.95);
#4943 = AXIS2_PLACEMENT_3D('',#4944,#4945,#4946);
#4944 = CARTESIAN_POINT('',(99.275,-31.5875,1.6));
#4945 = DIRECTION('',(-0.,0.,-1.));
#4946 = DIRECTION('',(-0.,-1.,0.));
#4947 = FACE_BOUND('',#4948,.T.);
#4948 = EDGE_LOOP('',(#4949));
#4949 = ORIENTED_EDGE('',*,*,#4950,.T.);
#4950 = EDGE_CURVE('',#4951,#4951,#4953,.T.);
#4951 = VERTEX_POINT('',#4952);
#4952 = CARTESIAN_POINT('',(104.775,-33.3125,1.6));
#4953 = CIRCLE('',#4954,1.725);
#4954 = AXIS2_PLACEMENT_3D('',#4955,#4956,#4957);
#4955 = CARTESIAN_POINT('',(104.775,-31.5875,1.6));
#4956 = DIRECTION('',(-0.,0.,-1.));
#4957 = DIRECTION('',(-0.,-1.,0.));
#4958 = FACE_BOUND('',#4959,.T.);
#4959 = EDGE_LOOP('',(#4960));
#4960 = ORIENTED_EDGE('',*,*,#4961,.T.);
#4961 = EDGE_CURVE('',#4962,#4962,#4964,.T.);
#4962 = VERTEX_POINT('',#4963);
#4963 = CARTESIAN_POINT('',(104.775,-27.2125,1.6));
#4964 = CIRCLE('',#4965,1.525);
#4965 = AXIS2_PLACEMENT_3D('',#4966,#4967,#4968);
#4966 = CARTESIAN_POINT('',(104.775,-25.6875,1.6));
#4967 = DIRECTION('',(-0.,0.,-1.));
#4968 = DIRECTION('',(-0.,-1.,0.));
#4969 = FACE_BOUND('',#4970,.T.);
#4970 = EDGE_LOOP('',(#4971));
#4971 = ORIENTED_EDGE('',*,*,#4972,.T.);
#4972 = EDGE_CURVE('',#4973,#4973,#4975,.T.);
#4973 = VERTEX_POINT('',#4974);
#4974 = CARTESIAN_POINT('',(118.325,-56.35,1.6));
#4975 = CIRCLE('',#4976,0.95);
#4976 = AXIS2_PLACEMENT_3D('',#4977,#4978,#4979);
#4977 = CARTESIAN_POINT('',(118.325,-55.4,1.6));
#4978 = DIRECTION('',(-0.,0.,-1.));
#4979 = DIRECTION('',(-0.,-1.,0.));
#4980 = FACE_BOUND('',#4981,.T.);
#4981 = EDGE_LOOP('',(#4982));
#4982 = ORIENTED_EDGE('',*,*,#4983,.T.);
#4983 = EDGE_CURVE('',#4984,#4984,#4986,.T.);
#4984 = VERTEX_POINT('',#4985);
#4985 = CARTESIAN_POINT('',(123.825,-57.125,1.6));
#4986 = CIRCLE('',#4987,1.725);
#4987 = AXIS2_PLACEMENT_3D('',#4988,#4989,#4990);
#4988 = CARTESIAN_POINT('',(123.825,-55.4,1.6));
#4989 = DIRECTION('',(-0.,0.,-1.));
#4990 = DIRECTION('',(8.238176646494E-15,-1.,-0.));
#4991 = FACE_BOUND('',#4992,.T.);
#4992 = EDGE_LOOP('',(#4993));
#4993 = ORIENTED_EDGE('',*,*,#4994,.T.);
#4994 = EDGE_CURVE('',#4995,#4995,#4997,.T.);
#4995 = VERTEX_POINT('',#4996);
#4996 = CARTESIAN_POINT('',(137.375,-61.1125,1.6));
#4997 = CIRCLE('',#4998,0.95);
#4998 = AXIS2_PLACEMENT_3D('',#4999,#5000,#5001);
#4999 = CARTESIAN_POINT('',(137.375,-60.1625,1.6));
#5000 = DIRECTION('',(-0.,0.,-1.));
#5001 = DIRECTION('',(-0.,-1.,0.));
#5002 = FACE_BOUND('',#5003,.T.);
#5003 = EDGE_LOOP('',(#5004));
#5004 = ORIENTED_EDGE('',*,*,#5005,.T.);
#5005 = EDGE_CURVE('',#5006,#5006,#5008,.T.);
#5006 = VERTEX_POINT('',#5007);
#5007 = CARTESIAN_POINT('',(129.325,-56.35,1.6));
#5008 = CIRCLE('',#5009,0.95);
#5009 = AXIS2_PLACEMENT_3D('',#5010,#5011,#5012);
#5010 = CARTESIAN_POINT('',(129.325,-55.4,1.6));
#5011 = DIRECTION('',(-0.,0.,-1.));
#5012 = DIRECTION('',(-0.,-1.,0.));
#5013 = FACE_BOUND('',#5014,.T.);
#5014 = EDGE_LOOP('',(#5015));
#5015 = ORIENTED_EDGE('',*,*,#5016,.T.);
#5016 = EDGE_CURVE('',#5017,#5017,#5019,.T.);
#5017 = VERTEX_POINT('',#5018);
#5018 = CARTESIAN_POINT('',(110.275,-51.5875,1.6));
#5019 = CIRCLE('',#5020,0.95);
#5020 = AXIS2_PLACEMENT_3D('',#5021,#5022,#5023);
#5021 = CARTESIAN_POINT('',(110.275,-50.6375,1.6));
#5022 = DIRECTION('',(-0.,0.,-1.));
#5023 = DIRECTION('',(-0.,-1.,0.));
#5024 = FACE_BOUND('',#5025,.T.);
#5025 = EDGE_LOOP('',(#5026));
#5026 = ORIENTED_EDGE('',*,*,#5027,.T.);
#5027 = EDGE_CURVE('',#5028,#5028,#5030,.T.);
#5028 = VERTEX_POINT('',#5029);
#5029 = CARTESIAN_POINT('',(123.825,-51.025,1.6));
#5030 = CIRCLE('',#5031,1.525);
#5031 = AXIS2_PLACEMENT_3D('',#5032,#5033,#5034);
#5032 = CARTESIAN_POINT('',(123.825,-49.5,1.6));
#5033 = DIRECTION('',(-0.,0.,-1.));
#5034 = DIRECTION('',(9.31859325587E-15,-1.,-0.));
#5035 = FACE_BOUND('',#5036,.T.);
#5036 = EDGE_LOOP('',(#5037));
#5037 = ORIENTED_EDGE('',*,*,#5038,.T.);
#5038 = EDGE_CURVE('',#5039,#5039,#5041,.T.);
#5039 = VERTEX_POINT('',#5040);
#5040 = CARTESIAN_POINT('',(109.775,-48.3625,1.6));
#5041 = CIRCLE('',#5042,1.525);
#5042 = AXIS2_PLACEMENT_3D('',#5043,#5044,#5045);
#5043 = CARTESIAN_POINT('',(109.775,-46.8375,1.6));
#5044 = DIRECTION('',(-0.,0.,-1.));
#5045 = DIRECTION('',(-0.,-1.,0.));
#5046 = FACE_BOUND('',#5047,.T.);
#5047 = EDGE_LOOP('',(#5048));
#5048 = ORIENTED_EDGE('',*,*,#5049,.T.);
#5049 = EDGE_CURVE('',#5050,#5050,#5052,.T.);
#5050 = VERTEX_POINT('',#5051);
#5051 = CARTESIAN_POINT('',(128.825,-53.125,1.6));
#5052 = CIRCLE('',#5053,1.525);
#5053 = AXIS2_PLACEMENT_3D('',#5054,#5055,#5056);
#5054 = CARTESIAN_POINT('',(128.825,-51.6,1.6));
#5055 = DIRECTION('',(-0.,0.,-1.));
#5056 = DIRECTION('',(-0.,-1.,0.));
#5057 = FACE_BOUND('',#5058,.T.);
#5058 = EDGE_LOOP('',(#5059));
#5059 = ORIENTED_EDGE('',*,*,#5060,.T.);
#5060 = EDGE_CURVE('',#5061,#5061,#5063,.T.);
#5061 = VERTEX_POINT('',#5062);
#5062 = CARTESIAN_POINT('',(142.875,-61.8875,1.6));
#5063 = CIRCLE('',#5064,1.725);
#5064 = AXIS2_PLACEMENT_3D('',#5065,#5066,#5067);
#5065 = CARTESIAN_POINT('',(142.875,-60.1625,1.6));
#5066 = DIRECTION('',(-0.,0.,-1.));
#5067 = DIRECTION('',(-0.,-1.,0.));
#5068 = FACE_BOUND('',#5069,.T.);
#5069 = EDGE_LOOP('',(#5070));
#5070 = ORIENTED_EDGE('',*,*,#5071,.T.);
#5071 = EDGE_CURVE('',#5072,#5072,#5074,.T.);
#5072 = VERTEX_POINT('',#5073);
#5073 = CARTESIAN_POINT('',(148.375,-61.1125,1.6));
#5074 = CIRCLE('',#5075,0.95);
#5075 = AXIS2_PLACEMENT_3D('',#5076,#5077,#5078);
#5076 = CARTESIAN_POINT('',(148.375,-60.1625,1.6));
#5077 = DIRECTION('',(-0.,0.,-1.));
#5078 = DIRECTION('',(-0.,-1.,0.));
#5079 = FACE_BOUND('',#5080,.T.);
#5080 = EDGE_LOOP('',(#5081));
#5081 = ORIENTED_EDGE('',*,*,#5082,.T.);
#5082 = EDGE_CURVE('',#5083,#5083,#5085,.T.);
#5083 = VERTEX_POINT('',#5084);
#5084 = CARTESIAN_POINT('',(147.875,-57.8875,1.6));
#5085 = CIRCLE('',#5086,1.525);
#5086 = AXIS2_PLACEMENT_3D('',#5087,#5088,#5089);
#5087 = CARTESIAN_POINT('',(147.875,-56.3625,1.6));
#5088 = DIRECTION('',(-0.,0.,-1.));
#5089 = DIRECTION('',(-0.,-1.,0.));
#5090 = FACE_BOUND('',#5091,.T.);
#5091 = EDGE_LOOP('',(#5092));
#5092 = ORIENTED_EDGE('',*,*,#5093,.T.);
#5093 = EDGE_CURVE('',#5094,#5094,#5096,.T.);
#5094 = VERTEX_POINT('',#5095);
#5095 = CARTESIAN_POINT('',(142.875,-55.7875,1.6));
#5096 = CIRCLE('',#5097,1.525);
#5097 = AXIS2_PLACEMENT_3D('',#5098,#5099,#5100);
#5098 = CARTESIAN_POINT('',(142.875,-54.2625,1.6));
#5099 = DIRECTION('',(-0.,0.,-1.));
#5100 = DIRECTION('',(-0.,-1.,0.));
#5101 = FACE_BOUND('',#5102,.T.);
#5102 = EDGE_LOOP('',(#5103));
#5103 = ORIENTED_EDGE('',*,*,#5104,.T.);
#5104 = EDGE_CURVE('',#5105,#5105,#5107,.T.);
#5105 = VERTEX_POINT('',#5106);
#5106 = CARTESIAN_POINT('',(159.78,-61.6775,1.6));
#5107 = CIRCLE('',#5108,0.4);
#5108 = AXIS2_PLACEMENT_3D('',#5109,#5110,#5111);
#5109 = CARTESIAN_POINT('',(159.78,-61.2775,1.6));
#5110 = DIRECTION('',(-0.,0.,-1.));
#5111 = DIRECTION('',(-0.,-1.,0.));
#5112 = FACE_BOUND('',#5113,.T.);
#5113 = EDGE_LOOP('',(#5114));
#5114 = ORIENTED_EDGE('',*,*,#5115,.T.);
#5115 = EDGE_CURVE('',#5116,#5116,#5118,.T.);
#5116 = VERTEX_POINT('',#5117);
#5117 = CARTESIAN_POINT('',(159.78,-59.1375,1.6));
#5118 = CIRCLE('',#5119,0.4);
#5119 = AXIS2_PLACEMENT_3D('',#5120,#5121,#5122);
#5120 = CARTESIAN_POINT('',(159.78,-58.7375,1.6));
#5121 = DIRECTION('',(-0.,0.,-1.));
#5122 = DIRECTION('',(-0.,-1.,0.));
#5123 = FACE_BOUND('',#5124,.T.);
#5124 = EDGE_LOOP('',(#5125));
#5125 = ORIENTED_EDGE('',*,*,#5126,.T.);
#5126 = EDGE_CURVE('',#5127,#5127,#5129,.T.);
#5127 = VERTEX_POINT('',#5128);
#5128 = CARTESIAN_POINT('',(175.02,-61.6775,1.6));
#5129 = CIRCLE('',#5130,0.4);
#5130 = AXIS2_PLACEMENT_3D('',#5131,#5132,#5133);
#5131 = CARTESIAN_POINT('',(175.02,-61.2775,1.6));
#5132 = DIRECTION('',(-0.,0.,-1.));
#5133 = DIRECTION('',(7.105427357601E-14,-1.,-0.));
#5134 = FACE_BOUND('',#5135,.T.);
#5135 = EDGE_LOOP('',(#5136));
#5136 = ORIENTED_EDGE('',*,*,#5137,.T.);
#5137 = EDGE_CURVE('',#5138,#5138,#5140,.T.);
#5138 = VERTEX_POINT('',#5139);
#5139 = CARTESIAN_POINT('',(175.02,-59.1375,1.6));
#5140 = CIRCLE('',#5141,0.4);
#5141 = AXIS2_PLACEMENT_3D('',#5142,#5143,#5144);
#5142 = CARTESIAN_POINT('',(175.02,-58.7375,1.6));
#5143 = DIRECTION('',(-0.,0.,-1.));
#5144 = DIRECTION('',(7.105427357601E-14,-1.,-0.));
#5145 = FACE_BOUND('',#5146,.T.);
#5146 = EDGE_LOOP('',(#5147));
#5147 = ORIENTED_EDGE('',*,*,#5148,.T.);
#5148 = EDGE_CURVE('',#5149,#5149,#5151,.T.);
#5149 = VERTEX_POINT('',#5150);
#5150 = CARTESIAN_POINT('',(159.78,-56.5975,1.6));
#5151 = CIRCLE('',#5152,0.4);
#5152 = AXIS2_PLACEMENT_3D('',#5153,#5154,#5155);
#5153 = CARTESIAN_POINT('',(159.78,-56.1975,1.6));
#5154 = DIRECTION('',(-0.,0.,-1.));
#5155 = DIRECTION('',(-0.,-1.,0.));
#5156 = FACE_BOUND('',#5157,.T.);
#5157 = EDGE_LOOP('',(#5158));
#5158 = ORIENTED_EDGE('',*,*,#5159,.T.);
#5159 = EDGE_CURVE('',#5160,#5160,#5162,.T.);
#5160 = VERTEX_POINT('',#5161);
#5161 = CARTESIAN_POINT('',(159.78,-54.0575,1.6));
#5162 = CIRCLE('',#5163,0.4);
#5163 = AXIS2_PLACEMENT_3D('',#5164,#5165,#5166);
#5164 = CARTESIAN_POINT('',(159.78,-53.6575,1.6));
#5165 = DIRECTION('',(-0.,0.,-1.));
#5166 = DIRECTION('',(-0.,-1.,0.));
#5167 = FACE_BOUND('',#5168,.T.);
#5168 = EDGE_LOOP('',(#5169));
#5169 = ORIENTED_EDGE('',*,*,#5170,.T.);
#5170 = EDGE_CURVE('',#5171,#5171,#5173,.T.);
#5171 = VERTEX_POINT('',#5172);
#5172 = CARTESIAN_POINT('',(175.02,-56.5975,1.6));
#5173 = CIRCLE('',#5174,0.4);
#5174 = AXIS2_PLACEMENT_3D('',#5175,#5176,#5177);
#5175 = CARTESIAN_POINT('',(175.02,-56.1975,1.6));
#5176 = DIRECTION('',(-0.,0.,-1.));
#5177 = DIRECTION('',(7.105427357601E-14,-1.,-0.));
#5178 = FACE_BOUND('',#5179,.T.);
#5179 = EDGE_LOOP('',(#5180));
#5180 = ORIENTED_EDGE('',*,*,#5181,.T.);
#5181 = EDGE_CURVE('',#5182,#5182,#5184,.T.);
#5182 = VERTEX_POINT('',#5183);
#5183 = CARTESIAN_POINT('',(175.02,-54.0575,1.6));
#5184 = CIRCLE('',#5185,0.4);
#5185 = AXIS2_PLACEMENT_3D('',#5186,#5187,#5188);
#5186 = CARTESIAN_POINT('',(175.02,-53.6575,1.6));
#5187 = DIRECTION('',(-0.,0.,-1.));
#5188 = DIRECTION('',(7.105427357601E-14,-1.,-0.));
#5189 = FACE_BOUND('',#5190,.T.);
#5190 = EDGE_LOOP('',(#5191));
#5191 = ORIENTED_EDGE('',*,*,#5192,.T.);
#5192 = EDGE_CURVE('',#5193,#5193,#5195,.T.);
#5193 = VERTEX_POINT('',#5194);
#5194 = CARTESIAN_POINT('',(159.78,-51.5175,1.6));
#5195 = CIRCLE('',#5196,0.4);
#5196 = AXIS2_PLACEMENT_3D('',#5197,#5198,#5199);
#5197 = CARTESIAN_POINT('',(159.78,-51.1175,1.6));
#5198 = DIRECTION('',(-0.,0.,-1.));
#5199 = DIRECTION('',(-0.,-1.,0.));
#5200 = FACE_BOUND('',#5201,.T.);
#5201 = EDGE_LOOP('',(#5202));
#5202 = ORIENTED_EDGE('',*,*,#5203,.T.);
#5203 = EDGE_CURVE('',#5204,#5204,#5206,.T.);
#5204 = VERTEX_POINT('',#5205);
#5205 = CARTESIAN_POINT('',(159.78,-48.9775,1.6));
#5206 = CIRCLE('',#5207,0.4);
#5207 = AXIS2_PLACEMENT_3D('',#5208,#5209,#5210);
#5208 = CARTESIAN_POINT('',(159.78,-48.5775,1.6));
#5209 = DIRECTION('',(-0.,0.,-1.));
#5210 = DIRECTION('',(-0.,-1.,0.));
#5211 = FACE_BOUND('',#5212,.T.);
#5212 = EDGE_LOOP('',(#5213));
#5213 = ORIENTED_EDGE('',*,*,#5214,.T.);
#5214 = EDGE_CURVE('',#5215,#5215,#5217,.T.);
#5215 = VERTEX_POINT('',#5216);
#5216 = CARTESIAN_POINT('',(175.02,-51.5175,1.6));
#5217 = CIRCLE('',#5218,0.4);
#5218 = AXIS2_PLACEMENT_3D('',#5219,#5220,#5221);
#5219 = CARTESIAN_POINT('',(175.02,-51.1175,1.6));
#5220 = DIRECTION('',(-0.,0.,-1.));
#5221 = DIRECTION('',(7.105427357601E-14,-1.,-0.));
#5222 = FACE_BOUND('',#5223,.T.);
#5223 = EDGE_LOOP('',(#5224));
#5224 = ORIENTED_EDGE('',*,*,#5225,.T.);
#5225 = EDGE_CURVE('',#5226,#5226,#5228,.T.);
#5226 = VERTEX_POINT('',#5227);
#5227 = CARTESIAN_POINT('',(175.02,-48.9775,1.6));
#5228 = CIRCLE('',#5229,0.4);
#5229 = AXIS2_PLACEMENT_3D('',#5230,#5231,#5232);
#5230 = CARTESIAN_POINT('',(175.02,-48.5775,1.6));
#5231 = DIRECTION('',(-0.,0.,-1.));
#5232 = DIRECTION('',(7.105427357601E-14,-1.,-0.));
#5233 = FACE_BOUND('',#5234,.T.);
#5234 = EDGE_LOOP('',(#5235));
#5235 = ORIENTED_EDGE('',*,*,#5236,.T.);
#5236 = EDGE_CURVE('',#5237,#5237,#5239,.T.);
#5237 = VERTEX_POINT('',#5238);
#5238 = CARTESIAN_POINT('',(159.78,-46.4375,1.6));
#5239 = CIRCLE('',#5240,0.4);
#5240 = AXIS2_PLACEMENT_3D('',#5241,#5242,#5243);
#5241 = CARTESIAN_POINT('',(159.78,-46.0375,1.6));
#5242 = DIRECTION('',(-0.,0.,-1.));
#5243 = DIRECTION('',(-0.,-1.,0.));
#5244 = FACE_BOUND('',#5245,.T.);
#5245 = EDGE_LOOP('',(#5246));
#5246 = ORIENTED_EDGE('',*,*,#5247,.T.);
#5247 = EDGE_CURVE('',#5248,#5248,#5250,.T.);
#5248 = VERTEX_POINT('',#5249);
#5249 = CARTESIAN_POINT('',(159.78,-43.8975,1.6));
#5250 = CIRCLE('',#5251,0.4);
#5251 = AXIS2_PLACEMENT_3D('',#5252,#5253,#5254);
#5252 = CARTESIAN_POINT('',(159.78,-43.4975,1.6));
#5253 = DIRECTION('',(-0.,0.,-1.));
#5254 = DIRECTION('',(-0.,-1.,0.));
#5255 = FACE_BOUND('',#5256,.T.);
#5256 = EDGE_LOOP('',(#5257));
#5257 = ORIENTED_EDGE('',*,*,#5258,.T.);
#5258 = EDGE_CURVE('',#5259,#5259,#5261,.T.);
#5259 = VERTEX_POINT('',#5260);
#5260 = CARTESIAN_POINT('',(175.02,-46.4375,1.6));
#5261 = CIRCLE('',#5262,0.4);
#5262 = AXIS2_PLACEMENT_3D('',#5263,#5264,#5265);
#5263 = CARTESIAN_POINT('',(175.02,-46.0375,1.6));
#5264 = DIRECTION('',(-0.,0.,-1.));
#5265 = DIRECTION('',(7.105427357601E-14,-1.,-0.));
#5266 = FACE_BOUND('',#5267,.T.);
#5267 = EDGE_LOOP('',(#5268));
#5268 = ORIENTED_EDGE('',*,*,#5269,.T.);
#5269 = EDGE_CURVE('',#5270,#5270,#5272,.T.);
#5270 = VERTEX_POINT('',#5271);
#5271 = CARTESIAN_POINT('',(175.02,-43.8975,1.6));
#5272 = CIRCLE('',#5273,0.4);
#5273 = AXIS2_PLACEMENT_3D('',#5274,#5275,#5276);
#5274 = CARTESIAN_POINT('',(175.02,-43.4975,1.6));
#5275 = DIRECTION('',(-0.,0.,-1.));
#5276 = DIRECTION('',(7.105427357601E-14,-1.,-0.));
#5277 = FACE_BOUND('',#5278,.T.);
#5278 = EDGE_LOOP('',(#5279));
#5279 = ORIENTED_EDGE('',*,*,#5280,.T.);
#5280 = EDGE_CURVE('',#5281,#5281,#5283,.T.);
#5281 = VERTEX_POINT('',#5282);
#5282 = CARTESIAN_POINT('',(118.325,-37.3,1.6));
#5283 = CIRCLE('',#5284,0.95);
#5284 = AXIS2_PLACEMENT_3D('',#5285,#5286,#5287);
#5285 = CARTESIAN_POINT('',(118.325,-36.35,1.6));
#5286 = DIRECTION('',(-0.,0.,-1.));
#5287 = DIRECTION('',(-0.,-1.,0.));
#5288 = FACE_BOUND('',#5289,.T.);
#5289 = EDGE_LOOP('',(#5290));
#5290 = ORIENTED_EDGE('',*,*,#5291,.T.);
#5291 = EDGE_CURVE('',#5292,#5292,#5294,.T.);
#5292 = VERTEX_POINT('',#5293);
#5293 = CARTESIAN_POINT('',(123.825,-38.075,1.6));
#5294 = CIRCLE('',#5295,1.725);
#5295 = AXIS2_PLACEMENT_3D('',#5296,#5297,#5298);
#5296 = CARTESIAN_POINT('',(123.825,-36.35,1.6));
#5297 = DIRECTION('',(-0.,0.,-1.));
#5298 = DIRECTION('',(8.238176646494E-15,-1.,-0.));
#5299 = FACE_BOUND('',#5300,.T.);
#5300 = EDGE_LOOP('',(#5301));
#5301 = ORIENTED_EDGE('',*,*,#5302,.T.);
#5302 = EDGE_CURVE('',#5303,#5303,#5305,.T.);
#5303 = VERTEX_POINT('',#5304);
#5304 = CARTESIAN_POINT('',(137.375,-42.0625,1.6));
#5305 = CIRCLE('',#5306,0.95);
#5306 = AXIS2_PLACEMENT_3D('',#5307,#5308,#5309);
#5307 = CARTESIAN_POINT('',(137.375,-41.1125,1.6));
#5308 = DIRECTION('',(-0.,0.,-1.));
#5309 = DIRECTION('',(-0.,-1.,0.));
#5310 = FACE_BOUND('',#5311,.T.);
#5311 = EDGE_LOOP('',(#5312));
#5312 = ORIENTED_EDGE('',*,*,#5313,.T.);
#5313 = EDGE_CURVE('',#5314,#5314,#5316,.T.);
#5314 = VERTEX_POINT('',#5315);
#5315 = CARTESIAN_POINT('',(129.325,-37.3,1.6));
#5316 = CIRCLE('',#5317,0.95);
#5317 = AXIS2_PLACEMENT_3D('',#5318,#5319,#5320);
#5318 = CARTESIAN_POINT('',(129.325,-36.35,1.6));
#5319 = DIRECTION('',(-0.,0.,-1.));
#5320 = DIRECTION('',(-0.,-1.,0.));
#5321 = FACE_BOUND('',#5322,.T.);
#5322 = EDGE_LOOP('',(#5323));
#5323 = ORIENTED_EDGE('',*,*,#5324,.T.);
#5324 = EDGE_CURVE('',#5325,#5325,#5327,.T.);
#5325 = VERTEX_POINT('',#5326);
#5326 = CARTESIAN_POINT('',(110.275,-32.5375,1.6));
#5327 = CIRCLE('',#5328,0.95);
#5328 = AXIS2_PLACEMENT_3D('',#5329,#5330,#5331);
#5329 = CARTESIAN_POINT('',(110.275,-31.5875,1.6));
#5330 = DIRECTION('',(-0.,0.,-1.));
#5331 = DIRECTION('',(-0.,-1.,0.));
#5332 = FACE_BOUND('',#5333,.T.);
#5333 = EDGE_LOOP('',(#5334));
#5334 = ORIENTED_EDGE('',*,*,#5335,.T.);
#5335 = EDGE_CURVE('',#5336,#5336,#5338,.T.);
#5336 = VERTEX_POINT('',#5337);
#5337 = CARTESIAN_POINT('',(123.825,-31.975,1.6));
#5338 = CIRCLE('',#5339,1.525);
#5339 = AXIS2_PLACEMENT_3D('',#5340,#5341,#5342);
#5340 = CARTESIAN_POINT('',(123.825,-30.45,1.6));
#5341 = DIRECTION('',(-0.,0.,-1.));
#5342 = DIRECTION('',(9.31859325587E-15,-1.,-0.));
#5343 = FACE_BOUND('',#5344,.T.);
#5344 = EDGE_LOOP('',(#5345));
#5345 = ORIENTED_EDGE('',*,*,#5346,.T.);
#5346 = EDGE_CURVE('',#5347,#5347,#5349,.T.);
#5347 = VERTEX_POINT('',#5348);
#5348 = CARTESIAN_POINT('',(109.775,-29.3125,1.6));
#5349 = CIRCLE('',#5350,1.525);
#5350 = AXIS2_PLACEMENT_3D('',#5351,#5352,#5353);
#5351 = CARTESIAN_POINT('',(109.775,-27.7875,1.6));
#5352 = DIRECTION('',(-0.,0.,-1.));
#5353 = DIRECTION('',(-0.,-1.,0.));
#5354 = FACE_BOUND('',#5355,.T.);
#5355 = EDGE_LOOP('',(#5356));
#5356 = ORIENTED_EDGE('',*,*,#5357,.T.);
#5357 = EDGE_CURVE('',#5358,#5358,#5360,.T.);
#5358 = VERTEX_POINT('',#5359);
#5359 = CARTESIAN_POINT('',(128.825,-34.075,1.6));
#5360 = CIRCLE('',#5361,1.525);
#5361 = AXIS2_PLACEMENT_3D('',#5362,#5363,#5364);
#5362 = CARTESIAN_POINT('',(128.825,-32.55,1.6));
#5363 = DIRECTION('',(-0.,0.,-1.));
#5364 = DIRECTION('',(-0.,-1.,0.));
#5365 = FACE_BOUND('',#5366,.T.);
#5366 = EDGE_LOOP('',(#5367));
#5367 = ORIENTED_EDGE('',*,*,#5368,.T.);
#5368 = EDGE_CURVE('',#5369,#5369,#5371,.T.);
#5369 = VERTEX_POINT('',#5370);
#5370 = CARTESIAN_POINT('',(142.875,-42.8375,1.6));
#5371 = CIRCLE('',#5372,1.725);
#5372 = AXIS2_PLACEMENT_3D('',#5373,#5374,#5375);
#5373 = CARTESIAN_POINT('',(142.875,-41.1125,1.6));
#5374 = DIRECTION('',(-0.,0.,-1.));
#5375 = DIRECTION('',(-0.,-1.,0.));
#5376 = FACE_BOUND('',#5377,.T.);
#5377 = EDGE_LOOP('',(#5378));
#5378 = ORIENTED_EDGE('',*,*,#5379,.T.);
#5379 = EDGE_CURVE('',#5380,#5380,#5382,.T.);
#5380 = VERTEX_POINT('',#5381);
#5381 = CARTESIAN_POINT('',(148.375,-42.0625,1.6));
#5382 = CIRCLE('',#5383,0.95);
#5383 = AXIS2_PLACEMENT_3D('',#5384,#5385,#5386);
#5384 = CARTESIAN_POINT('',(148.375,-41.1125,1.6));
#5385 = DIRECTION('',(-0.,0.,-1.));
#5386 = DIRECTION('',(-0.,-1.,0.));
#5387 = FACE_BOUND('',#5388,.T.);
#5388 = EDGE_LOOP('',(#5389));
#5389 = ORIENTED_EDGE('',*,*,#5390,.T.);
#5390 = EDGE_CURVE('',#5391,#5391,#5393,.T.);
#5391 = VERTEX_POINT('',#5392);
#5392 = CARTESIAN_POINT('',(147.875,-38.8375,1.6));
#5393 = CIRCLE('',#5394,1.525);
#5394 = AXIS2_PLACEMENT_3D('',#5395,#5396,#5397);
#5395 = CARTESIAN_POINT('',(147.875,-37.3125,1.6));
#5396 = DIRECTION('',(-0.,0.,-1.));
#5397 = DIRECTION('',(-0.,-1.,0.));
#5398 = FACE_BOUND('',#5399,.T.);
#5399 = EDGE_LOOP('',(#5400));
#5400 = ORIENTED_EDGE('',*,*,#5401,.T.);
#5401 = EDGE_CURVE('',#5402,#5402,#5404,.T.);
#5402 = VERTEX_POINT('',#5403);
#5403 = CARTESIAN_POINT('',(142.875,-36.7375,1.6));
#5404 = CIRCLE('',#5405,1.525);
#5405 = AXIS2_PLACEMENT_3D('',#5406,#5407,#5408);
#5406 = CARTESIAN_POINT('',(142.875,-35.2125,1.6));
#5407 = DIRECTION('',(-0.,0.,-1.));
#5408 = DIRECTION('',(-0.,-1.,0.));
#5409 = FACE_BOUND('',#5410,.T.);
#5410 = EDGE_LOOP('',(#5411));
#5411 = ORIENTED_EDGE('',*,*,#5412,.F.);
#5412 = EDGE_CURVE('',#5413,#5413,#5415,.T.);
#5413 = VERTEX_POINT('',#5414);
#5414 = CARTESIAN_POINT('',(156.810775,-34.25,1.6));
#5415 = CIRCLE('',#5416,1.560775);
#5416 = AXIS2_PLACEMENT_3D('',#5417,#5418,#5419);
#5417 = CARTESIAN_POINT('',(155.25,-34.25,1.6));
#5418 = DIRECTION('',(0.,0.,1.));
#5419 = DIRECTION('',(1.,0.,-0.));
#5420 = FACE_BOUND('',#5421,.T.);
#5421 = EDGE_LOOP('',(#5422));
#5422 = ORIENTED_EDGE('',*,*,#5423,.T.);
#5423 = EDGE_CURVE('',#5424,#5424,#5426,.T.);
#5424 = VERTEX_POINT('',#5425);
#5425 = CARTESIAN_POINT('',(159.78,-41.3575,1.6));
#5426 = CIRCLE('',#5427,0.4);
#5427 = AXIS2_PLACEMENT_3D('',#5428,#5429,#5430);
#5428 = CARTESIAN_POINT('',(159.78,-40.9575,1.6));
#5429 = DIRECTION('',(-0.,0.,-1.));
#5430 = DIRECTION('',(-0.,-1.,0.));
#5431 = FACE_BOUND('',#5432,.T.);
#5432 = EDGE_LOOP('',(#5433));
#5433 = ORIENTED_EDGE('',*,*,#5434,.T.);
#5434 = EDGE_CURVE('',#5435,#5435,#5437,.T.);
#5435 = VERTEX_POINT('',#5436);
#5436 = CARTESIAN_POINT('',(159.78,-38.8175,1.6));
#5437 = CIRCLE('',#5438,0.4);
#5438 = AXIS2_PLACEMENT_3D('',#5439,#5440,#5441);
#5439 = CARTESIAN_POINT('',(159.78,-38.4175,1.6));
#5440 = DIRECTION('',(-0.,0.,-1.));
#5441 = DIRECTION('',(-0.,-1.,0.));
#5442 = FACE_BOUND('',#5443,.T.);
#5443 = EDGE_LOOP('',(#5444));
#5444 = ORIENTED_EDGE('',*,*,#5445,.T.);
#5445 = EDGE_CURVE('',#5446,#5446,#5448,.T.);
#5446 = VERTEX_POINT('',#5447);
#5447 = CARTESIAN_POINT('',(175.02,-41.3575,1.6));
#5448 = CIRCLE('',#5449,0.4);
#5449 = AXIS2_PLACEMENT_3D('',#5450,#5451,#5452);
#5450 = CARTESIAN_POINT('',(175.02,-40.9575,1.6));
#5451 = DIRECTION('',(-0.,0.,-1.));
#5452 = DIRECTION('',(7.105427357601E-14,-1.,-0.));
#5453 = FACE_BOUND('',#5454,.T.);
#5454 = EDGE_LOOP('',(#5455));
#5455 = ORIENTED_EDGE('',*,*,#5456,.T.);
#5456 = EDGE_CURVE('',#5457,#5457,#5459,.T.);
#5457 = VERTEX_POINT('',#5458);
#5458 = CARTESIAN_POINT('',(175.02,-38.8175,1.6));
#5459 = CIRCLE('',#5460,0.4);
#5460 = AXIS2_PLACEMENT_3D('',#5461,#5462,#5463);
#5461 = CARTESIAN_POINT('',(175.02,-38.4175,1.6));
#5462 = DIRECTION('',(-0.,0.,-1.));
#5463 = DIRECTION('',(7.105427357601E-14,-1.,-0.));
#5464 = FACE_BOUND('',#5465,.T.);
#5465 = EDGE_LOOP('',(#5466));
#5466 = ORIENTED_EDGE('',*,*,#5467,.T.);
#5467 = EDGE_CURVE('',#5468,#5468,#5470,.T.);
#5468 = VERTEX_POINT('',#5469);
#5469 = CARTESIAN_POINT('',(159.78,-36.2775,1.6));
#5470 = CIRCLE('',#5471,0.4);
#5471 = AXIS2_PLACEMENT_3D('',#5472,#5473,#5474);
#5472 = CARTESIAN_POINT('',(159.78,-35.8775,1.6));
#5473 = DIRECTION('',(-0.,0.,-1.));
#5474 = DIRECTION('',(-0.,-1.,0.));
#5475 = FACE_BOUND('',#5476,.T.);
#5476 = EDGE_LOOP('',(#5477));
#5477 = ORIENTED_EDGE('',*,*,#5478,.T.);
#5478 = EDGE_CURVE('',#5479,#5479,#5481,.T.);
#5479 = VERTEX_POINT('',#5480);
#5480 = CARTESIAN_POINT('',(175.02,-36.2775,1.6));
#5481 = CIRCLE('',#5482,0.4);
#5482 = AXIS2_PLACEMENT_3D('',#5483,#5484,#5485);
#5483 = CARTESIAN_POINT('',(175.02,-35.8775,1.6));
#5484 = DIRECTION('',(-0.,0.,-1.));
#5485 = DIRECTION('',(7.105427357601E-14,-1.,-0.));
#5486 = PLANE('',#5487);
#5487 = AXIS2_PLACEMENT_3D('',#5488,#5489,#5490);
#5488 = CARTESIAN_POINT('',(0.,0.,1.6));
#5489 = DIRECTION('',(0.,0.,1.));
#5490 = DIRECTION('',(1.,0.,-0.));
#5491 = ADVANCED_FACE('',(#5492),#5503,.T.);
#5492 = FACE_BOUND('',#5493,.T.);
#5493 = EDGE_LOOP('',(#5494,#5500,#5501,#5502));
#5494 = ORIENTED_EDGE('',*,*,#5495,.T.);
#5495 = EDGE_CURVE('',#2170,#3834,#5496,.T.);
#5496 = LINE('',#5497,#5498);
#5497 = CARTESIAN_POINT('',(93.5,-22.25,0.));
#5498 = VECTOR('',#5499,1.);
#5499 = DIRECTION('',(0.,0.,1.));
#5500 = ORIENTED_EDGE('',*,*,#3833,.T.);
#5501 = ORIENTED_EDGE('',*,*,#2105,.F.);
#5502 = ORIENTED_EDGE('',*,*,#2169,.F.);
#5503 = PLANE('',#5504);
#5504 = AXIS2_PLACEMENT_3D('',#5505,#5506,#5507);
#5505 = CARTESIAN_POINT('',(93.5,-22.25,0.));
#5506 = DIRECTION('',(0.,1.,0.));
#5507 = DIRECTION('',(1.,0.,0.));
#5508 = ADVANCED_FACE('',(#5509),#5520,.T.);
#5509 = FACE_BOUND('',#5510,.T.);
#5510 = EDGE_LOOP('',(#5511,#5512,#5513,#5519));
#5511 = ORIENTED_EDGE('',*,*,#2145,.T.);
#5512 = ORIENTED_EDGE('',*,*,#3962,.T.);
#5513 = ORIENTED_EDGE('',*,*,#5514,.F.);
#5514 = EDGE_CURVE('',#2291,#3955,#5515,.T.);
#5515 = LINE('',#5516,#5517);
#5516 = CARTESIAN_POINT('',(178.6,-31.6,0.));
#5517 = VECTOR('',#5518,1.);
#5518 = DIRECTION('',(0.,0.,1.));
#5519 = ORIENTED_EDGE('',*,*,#2298,.F.);
#5520 = PLANE('',#5521);
#5521 = AXIS2_PLACEMENT_3D('',#5522,#5523,#5524);
#5522 = CARTESIAN_POINT('',(134.5,-31.5,0.));
#5523 = DIRECTION('',(2.26756786636E-03,0.999997429065,-0.));
#5524 = DIRECTION('',(0.999997429065,-2.26756786636E-03,0.));
#5525 = ADVANCED_FACE('',(#5526),#5537,.T.);
#5526 = FACE_BOUND('',#5527,.T.);
#5527 = EDGE_LOOP('',(#5528,#5534,#5535,#5536));
#5528 = ORIENTED_EDGE('',*,*,#5529,.T.);
#5529 = EDGE_CURVE('',#2178,#3842,#5530,.T.);
#5530 = LINE('',#5531,#5532);
#5531 = CARTESIAN_POINT('',(93.5,-29.25,0.));
#5532 = VECTOR('',#5533,1.);
#5533 = DIRECTION('',(0.,0.,1.));
#5534 = ORIENTED_EDGE('',*,*,#3841,.T.);
#5535 = ORIENTED_EDGE('',*,*,#5495,.F.);
#5536 = ORIENTED_EDGE('',*,*,#2177,.F.);
#5537 = PLANE('',#5538);
#5538 = AXIS2_PLACEMENT_3D('',#5539,#5540,#5541);
#5539 = CARTESIAN_POINT('',(93.5,-29.25,0.));
#5540 = DIRECTION('',(-1.,0.,0.));
#5541 = DIRECTION('',(0.,1.,0.));
#5542 = ADVANCED_FACE('',(#5543),#5554,.T.);
#5543 = FACE_BOUND('',#5544,.T.);
#5544 = EDGE_LOOP('',(#5545,#5546,#5547,#5553));
#5545 = ORIENTED_EDGE('',*,*,#5514,.T.);
#5546 = ORIENTED_EDGE('',*,*,#3954,.T.);
#5547 = ORIENTED_EDGE('',*,*,#5548,.F.);
#5548 = EDGE_CURVE('',#2283,#3947,#5549,.T.);
#5549 = LINE('',#5550,#5551);
#5550 = CARTESIAN_POINT('',(178.6,-76.4,0.));
#5551 = VECTOR('',#5552,1.);
#5552 = DIRECTION('',(0.,0.,1.));
#5553 = ORIENTED_EDGE('',*,*,#2290,.F.);
#5554 = PLANE('',#5555);
#5555 = AXIS2_PLACEMENT_3D('',#5556,#5557,#5558);
#5556 = CARTESIAN_POINT('',(178.6,-31.6,0.));
#5557 = DIRECTION('',(1.,0.,-0.));
#5558 = DIRECTION('',(0.,-1.,0.));
#5559 = ADVANCED_FACE('',(#5560),#5571,.T.);
#5560 = FACE_BOUND('',#5561,.T.);
#5561 = EDGE_LOOP('',(#5562,#5568,#5569,#5570));
#5562 = ORIENTED_EDGE('',*,*,#5563,.T.);
#5563 = EDGE_CURVE('',#2186,#3850,#5564,.T.);
#5564 = LINE('',#5565,#5566);
#5565 = CARTESIAN_POINT('',(75.,-29.25,0.));
#5566 = VECTOR('',#5567,1.);
#5567 = DIRECTION('',(0.,0.,1.));
#5568 = ORIENTED_EDGE('',*,*,#3849,.T.);
#5569 = ORIENTED_EDGE('',*,*,#5529,.F.);
#5570 = ORIENTED_EDGE('',*,*,#2185,.F.);
#5571 = PLANE('',#5572);
#5572 = AXIS2_PLACEMENT_3D('',#5573,#5574,#5575);
#5573 = CARTESIAN_POINT('',(75.,-29.25,0.));
#5574 = DIRECTION('',(0.,1.,0.));
#5575 = DIRECTION('',(1.,0.,0.));
#5576 = ADVANCED_FACE('',(#5577),#5588,.T.);
#5577 = FACE_BOUND('',#5578,.T.);
#5578 = EDGE_LOOP('',(#5579,#5580,#5581,#5587));
#5579 = ORIENTED_EDGE('',*,*,#5548,.T.);
#5580 = ORIENTED_EDGE('',*,*,#3946,.T.);
#5581 = ORIENTED_EDGE('',*,*,#5582,.F.);
#5582 = EDGE_CURVE('',#2275,#3939,#5583,.T.);
#5583 = LINE('',#5584,#5585);
#5584 = CARTESIAN_POINT('',(165.,-76.4,0.));
#5585 = VECTOR('',#5586,1.);
#5586 = DIRECTION('',(0.,0.,1.));
#5587 = ORIENTED_EDGE('',*,*,#2282,.F.);
#5588 = PLANE('',#5589);
#5589 = AXIS2_PLACEMENT_3D('',#5590,#5591,#5592);
#5590 = CARTESIAN_POINT('',(178.6,-76.4,0.));
#5591 = DIRECTION('',(0.,-1.,0.));
#5592 = DIRECTION('',(-1.,0.,0.));
#5593 = ADVANCED_FACE('',(#5594),#5605,.T.);
#5594 = FACE_BOUND('',#5595,.T.);
#5595 = EDGE_LOOP('',(#5596,#5602,#5603,#5604));
#5596 = ORIENTED_EDGE('',*,*,#5597,.T.);
#5597 = EDGE_CURVE('',#2194,#3858,#5598,.T.);
#5598 = LINE('',#5599,#5600);
#5599 = CARTESIAN_POINT('',(75.,-38.5,0.));
#5600 = VECTOR('',#5601,1.);
#5601 = DIRECTION('',(0.,0.,1.));
#5602 = ORIENTED_EDGE('',*,*,#3857,.T.);
#5603 = ORIENTED_EDGE('',*,*,#5563,.F.);
#5604 = ORIENTED_EDGE('',*,*,#2193,.F.);
#5605 = PLANE('',#5606);
#5606 = AXIS2_PLACEMENT_3D('',#5607,#5608,#5609);
#5607 = CARTESIAN_POINT('',(75.,-38.5,0.));
#5608 = DIRECTION('',(-1.,0.,0.));
#5609 = DIRECTION('',(0.,1.,0.));
#5610 = ADVANCED_FACE('',(#5611),#5622,.T.);
#5611 = FACE_BOUND('',#5612,.T.);
#5612 = EDGE_LOOP('',(#5613,#5614,#5615,#5621));
#5613 = ORIENTED_EDGE('',*,*,#5582,.T.);
#5614 = ORIENTED_EDGE('',*,*,#3938,.T.);
#5615 = ORIENTED_EDGE('',*,*,#5616,.F.);
#5616 = EDGE_CURVE('',#2267,#3931,#5617,.T.);
#5617 = LINE('',#5618,#5619);
#5618 = CARTESIAN_POINT('',(159.044113,-81.850189,0.));
#5619 = VECTOR('',#5620,1.);
#5620 = DIRECTION('',(0.,0.,1.));
#5621 = ORIENTED_EDGE('',*,*,#2274,.F.);
#5622 = PLANE('',#5623);
#5623 = AXIS2_PLACEMENT_3D('',#5624,#5625,#5626);
#5624 = CARTESIAN_POINT('',(165.,-76.4,0.));
#5625 = DIRECTION('',(0.675093426925,-0.737732244736,0.));
#5626 = DIRECTION('',(-0.737732244736,-0.675093426925,0.));
#5627 = ADVANCED_FACE('',(#5628),#5639,.T.);
#5628 = FACE_BOUND('',#5629,.T.);
#5629 = EDGE_LOOP('',(#5630,#5636,#5637,#5638));
#5630 = ORIENTED_EDGE('',*,*,#5631,.T.);
#5631 = EDGE_CURVE('',#2202,#3866,#5632,.T.);
#5632 = LINE('',#5633,#5634);
#5633 = CARTESIAN_POINT('',(56.25,-38.5,0.));
#5634 = VECTOR('',#5635,1.);
#5635 = DIRECTION('',(0.,0.,1.));
#5636 = ORIENTED_EDGE('',*,*,#3865,.T.);
#5637 = ORIENTED_EDGE('',*,*,#5597,.F.);
#5638 = ORIENTED_EDGE('',*,*,#2201,.F.);
#5639 = PLANE('',#5640);
#5640 = AXIS2_PLACEMENT_3D('',#5641,#5642,#5643);
#5641 = CARTESIAN_POINT('',(56.25,-38.5,0.));
#5642 = DIRECTION('',(0.,1.,0.));
#5643 = DIRECTION('',(1.,0.,0.));
#5644 = ADVANCED_FACE('',(#5645),#5656,.T.);
#5645 = FACE_BOUND('',#5646,.T.);
#5646 = EDGE_LOOP('',(#5647,#5648,#5649,#5655));
#5647 = ORIENTED_EDGE('',*,*,#5616,.T.);
#5648 = ORIENTED_EDGE('',*,*,#3930,.T.);
#5649 = ORIENTED_EDGE('',*,*,#5650,.F.);
#5650 = EDGE_CURVE('',#2258,#3922,#5651,.T.);
#5651 = LINE('',#5652,#5653);
#5652 = CARTESIAN_POINT('',(159.035887,-103.435887,0.));
#5653 = VECTOR('',#5654,1.);
#5654 = DIRECTION('',(0.,0.,1.));
#5655 = ORIENTED_EDGE('',*,*,#2266,.F.);
#5656 = PLANE('',#5657);
#5657 = AXIS2_PLACEMENT_3D('',#5658,#5659,#5660);
#5658 = CARTESIAN_POINT('',(159.044113,-81.850189,0.));
#5659 = DIRECTION('',(0.999999927387,-3.810856337697E-04,0.));
#5660 = DIRECTION('',(-3.810856337697E-04,-0.999999927387,0.));
#5661 = ADVANCED_FACE('',(#5662),#5673,.T.);
#5662 = FACE_BOUND('',#5663,.T.);
#5663 = EDGE_LOOP('',(#5664,#5670,#5671,#5672));
#5664 = ORIENTED_EDGE('',*,*,#5665,.T.);
#5665 = EDGE_CURVE('',#2210,#3874,#5666,.T.);
#5666 = LINE('',#5667,#5668);
#5667 = CARTESIAN_POINT('',(56.2,-42.8,0.));
#5668 = VECTOR('',#5669,1.);
#5669 = DIRECTION('',(0.,0.,1.));
#5670 = ORIENTED_EDGE('',*,*,#3873,.T.);
#5671 = ORIENTED_EDGE('',*,*,#5631,.F.);
#5672 = ORIENTED_EDGE('',*,*,#2209,.F.);
#5673 = PLANE('',#5674);
#5674 = AXIS2_PLACEMENT_3D('',#5675,#5676,#5677);
#5675 = CARTESIAN_POINT('',(56.2,-42.8,0.));
#5676 = DIRECTION('',(-0.999932402744,1.162712096214E-02,0.));
#5677 = DIRECTION('',(1.162712096214E-02,0.999932402744,0.));
#5678 = ADVANCED_FACE('',(#5679),#5690,.T.);
#5679 = FACE_BOUND('',#5680,.T.);
#5680 = EDGE_LOOP('',(#5681,#5682,#5683,#5689));
#5681 = ORIENTED_EDGE('',*,*,#5650,.T.);
#5682 = ORIENTED_EDGE('',*,*,#3921,.T.);
#5683 = ORIENTED_EDGE('',*,*,#5684,.F.);
#5684 = EDGE_CURVE('',#2250,#3914,#5685,.T.);
#5685 = LINE('',#5686,#5687);
#5686 = CARTESIAN_POINT('',(154.225887,-108.245887,0.));
#5687 = VECTOR('',#5688,1.);
#5688 = DIRECTION('',(0.,0.,1.));
#5689 = ORIENTED_EDGE('',*,*,#2257,.F.);
#5690 = CYLINDRICAL_SURFACE('',#5691,4.809998694089);
#5691 = AXIS2_PLACEMENT_3D('',#5692,#5693,#5694);
#5692 = CARTESIAN_POINT('',(154.22588830591,-103.4358883059,0.));
#5693 = DIRECTION('',(0.,0.,-1.));
#5694 = DIRECTION('',(1.,2.714993157422E-07,0.));
#5695 = ADVANCED_FACE('',(#5696),#5707,.T.);
#5696 = FACE_BOUND('',#5697,.T.);
#5697 = EDGE_LOOP('',(#5698,#5704,#5705,#5706));
#5698 = ORIENTED_EDGE('',*,*,#5699,.T.);
#5699 = EDGE_CURVE('',#2218,#3882,#5700,.T.);
#5700 = LINE('',#5701,#5702);
#5701 = CARTESIAN_POINT('',(38.1,-42.8625,0.));
#5702 = VECTOR('',#5703,1.);
#5703 = DIRECTION('',(0.,0.,1.));
#5704 = ORIENTED_EDGE('',*,*,#3881,.T.);
#5705 = ORIENTED_EDGE('',*,*,#5665,.F.);
#5706 = ORIENTED_EDGE('',*,*,#2217,.F.);
#5707 = PLANE('',#5708);
#5708 = AXIS2_PLACEMENT_3D('',#5709,#5710,#5711);
#5709 = CARTESIAN_POINT('',(38.1,-42.8625,0.));
#5710 = DIRECTION('',(-3.453018088105E-03,0.999994038315,0.));
#5711 = DIRECTION('',(0.999994038315,3.453018088105E-03,0.));
#5712 = ADVANCED_FACE('',(#5713),#5724,.T.);
#5713 = FACE_BOUND('',#5714,.T.);
#5714 = EDGE_LOOP('',(#5715,#5716,#5717,#5723));
#5715 = ORIENTED_EDGE('',*,*,#5684,.T.);
#5716 = ORIENTED_EDGE('',*,*,#3913,.T.);
#5717 = ORIENTED_EDGE('',*,*,#5718,.F.);
#5718 = EDGE_CURVE('',#2242,#3906,#5719,.T.);
#5719 = LINE('',#5720,#5721);
#5720 = CARTESIAN_POINT('',(96.25,-108.2,0.));
#5721 = VECTOR('',#5722,1.);
#5722 = DIRECTION('',(0.,0.,1.));
#5723 = ORIENTED_EDGE('',*,*,#2249,.F.);
#5724 = PLANE('',#5725);
#5725 = AXIS2_PLACEMENT_3D('',#5726,#5727,#5728);
#5726 = CARTESIAN_POINT('',(154.225887,-108.245887,0.));
#5727 = DIRECTION('',(-7.914839772457E-04,-0.999999686777,0.));
#5728 = DIRECTION('',(-0.999999686777,7.914839772457E-04,0.));
#5729 = ADVANCED_FACE('',(#5730),#5741,.T.);
#5730 = FACE_BOUND('',#5731,.T.);
#5731 = EDGE_LOOP('',(#5732,#5738,#5739,#5740));
#5732 = ORIENTED_EDGE('',*,*,#5733,.T.);
#5733 = EDGE_CURVE('',#2226,#3890,#5734,.T.);
#5734 = LINE('',#5735,#5736);
#5735 = CARTESIAN_POINT('',(38.1,-100.0125,0.));
#5736 = VECTOR('',#5737,1.);
#5737 = DIRECTION('',(0.,0.,1.));
#5738 = ORIENTED_EDGE('',*,*,#3889,.T.);
#5739 = ORIENTED_EDGE('',*,*,#5699,.F.);
#5740 = ORIENTED_EDGE('',*,*,#2225,.F.);
#5741 = PLANE('',#5742);
#5742 = AXIS2_PLACEMENT_3D('',#5743,#5744,#5745);
#5743 = CARTESIAN_POINT('',(38.1,-100.0125,0.));
#5744 = DIRECTION('',(-1.,0.,0.));
#5745 = DIRECTION('',(0.,1.,0.));
#5746 = ADVANCED_FACE('',(#5747),#5758,.T.);
#5747 = FACE_BOUND('',#5748,.T.);
#5748 = EDGE_LOOP('',(#5749,#5750,#5751,#5757));
#5749 = ORIENTED_EDGE('',*,*,#5718,.T.);
#5750 = ORIENTED_EDGE('',*,*,#3905,.T.);
#5751 = ORIENTED_EDGE('',*,*,#5752,.F.);
#5752 = EDGE_CURVE('',#2234,#3898,#5753,.T.);
#5753 = LINE('',#5754,#5755);
#5754 = CARTESIAN_POINT('',(89.5,-100.01444,0.));
#5755 = VECTOR('',#5756,1.);
#5756 = DIRECTION('',(0.,0.,1.));
#5757 = ORIENTED_EDGE('',*,*,#2241,.F.);
#5758 = PLANE('',#5759);
#5759 = AXIS2_PLACEMENT_3D('',#5760,#5761,#5762);
#5760 = CARTESIAN_POINT('',(96.25,-108.2,0.));
#5761 = DIRECTION('',(-0.771516088097,-0.636209812725,0.));
#5762 = DIRECTION('',(-0.636209812725,0.771516088097,0.));
#5763 = ADVANCED_FACE('',(#5764),#5770,.T.);
#5764 = FACE_BOUND('',#5765,.T.);
#5765 = EDGE_LOOP('',(#5766,#5767,#5768,#5769));
#5766 = ORIENTED_EDGE('',*,*,#5752,.T.);
#5767 = ORIENTED_EDGE('',*,*,#3897,.T.);
#5768 = ORIENTED_EDGE('',*,*,#5733,.F.);
#5769 = ORIENTED_EDGE('',*,*,#2233,.F.);
#5770 = PLANE('',#5771);
#5771 = AXIS2_PLACEMENT_3D('',#5772,#5773,#5774);
#5772 = CARTESIAN_POINT('',(89.5,-100.01444,0.));
#5773 = DIRECTION('',(-3.774319063441E-05,-0.999999999288,0.));
#5774 = DIRECTION('',(-0.999999999288,3.774319063441E-05,0.));
#5775 = ADVANCED_FACE('',(#5776),#5787,.F.);
#5776 = FACE_BOUND('',#5777,.T.);
#5777 = EDGE_LOOP('',(#5778,#5779,#5785,#5786));
#5778 = ORIENTED_EDGE('',*,*,#2307,.T.);
#5779 = ORIENTED_EDGE('',*,*,#5780,.T.);
#5780 = EDGE_CURVE('',#2308,#3972,#5781,.T.);
#5781 = LINE('',#5782,#5783);
#5782 = CARTESIAN_POINT('',(42.125,-91.4375,-4.5E-02));
#5783 = VECTOR('',#5784,1.);
#5784 = DIRECTION('',(0.,0.,1.));
#5785 = ORIENTED_EDGE('',*,*,#3971,.F.);
#5786 = ORIENTED_EDGE('',*,*,#5780,.F.);
#5787 = CYLINDRICAL_SURFACE('',#5788,0.95);
#5788 = AXIS2_PLACEMENT_3D('',#5789,#5790,#5791);
#5789 = CARTESIAN_POINT('',(42.125,-90.4875,-4.5E-02));
#5790 = DIRECTION('',(-0.,-0.,-1.));
#5791 = DIRECTION('',(-0.,-1.,0.));
#5792 = ADVANCED_FACE('',(#5793),#5804,.F.);
#5793 = FACE_BOUND('',#5794,.T.);
#5794 = EDGE_LOOP('',(#5795,#5796,#5802,#5803));
#5795 = ORIENTED_EDGE('',*,*,#2318,.T.);
#5796 = ORIENTED_EDGE('',*,*,#5797,.T.);
#5797 = EDGE_CURVE('',#2319,#3983,#5798,.T.);
#5798 = LINE('',#5799,#5800);
#5799 = CARTESIAN_POINT('',(47.625,-92.2125,-4.5E-02));
#5800 = VECTOR('',#5801,1.);
#5801 = DIRECTION('',(0.,0.,1.));
#5802 = ORIENTED_EDGE('',*,*,#3982,.F.);
#5803 = ORIENTED_EDGE('',*,*,#5797,.F.);
#5804 = CYLINDRICAL_SURFACE('',#5805,1.725);
#5805 = AXIS2_PLACEMENT_3D('',#5806,#5807,#5808);
#5806 = CARTESIAN_POINT('',(47.625,-90.4875,-4.5E-02));
#5807 = DIRECTION('',(-0.,-0.,-1.));
#5808 = DIRECTION('',(-0.,-1.,0.));
#5809 = ADVANCED_FACE('',(#5810),#5821,.F.);
#5810 = FACE_BOUND('',#5811,.T.);
#5811 = EDGE_LOOP('',(#5812,#5813,#5819,#5820));
#5812 = ORIENTED_EDGE('',*,*,#2329,.T.);
#5813 = ORIENTED_EDGE('',*,*,#5814,.T.);
#5814 = EDGE_CURVE('',#2330,#3994,#5815,.T.);
#5815 = LINE('',#5816,#5817);
#5816 = CARTESIAN_POINT('',(53.125,-91.4375,-4.5E-02));
#5817 = VECTOR('',#5818,1.);
#5818 = DIRECTION('',(0.,0.,1.));
#5819 = ORIENTED_EDGE('',*,*,#3993,.F.);
#5820 = ORIENTED_EDGE('',*,*,#5814,.F.);
#5821 = CYLINDRICAL_SURFACE('',#5822,0.95);
#5822 = AXIS2_PLACEMENT_3D('',#5823,#5824,#5825);
#5823 = CARTESIAN_POINT('',(53.125,-90.4875,-4.5E-02));
#5824 = DIRECTION('',(-0.,-0.,-1.));
#5825 = DIRECTION('',(-0.,-1.,0.));
#5826 = ADVANCED_FACE('',(#5827),#5838,.F.);
#5827 = FACE_BOUND('',#5828,.T.);
#5828 = EDGE_LOOP('',(#5829,#5830,#5836,#5837));
#5829 = ORIENTED_EDGE('',*,*,#2340,.T.);
#5830 = ORIENTED_EDGE('',*,*,#5831,.T.);
#5831 = EDGE_CURVE('',#2341,#4005,#5832,.T.);
#5832 = LINE('',#5833,#5834);
#5833 = CARTESIAN_POINT('',(52.625,-88.2125,-4.5E-02));
#5834 = VECTOR('',#5835,1.);
#5835 = DIRECTION('',(0.,0.,1.));
#5836 = ORIENTED_EDGE('',*,*,#4004,.F.);
#5837 = ORIENTED_EDGE('',*,*,#5831,.F.);
#5838 = CYLINDRICAL_SURFACE('',#5839,1.525);
#5839 = AXIS2_PLACEMENT_3D('',#5840,#5841,#5842);
#5840 = CARTESIAN_POINT('',(52.625,-86.6875,-4.5E-02));
#5841 = DIRECTION('',(-0.,-0.,-1.));
#5842 = DIRECTION('',(-0.,-1.,0.));
#5843 = ADVANCED_FACE('',(#5844),#5855,.F.);
#5844 = FACE_BOUND('',#5845,.T.);
#5845 = EDGE_LOOP('',(#5846,#5847,#5853,#5854));
#5846 = ORIENTED_EDGE('',*,*,#2351,.T.);
#5847 = ORIENTED_EDGE('',*,*,#5848,.T.);
#5848 = EDGE_CURVE('',#2352,#4016,#5849,.T.);
#5849 = LINE('',#5850,#5851);
#5850 = CARTESIAN_POINT('',(47.625,-86.1125,-4.5E-02));
#5851 = VECTOR('',#5852,1.);
#5852 = DIRECTION('',(0.,0.,1.));
#5853 = ORIENTED_EDGE('',*,*,#4015,.F.);
#5854 = ORIENTED_EDGE('',*,*,#5848,.F.);
#5855 = CYLINDRICAL_SURFACE('',#5856,1.525);
#5856 = AXIS2_PLACEMENT_3D('',#5857,#5858,#5859);
#5857 = CARTESIAN_POINT('',(47.625,-84.5875,-4.5E-02));
#5858 = DIRECTION('',(-0.,-0.,-1.));
#5859 = DIRECTION('',(-0.,-1.,0.));
#5860 = ADVANCED_FACE('',(#5861),#5872,.F.);
#5861 = FACE_BOUND('',#5862,.T.);
#5862 = EDGE_LOOP('',(#5863,#5864,#5870,#5871));
#5863 = ORIENTED_EDGE('',*,*,#2362,.T.);
#5864 = ORIENTED_EDGE('',*,*,#5865,.T.);
#5865 = EDGE_CURVE('',#2363,#4027,#5866,.T.);
#5866 = LINE('',#5867,#5868);
#5867 = CARTESIAN_POINT('',(61.175,-86.675,-4.5E-02));
#5868 = VECTOR('',#5869,1.);
#5869 = DIRECTION('',(0.,0.,1.));
#5870 = ORIENTED_EDGE('',*,*,#4026,.F.);
#5871 = ORIENTED_EDGE('',*,*,#5865,.F.);
#5872 = CYLINDRICAL_SURFACE('',#5873,0.95);
#5873 = AXIS2_PLACEMENT_3D('',#5874,#5875,#5876);
#5874 = CARTESIAN_POINT('',(61.175,-85.725,-4.5E-02));
#5875 = DIRECTION('',(-0.,-0.,-1.));
#5876 = DIRECTION('',(-0.,-1.,0.));
#5877 = ADVANCED_FACE('',(#5878),#5889,.F.);
#5878 = FACE_BOUND('',#5879,.T.);
#5879 = EDGE_LOOP('',(#5880,#5881,#5887,#5888));
#5880 = ORIENTED_EDGE('',*,*,#2373,.T.);
#5881 = ORIENTED_EDGE('',*,*,#5882,.T.);
#5882 = EDGE_CURVE('',#2374,#4038,#5883,.T.);
#5883 = LINE('',#5884,#5885);
#5884 = CARTESIAN_POINT('',(66.675,-87.45,-4.5E-02));
#5885 = VECTOR('',#5886,1.);
#5886 = DIRECTION('',(0.,0.,1.));
#5887 = ORIENTED_EDGE('',*,*,#4037,.F.);
#5888 = ORIENTED_EDGE('',*,*,#5882,.F.);
#5889 = CYLINDRICAL_SURFACE('',#5890,1.725);
#5890 = AXIS2_PLACEMENT_3D('',#5891,#5892,#5893);
#5891 = CARTESIAN_POINT('',(66.675,-85.725,-4.5E-02));
#5892 = DIRECTION('',(-0.,-0.,-1.));
#5893 = DIRECTION('',(-8.238176646494E-15,-1.,0.));
#5894 = ADVANCED_FACE('',(#5895),#5906,.F.);
#5895 = FACE_BOUND('',#5896,.T.);
#5896 = EDGE_LOOP('',(#5897,#5898,#5904,#5905));
#5897 = ORIENTED_EDGE('',*,*,#2384,.T.);
#5898 = ORIENTED_EDGE('',*,*,#5899,.T.);
#5899 = EDGE_CURVE('',#2385,#4049,#5900,.T.);
#5900 = LINE('',#5901,#5902);
#5901 = CARTESIAN_POINT('',(72.175,-86.675,-4.5E-02));
#5902 = VECTOR('',#5903,1.);
#5903 = DIRECTION('',(0.,0.,1.));
#5904 = ORIENTED_EDGE('',*,*,#4048,.F.);
#5905 = ORIENTED_EDGE('',*,*,#5899,.F.);
#5906 = CYLINDRICAL_SURFACE('',#5907,0.95);
#5907 = AXIS2_PLACEMENT_3D('',#5908,#5909,#5910);
#5908 = CARTESIAN_POINT('',(72.175,-85.725,-4.5E-02));
#5909 = DIRECTION('',(-0.,-0.,-1.));
#5910 = DIRECTION('',(-0.,-1.,0.));
#5911 = ADVANCED_FACE('',(#5912),#5923,.F.);
#5912 = FACE_BOUND('',#5913,.T.);
#5913 = EDGE_LOOP('',(#5914,#5915,#5921,#5922));
#5914 = ORIENTED_EDGE('',*,*,#2395,.T.);
#5915 = ORIENTED_EDGE('',*,*,#5916,.T.);
#5916 = EDGE_CURVE('',#2396,#4060,#5917,.T.);
#5917 = LINE('',#5918,#5919);
#5918 = CARTESIAN_POINT('',(71.675,-83.45,-4.5E-02));
#5919 = VECTOR('',#5920,1.);
#5920 = DIRECTION('',(0.,0.,1.));
#5921 = ORIENTED_EDGE('',*,*,#4059,.F.);
#5922 = ORIENTED_EDGE('',*,*,#5916,.F.);
#5923 = CYLINDRICAL_SURFACE('',#5924,1.525);
#5924 = AXIS2_PLACEMENT_3D('',#5925,#5926,#5927);
#5925 = CARTESIAN_POINT('',(71.675,-81.925,-4.5E-02));
#5926 = DIRECTION('',(-0.,-0.,-1.));
#5927 = DIRECTION('',(-9.31859325587E-15,-1.,0.));
#5928 = ADVANCED_FACE('',(#5929),#5940,.F.);
#5929 = FACE_BOUND('',#5930,.T.);
#5930 = EDGE_LOOP('',(#5931,#5932,#5938,#5939));
#5931 = ORIENTED_EDGE('',*,*,#2406,.T.);
#5932 = ORIENTED_EDGE('',*,*,#5933,.T.);
#5933 = EDGE_CURVE('',#2407,#4071,#5934,.T.);
#5934 = LINE('',#5935,#5936);
#5935 = CARTESIAN_POINT('',(99.275,-99.2125,-4.5E-02));
#5936 = VECTOR('',#5937,1.);
#5937 = DIRECTION('',(0.,0.,1.));
#5938 = ORIENTED_EDGE('',*,*,#4070,.F.);
#5939 = ORIENTED_EDGE('',*,*,#5933,.F.);
#5940 = CYLINDRICAL_SURFACE('',#5941,0.95);
#5941 = AXIS2_PLACEMENT_3D('',#5942,#5943,#5944);
#5942 = CARTESIAN_POINT('',(99.275,-98.2625,-4.5E-02));
#5943 = DIRECTION('',(-0.,-0.,-1.));
#5944 = DIRECTION('',(-0.,-1.,0.));
#5945 = ADVANCED_FACE('',(#5946),#5957,.F.);
#5946 = FACE_BOUND('',#5947,.T.);
#5947 = EDGE_LOOP('',(#5948,#5949,#5955,#5956));
#5948 = ORIENTED_EDGE('',*,*,#2417,.T.);
#5949 = ORIENTED_EDGE('',*,*,#5950,.T.);
#5950 = EDGE_CURVE('',#2418,#4082,#5951,.T.);
#5951 = LINE('',#5952,#5953);
#5952 = CARTESIAN_POINT('',(104.775,-99.9875,-4.5E-02));
#5953 = VECTOR('',#5954,1.);
#5954 = DIRECTION('',(0.,0.,1.));
#5955 = ORIENTED_EDGE('',*,*,#4081,.F.);
#5956 = ORIENTED_EDGE('',*,*,#5950,.F.);
#5957 = CYLINDRICAL_SURFACE('',#5958,1.725);
#5958 = AXIS2_PLACEMENT_3D('',#5959,#5960,#5961);
#5959 = CARTESIAN_POINT('',(104.775,-98.2625,-4.5E-02));
#5960 = DIRECTION('',(-0.,-0.,-1.));
#5961 = DIRECTION('',(-0.,-1.,0.));
#5962 = ADVANCED_FACE('',(#5963),#5974,.F.);
#5963 = FACE_BOUND('',#5964,.T.);
#5964 = EDGE_LOOP('',(#5965,#5971,#5972,#5973));
#5965 = ORIENTED_EDGE('',*,*,#5966,.T.);
#5966 = EDGE_CURVE('',#2429,#4093,#5967,.T.);
#5967 = LINE('',#5968,#5969);
#5968 = CARTESIAN_POINT('',(95.560775,-93.,0.));
#5969 = VECTOR('',#5970,1.);
#5970 = DIRECTION('',(0.,0.,1.));
#5971 = ORIENTED_EDGE('',*,*,#4092,.T.);
#5972 = ORIENTED_EDGE('',*,*,#5966,.F.);
#5973 = ORIENTED_EDGE('',*,*,#2428,.F.);
#5974 = CYLINDRICAL_SURFACE('',#5975,1.560775);
#5975 = AXIS2_PLACEMENT_3D('',#5976,#5977,#5978);
#5976 = CARTESIAN_POINT('',(94.,-93.,0.));
#5977 = DIRECTION('',(-0.,-0.,-1.));
#5978 = DIRECTION('',(1.,0.,-0.));
#5979 = ADVANCED_FACE('',(#5980),#5991,.F.);
#5980 = FACE_BOUND('',#5981,.T.);
#5981 = EDGE_LOOP('',(#5982,#5983,#5989,#5990));
#5982 = ORIENTED_EDGE('',*,*,#2439,.T.);
#5983 = ORIENTED_EDGE('',*,*,#5984,.T.);
#5984 = EDGE_CURVE('',#2440,#4104,#5985,.T.);
#5985 = LINE('',#5986,#5987);
#5986 = CARTESIAN_POINT('',(104.775,-93.8875,-4.5E-02));
#5987 = VECTOR('',#5988,1.);
#5988 = DIRECTION('',(0.,0.,1.));
#5989 = ORIENTED_EDGE('',*,*,#4103,.F.);
#5990 = ORIENTED_EDGE('',*,*,#5984,.F.);
#5991 = CYLINDRICAL_SURFACE('',#5992,1.525);
#5992 = AXIS2_PLACEMENT_3D('',#5993,#5994,#5995);
#5993 = CARTESIAN_POINT('',(104.775,-92.3625,-4.5E-02));
#5994 = DIRECTION('',(-0.,-0.,-1.));
#5995 = DIRECTION('',(-0.,-1.,0.));
#5996 = ADVANCED_FACE('',(#5997),#6008,.F.);
#5997 = FACE_BOUND('',#5998,.T.);
#5998 = EDGE_LOOP('',(#5999,#6000,#6006,#6007));
#5999 = ORIENTED_EDGE('',*,*,#2450,.T.);
#6000 = ORIENTED_EDGE('',*,*,#6001,.T.);
#6001 = EDGE_CURVE('',#2451,#4115,#6002,.T.);
#6002 = LINE('',#6003,#6004);
#6003 = CARTESIAN_POINT('',(66.675,-81.35,-4.5E-02));
#6004 = VECTOR('',#6005,1.);
#6005 = DIRECTION('',(0.,0.,1.));
#6006 = ORIENTED_EDGE('',*,*,#4114,.F.);
#6007 = ORIENTED_EDGE('',*,*,#6001,.F.);
#6008 = CYLINDRICAL_SURFACE('',#6009,1.525);
#6009 = AXIS2_PLACEMENT_3D('',#6010,#6011,#6012);
#6010 = CARTESIAN_POINT('',(66.675,-79.825,-4.5E-02));
#6011 = DIRECTION('',(-0.,-0.,-1.));
#6012 = DIRECTION('',(-9.31859325587E-15,-1.,0.));
#6013 = ADVANCED_FACE('',(#6014),#6025,.F.);
#6014 = FACE_BOUND('',#6015,.T.);
#6015 = EDGE_LOOP('',(#6016,#6017,#6023,#6024));
#6016 = ORIENTED_EDGE('',*,*,#2461,.T.);
#6017 = ORIENTED_EDGE('',*,*,#6018,.T.);
#6018 = EDGE_CURVE('',#2462,#4126,#6019,.T.);
#6019 = LINE('',#6020,#6021);
#6020 = CARTESIAN_POINT('',(42.125,-72.3875,-4.5E-02));
#6021 = VECTOR('',#6022,1.);
#6022 = DIRECTION('',(0.,0.,1.));
#6023 = ORIENTED_EDGE('',*,*,#4125,.F.);
#6024 = ORIENTED_EDGE('',*,*,#6018,.F.);
#6025 = CYLINDRICAL_SURFACE('',#6026,0.95);
#6026 = AXIS2_PLACEMENT_3D('',#6027,#6028,#6029);
#6027 = CARTESIAN_POINT('',(42.125,-71.4375,-4.5E-02));
#6028 = DIRECTION('',(-0.,-0.,-1.));
#6029 = DIRECTION('',(-0.,-1.,0.));
#6030 = ADVANCED_FACE('',(#6031),#6042,.F.);
#6031 = FACE_BOUND('',#6032,.T.);
#6032 = EDGE_LOOP('',(#6033,#6034,#6040,#6041));
#6033 = ORIENTED_EDGE('',*,*,#2472,.T.);
#6034 = ORIENTED_EDGE('',*,*,#6035,.T.);
#6035 = EDGE_CURVE('',#2473,#4137,#6036,.T.);
#6036 = LINE('',#6037,#6038);
#6037 = CARTESIAN_POINT('',(47.625,-73.1625,-4.5E-02));
#6038 = VECTOR('',#6039,1.);
#6039 = DIRECTION('',(0.,0.,1.));
#6040 = ORIENTED_EDGE('',*,*,#4136,.F.);
#6041 = ORIENTED_EDGE('',*,*,#6035,.F.);
#6042 = CYLINDRICAL_SURFACE('',#6043,1.725);
#6043 = AXIS2_PLACEMENT_3D('',#6044,#6045,#6046);
#6044 = CARTESIAN_POINT('',(47.625,-71.4375,-4.5E-02));
#6045 = DIRECTION('',(-0.,-0.,-1.));
#6046 = DIRECTION('',(-0.,-1.,0.));
#6047 = ADVANCED_FACE('',(#6048),#6059,.F.);
#6048 = FACE_BOUND('',#6049,.T.);
#6049 = EDGE_LOOP('',(#6050,#6051,#6057,#6058));
#6050 = ORIENTED_EDGE('',*,*,#2483,.T.);
#6051 = ORIENTED_EDGE('',*,*,#6052,.T.);
#6052 = EDGE_CURVE('',#2484,#4148,#6053,.T.);
#6053 = LINE('',#6054,#6055);
#6054 = CARTESIAN_POINT('',(53.125,-72.3875,-4.5E-02));
#6055 = VECTOR('',#6056,1.);
#6056 = DIRECTION('',(0.,0.,1.));
#6057 = ORIENTED_EDGE('',*,*,#4147,.F.);
#6058 = ORIENTED_EDGE('',*,*,#6052,.F.);
#6059 = CYLINDRICAL_SURFACE('',#6060,0.95);
#6060 = AXIS2_PLACEMENT_3D('',#6061,#6062,#6063);
#6061 = CARTESIAN_POINT('',(53.125,-71.4375,-4.5E-02));
#6062 = DIRECTION('',(-0.,-0.,-1.));
#6063 = DIRECTION('',(-0.,-1.,0.));
#6064 = ADVANCED_FACE('',(#6065),#6076,.F.);
#6065 = FACE_BOUND('',#6066,.T.);
#6066 = EDGE_LOOP('',(#6067,#6068,#6074,#6075));
#6067 = ORIENTED_EDGE('',*,*,#2494,.T.);
#6068 = ORIENTED_EDGE('',*,*,#6069,.T.);
#6069 = EDGE_CURVE('',#2495,#4159,#6070,.T.);
#6070 = LINE('',#6071,#6072);
#6071 = CARTESIAN_POINT('',(52.625,-69.1625,-4.5E-02));
#6072 = VECTOR('',#6073,1.);
#6073 = DIRECTION('',(0.,0.,1.));
#6074 = ORIENTED_EDGE('',*,*,#4158,.F.);
#6075 = ORIENTED_EDGE('',*,*,#6069,.F.);
#6076 = CYLINDRICAL_SURFACE('',#6077,1.525);
#6077 = AXIS2_PLACEMENT_3D('',#6078,#6079,#6080);
#6078 = CARTESIAN_POINT('',(52.625,-67.6375,-4.5E-02));
#6079 = DIRECTION('',(-0.,-0.,-1.));
#6080 = DIRECTION('',(-0.,-1.,0.));
#6081 = ADVANCED_FACE('',(#6082),#6093,.F.);
#6082 = FACE_BOUND('',#6083,.T.);
#6083 = EDGE_LOOP('',(#6084,#6085,#6091,#6092));
#6084 = ORIENTED_EDGE('',*,*,#2505,.T.);
#6085 = ORIENTED_EDGE('',*,*,#6086,.T.);
#6086 = EDGE_CURVE('',#2506,#4170,#6087,.T.);
#6087 = LINE('',#6088,#6089);
#6088 = CARTESIAN_POINT('',(47.625,-67.0625,-4.5E-02));
#6089 = VECTOR('',#6090,1.);
#6090 = DIRECTION('',(0.,0.,1.));
#6091 = ORIENTED_EDGE('',*,*,#4169,.F.);
#6092 = ORIENTED_EDGE('',*,*,#6086,.F.);
#6093 = CYLINDRICAL_SURFACE('',#6094,1.525);
#6094 = AXIS2_PLACEMENT_3D('',#6095,#6096,#6097);
#6095 = CARTESIAN_POINT('',(47.625,-65.5375,-4.5E-02));
#6096 = DIRECTION('',(-0.,-0.,-1.));
#6097 = DIRECTION('',(-0.,-1.,0.));
#6098 = ADVANCED_FACE('',(#6099),#6110,.F.);
#6099 = FACE_BOUND('',#6100,.T.);
#6100 = EDGE_LOOP('',(#6101,#6102,#6108,#6109));
#6101 = ORIENTED_EDGE('',*,*,#2516,.T.);
#6102 = ORIENTED_EDGE('',*,*,#6103,.T.);
#6103 = EDGE_CURVE('',#2517,#4181,#6104,.T.);
#6104 = LINE('',#6105,#6106);
#6105 = CARTESIAN_POINT('',(61.175,-67.625,-4.5E-02));
#6106 = VECTOR('',#6107,1.);
#6107 = DIRECTION('',(0.,0.,1.));
#6108 = ORIENTED_EDGE('',*,*,#4180,.F.);
#6109 = ORIENTED_EDGE('',*,*,#6103,.F.);
#6110 = CYLINDRICAL_SURFACE('',#6111,0.95);
#6111 = AXIS2_PLACEMENT_3D('',#6112,#6113,#6114);
#6112 = CARTESIAN_POINT('',(61.175,-66.675,-4.5E-02));
#6113 = DIRECTION('',(-0.,-0.,-1.));
#6114 = DIRECTION('',(-0.,-1.,0.));
#6115 = ADVANCED_FACE('',(#6116),#6127,.F.);
#6116 = FACE_BOUND('',#6117,.T.);
#6117 = EDGE_LOOP('',(#6118,#6119,#6125,#6126));
#6118 = ORIENTED_EDGE('',*,*,#2527,.T.);
#6119 = ORIENTED_EDGE('',*,*,#6120,.T.);
#6120 = EDGE_CURVE('',#2528,#4192,#6121,.T.);
#6121 = LINE('',#6122,#6123);
#6122 = CARTESIAN_POINT('',(66.675,-68.4,-4.5E-02));
#6123 = VECTOR('',#6124,1.);
#6124 = DIRECTION('',(0.,0.,1.));
#6125 = ORIENTED_EDGE('',*,*,#4191,.F.);
#6126 = ORIENTED_EDGE('',*,*,#6120,.F.);
#6127 = CYLINDRICAL_SURFACE('',#6128,1.725);
#6128 = AXIS2_PLACEMENT_3D('',#6129,#6130,#6131);
#6129 = CARTESIAN_POINT('',(66.675,-66.675,-4.5E-02));
#6130 = DIRECTION('',(-0.,-0.,-1.));
#6131 = DIRECTION('',(-8.238176646494E-15,-1.,0.));
#6132 = ADVANCED_FACE('',(#6133),#6144,.F.);
#6133 = FACE_BOUND('',#6134,.T.);
#6134 = EDGE_LOOP('',(#6135,#6136,#6142,#6143));
#6135 = ORIENTED_EDGE('',*,*,#2538,.T.);
#6136 = ORIENTED_EDGE('',*,*,#6137,.T.);
#6137 = EDGE_CURVE('',#2539,#4203,#6138,.T.);
#6138 = LINE('',#6139,#6140);
#6139 = CARTESIAN_POINT('',(72.175,-67.625,-4.5E-02));
#6140 = VECTOR('',#6141,1.);
#6141 = DIRECTION('',(0.,0.,1.));
#6142 = ORIENTED_EDGE('',*,*,#4202,.F.);
#6143 = ORIENTED_EDGE('',*,*,#6137,.F.);
#6144 = CYLINDRICAL_SURFACE('',#6145,0.95);
#6145 = AXIS2_PLACEMENT_3D('',#6146,#6147,#6148);
#6146 = CARTESIAN_POINT('',(72.175,-66.675,-4.5E-02));
#6147 = DIRECTION('',(-0.,-0.,-1.));
#6148 = DIRECTION('',(-0.,-1.,0.));
#6149 = ADVANCED_FACE('',(#6150),#6161,.F.);
#6150 = FACE_BOUND('',#6151,.T.);
#6151 = EDGE_LOOP('',(#6152,#6153,#6159,#6160));
#6152 = ORIENTED_EDGE('',*,*,#2549,.T.);
#6153 = ORIENTED_EDGE('',*,*,#6154,.T.);
#6154 = EDGE_CURVE('',#2550,#4214,#6155,.T.);
#6155 = LINE('',#6156,#6157);
#6156 = CARTESIAN_POINT('',(71.675,-64.4,-4.5E-02));
#6157 = VECTOR('',#6158,1.);
#6158 = DIRECTION('',(0.,0.,1.));
#6159 = ORIENTED_EDGE('',*,*,#4213,.F.);
#6160 = ORIENTED_EDGE('',*,*,#6154,.F.);
#6161 = CYLINDRICAL_SURFACE('',#6162,1.525);
#6162 = AXIS2_PLACEMENT_3D('',#6163,#6164,#6165);
#6163 = CARTESIAN_POINT('',(71.675,-62.875,-4.5E-02));
#6164 = DIRECTION('',(-0.,-0.,-1.));
#6165 = DIRECTION('',(-9.31859325587E-15,-1.,0.));
#6166 = ADVANCED_FACE('',(#6167),#6178,.F.);
#6167 = FACE_BOUND('',#6168,.T.);
#6168 = EDGE_LOOP('',(#6169,#6170,#6176,#6177));
#6169 = ORIENTED_EDGE('',*,*,#2560,.T.);
#6170 = ORIENTED_EDGE('',*,*,#6171,.T.);
#6171 = EDGE_CURVE('',#2561,#4225,#6172,.T.);
#6172 = LINE('',#6173,#6174);
#6173 = CARTESIAN_POINT('',(80.225,-78.2875,-4.5E-02));
#6174 = VECTOR('',#6175,1.);
#6175 = DIRECTION('',(0.,0.,1.));
#6176 = ORIENTED_EDGE('',*,*,#4224,.F.);
#6177 = ORIENTED_EDGE('',*,*,#6171,.F.);
#6178 = CYLINDRICAL_SURFACE('',#6179,0.95);
#6179 = AXIS2_PLACEMENT_3D('',#6180,#6181,#6182);
#6180 = CARTESIAN_POINT('',(80.225,-77.3375,-4.5E-02));
#6181 = DIRECTION('',(-0.,-0.,-1.));
#6182 = DIRECTION('',(-0.,-1.,0.));
#6183 = ADVANCED_FACE('',(#6184),#6195,.F.);
#6184 = FACE_BOUND('',#6185,.T.);
#6185 = EDGE_LOOP('',(#6186,#6187,#6193,#6194));
#6186 = ORIENTED_EDGE('',*,*,#2571,.T.);
#6187 = ORIENTED_EDGE('',*,*,#6188,.T.);
#6188 = EDGE_CURVE('',#2572,#4236,#6189,.T.);
#6189 = LINE('',#6190,#6191);
#6190 = CARTESIAN_POINT('',(85.725,-79.0625,-4.5E-02));
#6191 = VECTOR('',#6192,1.);
#6192 = DIRECTION('',(0.,0.,1.));
#6193 = ORIENTED_EDGE('',*,*,#4235,.F.);
#6194 = ORIENTED_EDGE('',*,*,#6188,.F.);
#6195 = CYLINDRICAL_SURFACE('',#6196,1.725);
#6196 = AXIS2_PLACEMENT_3D('',#6197,#6198,#6199);
#6197 = CARTESIAN_POINT('',(85.725,-77.3375,-4.5E-02));
#6198 = DIRECTION('',(-0.,-0.,-1.));
#6199 = DIRECTION('',(-0.,-1.,0.));
#6200 = ADVANCED_FACE('',(#6201),#6212,.F.);
#6201 = FACE_BOUND('',#6202,.T.);
#6202 = EDGE_LOOP('',(#6203,#6204,#6210,#6211));
#6203 = ORIENTED_EDGE('',*,*,#2582,.T.);
#6204 = ORIENTED_EDGE('',*,*,#6205,.T.);
#6205 = EDGE_CURVE('',#2583,#4247,#6206,.T.);
#6206 = LINE('',#6207,#6208);
#6207 = CARTESIAN_POINT('',(91.225,-78.2875,-4.5E-02));
#6208 = VECTOR('',#6209,1.);
#6209 = DIRECTION('',(0.,0.,1.));
#6210 = ORIENTED_EDGE('',*,*,#4246,.F.);
#6211 = ORIENTED_EDGE('',*,*,#6205,.F.);
#6212 = CYLINDRICAL_SURFACE('',#6213,0.95);
#6213 = AXIS2_PLACEMENT_3D('',#6214,#6215,#6216);
#6214 = CARTESIAN_POINT('',(91.225,-77.3375,-4.5E-02));
#6215 = DIRECTION('',(-0.,-0.,-1.));
#6216 = DIRECTION('',(-0.,-1.,0.));
#6217 = ADVANCED_FACE('',(#6218),#6229,.F.);
#6218 = FACE_BOUND('',#6219,.T.);
#6219 = EDGE_LOOP('',(#6220,#6221,#6227,#6228));
#6220 = ORIENTED_EDGE('',*,*,#2593,.T.);
#6221 = ORIENTED_EDGE('',*,*,#6222,.T.);
#6222 = EDGE_CURVE('',#2594,#4258,#6223,.T.);
#6223 = LINE('',#6224,#6225);
#6224 = CARTESIAN_POINT('',(90.725,-75.0625,-4.5E-02));
#6225 = VECTOR('',#6226,1.);
#6226 = DIRECTION('',(0.,0.,1.));
#6227 = ORIENTED_EDGE('',*,*,#4257,.F.);
#6228 = ORIENTED_EDGE('',*,*,#6222,.F.);
#6229 = CYLINDRICAL_SURFACE('',#6230,1.525);
#6230 = AXIS2_PLACEMENT_3D('',#6231,#6232,#6233);
#6231 = CARTESIAN_POINT('',(90.725,-73.5375,-4.5E-02));
#6232 = DIRECTION('',(-0.,-0.,-1.));
#6233 = DIRECTION('',(-0.,-1.,0.));
#6234 = ADVANCED_FACE('',(#6235),#6246,.F.);
#6235 = FACE_BOUND('',#6236,.T.);
#6236 = EDGE_LOOP('',(#6237,#6238,#6244,#6245));
#6237 = ORIENTED_EDGE('',*,*,#2604,.T.);
#6238 = ORIENTED_EDGE('',*,*,#6239,.T.);
#6239 = EDGE_CURVE('',#2605,#4269,#6240,.T.);
#6240 = LINE('',#6241,#6242);
#6241 = CARTESIAN_POINT('',(85.725,-72.9625,-4.5E-02));
#6242 = VECTOR('',#6243,1.);
#6243 = DIRECTION('',(0.,0.,1.));
#6244 = ORIENTED_EDGE('',*,*,#4268,.F.);
#6245 = ORIENTED_EDGE('',*,*,#6239,.F.);
#6246 = CYLINDRICAL_SURFACE('',#6247,1.525);
#6247 = AXIS2_PLACEMENT_3D('',#6248,#6249,#6250);
#6248 = CARTESIAN_POINT('',(85.725,-71.4375,-4.5E-02));
#6249 = DIRECTION('',(-0.,-0.,-1.));
#6250 = DIRECTION('',(-0.,-1.,0.));
#6251 = ADVANCED_FACE('',(#6252),#6263,.F.);
#6252 = FACE_BOUND('',#6253,.T.);
#6253 = EDGE_LOOP('',(#6254,#6255,#6261,#6262));
#6254 = ORIENTED_EDGE('',*,*,#2615,.T.);
#6255 = ORIENTED_EDGE('',*,*,#6256,.T.);
#6256 = EDGE_CURVE('',#2616,#4280,#6257,.T.);
#6257 = LINE('',#6258,#6259);
#6258 = CARTESIAN_POINT('',(99.275,-70.6375,-4.5E-02));
#6259 = VECTOR('',#6260,1.);
#6260 = DIRECTION('',(0.,0.,1.));
#6261 = ORIENTED_EDGE('',*,*,#4279,.F.);
#6262 = ORIENTED_EDGE('',*,*,#6256,.F.);
#6263 = CYLINDRICAL_SURFACE('',#6264,0.95);
#6264 = AXIS2_PLACEMENT_3D('',#6265,#6266,#6267);
#6265 = CARTESIAN_POINT('',(99.275,-69.6875,-4.5E-02));
#6266 = DIRECTION('',(-0.,-0.,-1.));
#6267 = DIRECTION('',(-0.,-1.,0.));
#6268 = ADVANCED_FACE('',(#6269),#6280,.F.);
#6269 = FACE_BOUND('',#6270,.T.);
#6270 = EDGE_LOOP('',(#6271,#6272,#6278,#6279));
#6271 = ORIENTED_EDGE('',*,*,#2626,.T.);
#6272 = ORIENTED_EDGE('',*,*,#6273,.T.);
#6273 = EDGE_CURVE('',#2627,#4291,#6274,.T.);
#6274 = LINE('',#6275,#6276);
#6275 = CARTESIAN_POINT('',(104.775,-71.4125,-4.5E-02));
#6276 = VECTOR('',#6277,1.);
#6277 = DIRECTION('',(0.,0.,1.));
#6278 = ORIENTED_EDGE('',*,*,#4290,.F.);
#6279 = ORIENTED_EDGE('',*,*,#6273,.F.);
#6280 = CYLINDRICAL_SURFACE('',#6281,1.725);
#6281 = AXIS2_PLACEMENT_3D('',#6282,#6283,#6284);
#6282 = CARTESIAN_POINT('',(104.775,-69.6875,-4.5E-02));
#6283 = DIRECTION('',(-0.,-0.,-1.));
#6284 = DIRECTION('',(-0.,-1.,0.));
#6285 = ADVANCED_FACE('',(#6286),#6297,.F.);
#6286 = FACE_BOUND('',#6287,.T.);
#6287 = EDGE_LOOP('',(#6288,#6289,#6295,#6296));
#6288 = ORIENTED_EDGE('',*,*,#2637,.T.);
#6289 = ORIENTED_EDGE('',*,*,#6290,.T.);
#6290 = EDGE_CURVE('',#2638,#4302,#6291,.T.);
#6291 = LINE('',#6292,#6293);
#6292 = CARTESIAN_POINT('',(104.775,-65.3125,-4.5E-02));
#6293 = VECTOR('',#6294,1.);
#6294 = DIRECTION('',(0.,0.,1.));
#6295 = ORIENTED_EDGE('',*,*,#4301,.F.);
#6296 = ORIENTED_EDGE('',*,*,#6290,.F.);
#6297 = CYLINDRICAL_SURFACE('',#6298,1.525);
#6298 = AXIS2_PLACEMENT_3D('',#6299,#6300,#6301);
#6299 = CARTESIAN_POINT('',(104.775,-63.7875,-4.5E-02));
#6300 = DIRECTION('',(-0.,-0.,-1.));
#6301 = DIRECTION('',(-0.,-1.,0.));
#6302 = ADVANCED_FACE('',(#6303),#6314,.F.);
#6303 = FACE_BOUND('',#6304,.T.);
#6304 = EDGE_LOOP('',(#6305,#6306,#6312,#6313));
#6305 = ORIENTED_EDGE('',*,*,#2648,.T.);
#6306 = ORIENTED_EDGE('',*,*,#6307,.T.);
#6307 = EDGE_CURVE('',#2649,#4313,#6308,.T.);
#6308 = LINE('',#6309,#6310);
#6309 = CARTESIAN_POINT('',(110.275,-99.2125,-4.5E-02));
#6310 = VECTOR('',#6311,1.);
#6311 = DIRECTION('',(0.,0.,1.));
#6312 = ORIENTED_EDGE('',*,*,#4312,.F.);
#6313 = ORIENTED_EDGE('',*,*,#6307,.F.);
#6314 = CYLINDRICAL_SURFACE('',#6315,0.95);
#6315 = AXIS2_PLACEMENT_3D('',#6316,#6317,#6318);
#6316 = CARTESIAN_POINT('',(110.275,-98.2625,-4.5E-02));
#6317 = DIRECTION('',(-0.,-0.,-1.));
#6318 = DIRECTION('',(-0.,-1.,0.));
#6319 = ADVANCED_FACE('',(#6320),#6331,.F.);
#6320 = FACE_BOUND('',#6321,.T.);
#6321 = EDGE_LOOP('',(#6322,#6323,#6329,#6330));
#6322 = ORIENTED_EDGE('',*,*,#2659,.T.);
#6323 = ORIENTED_EDGE('',*,*,#6324,.T.);
#6324 = EDGE_CURVE('',#2660,#4324,#6325,.T.);
#6325 = LINE('',#6326,#6327);
#6326 = CARTESIAN_POINT('',(118.325,-99.2125,-4.5E-02));
#6327 = VECTOR('',#6328,1.);
#6328 = DIRECTION('',(0.,0.,1.));
#6329 = ORIENTED_EDGE('',*,*,#4323,.F.);
#6330 = ORIENTED_EDGE('',*,*,#6324,.F.);
#6331 = CYLINDRICAL_SURFACE('',#6332,0.95);
#6332 = AXIS2_PLACEMENT_3D('',#6333,#6334,#6335);
#6333 = CARTESIAN_POINT('',(118.325,-98.2625,-4.5E-02));
#6334 = DIRECTION('',(-0.,-0.,-1.));
#6335 = DIRECTION('',(-0.,-1.,0.));
#6336 = ADVANCED_FACE('',(#6337),#6348,.F.);
#6337 = FACE_BOUND('',#6338,.T.);
#6338 = EDGE_LOOP('',(#6339,#6340,#6346,#6347));
#6339 = ORIENTED_EDGE('',*,*,#2670,.T.);
#6340 = ORIENTED_EDGE('',*,*,#6341,.T.);
#6341 = EDGE_CURVE('',#2671,#4335,#6342,.T.);
#6342 = LINE('',#6343,#6344);
#6343 = CARTESIAN_POINT('',(123.825,-99.9875,-4.5E-02));
#6344 = VECTOR('',#6345,1.);
#6345 = DIRECTION('',(0.,0.,1.));
#6346 = ORIENTED_EDGE('',*,*,#4334,.F.);
#6347 = ORIENTED_EDGE('',*,*,#6341,.F.);
#6348 = CYLINDRICAL_SURFACE('',#6349,1.725);
#6349 = AXIS2_PLACEMENT_3D('',#6350,#6351,#6352);
#6350 = CARTESIAN_POINT('',(123.825,-98.2625,-4.5E-02));
#6351 = DIRECTION('',(-0.,0.,-1.));
#6352 = DIRECTION('',(8.238176646494E-15,-1.,-0.));
#6353 = ADVANCED_FACE('',(#6354),#6365,.F.);
#6354 = FACE_BOUND('',#6355,.T.);
#6355 = EDGE_LOOP('',(#6356,#6357,#6363,#6364));
#6356 = ORIENTED_EDGE('',*,*,#2681,.T.);
#6357 = ORIENTED_EDGE('',*,*,#6358,.T.);
#6358 = EDGE_CURVE('',#2682,#4346,#6359,.T.);
#6359 = LINE('',#6360,#6361);
#6360 = CARTESIAN_POINT('',(109.775,-95.9875,-4.5E-02));
#6361 = VECTOR('',#6362,1.);
#6362 = DIRECTION('',(0.,0.,1.));
#6363 = ORIENTED_EDGE('',*,*,#4345,.F.);
#6364 = ORIENTED_EDGE('',*,*,#6358,.F.);
#6365 = CYLINDRICAL_SURFACE('',#6366,1.525);
#6366 = AXIS2_PLACEMENT_3D('',#6367,#6368,#6369);
#6367 = CARTESIAN_POINT('',(109.775,-94.4625,-4.5E-02));
#6368 = DIRECTION('',(-0.,-0.,-1.));
#6369 = DIRECTION('',(-0.,-1.,0.));
#6370 = ADVANCED_FACE('',(#6371),#6382,.F.);
#6371 = FACE_BOUND('',#6372,.T.);
#6372 = EDGE_LOOP('',(#6373,#6374,#6380,#6381));
#6373 = ORIENTED_EDGE('',*,*,#2692,.T.);
#6374 = ORIENTED_EDGE('',*,*,#6375,.T.);
#6375 = EDGE_CURVE('',#2693,#4357,#6376,.T.);
#6376 = LINE('',#6377,#6378);
#6377 = CARTESIAN_POINT('',(123.825,-93.8875,-4.5E-02));
#6378 = VECTOR('',#6379,1.);
#6379 = DIRECTION('',(0.,0.,1.));
#6380 = ORIENTED_EDGE('',*,*,#4356,.F.);
#6381 = ORIENTED_EDGE('',*,*,#6375,.F.);
#6382 = CYLINDRICAL_SURFACE('',#6383,1.525);
#6383 = AXIS2_PLACEMENT_3D('',#6384,#6385,#6386);
#6384 = CARTESIAN_POINT('',(123.825,-92.3625,-4.5E-02));
#6385 = DIRECTION('',(-0.,0.,-1.));
#6386 = DIRECTION('',(9.31859325587E-15,-1.,-0.));
#6387 = ADVANCED_FACE('',(#6388),#6399,.F.);
#6388 = FACE_BOUND('',#6389,.T.);
#6389 = EDGE_LOOP('',(#6390,#6391,#6397,#6398));
#6390 = ORIENTED_EDGE('',*,*,#2703,.T.);
#6391 = ORIENTED_EDGE('',*,*,#6392,.T.);
#6392 = EDGE_CURVE('',#2704,#4368,#6393,.T.);
#6393 = LINE('',#6394,#6395);
#6394 = CARTESIAN_POINT('',(129.325,-99.2125,-4.5E-02));
#6395 = VECTOR('',#6396,1.);
#6396 = DIRECTION('',(0.,0.,1.));
#6397 = ORIENTED_EDGE('',*,*,#4367,.F.);
#6398 = ORIENTED_EDGE('',*,*,#6392,.F.);
#6399 = CYLINDRICAL_SURFACE('',#6400,0.95);
#6400 = AXIS2_PLACEMENT_3D('',#6401,#6402,#6403);
#6401 = CARTESIAN_POINT('',(129.325,-98.2625,-4.5E-02));
#6402 = DIRECTION('',(-0.,-0.,-1.));
#6403 = DIRECTION('',(-0.,-1.,0.));
#6404 = ADVANCED_FACE('',(#6405),#6416,.F.);
#6405 = FACE_BOUND('',#6406,.T.);
#6406 = EDGE_LOOP('',(#6407,#6408,#6414,#6415));
#6407 = ORIENTED_EDGE('',*,*,#2714,.T.);
#6408 = ORIENTED_EDGE('',*,*,#6409,.T.);
#6409 = EDGE_CURVE('',#2715,#4379,#6410,.T.);
#6410 = LINE('',#6411,#6412);
#6411 = CARTESIAN_POINT('',(137.375,-99.2125,-4.5E-02));
#6412 = VECTOR('',#6413,1.);
#6413 = DIRECTION('',(0.,0.,1.));
#6414 = ORIENTED_EDGE('',*,*,#4378,.F.);
#6415 = ORIENTED_EDGE('',*,*,#6409,.F.);
#6416 = CYLINDRICAL_SURFACE('',#6417,0.95);
#6417 = AXIS2_PLACEMENT_3D('',#6418,#6419,#6420);
#6418 = CARTESIAN_POINT('',(137.375,-98.2625,-4.5E-02));
#6419 = DIRECTION('',(-0.,-0.,-1.));
#6420 = DIRECTION('',(-0.,-1.,0.));
#6421 = ADVANCED_FACE('',(#6422),#6433,.F.);
#6422 = FACE_BOUND('',#6423,.T.);
#6423 = EDGE_LOOP('',(#6424,#6425,#6431,#6432));
#6424 = ORIENTED_EDGE('',*,*,#2725,.T.);
#6425 = ORIENTED_EDGE('',*,*,#6426,.T.);
#6426 = EDGE_CURVE('',#2726,#4390,#6427,.T.);
#6427 = LINE('',#6428,#6429);
#6428 = CARTESIAN_POINT('',(128.825,-95.9875,-4.5E-02));
#6429 = VECTOR('',#6430,1.);
#6430 = DIRECTION('',(0.,0.,1.));
#6431 = ORIENTED_EDGE('',*,*,#4389,.F.);
#6432 = ORIENTED_EDGE('',*,*,#6426,.F.);
#6433 = CYLINDRICAL_SURFACE('',#6434,1.525);
#6434 = AXIS2_PLACEMENT_3D('',#6435,#6436,#6437);
#6435 = CARTESIAN_POINT('',(128.825,-94.4625,-4.5E-02));
#6436 = DIRECTION('',(-0.,-0.,-1.));
#6437 = DIRECTION('',(-0.,-1.,0.));
#6438 = ADVANCED_FACE('',(#6439),#6450,.F.);
#6439 = FACE_BOUND('',#6440,.T.);
#6440 = EDGE_LOOP('',(#6441,#6442,#6448,#6449));
#6441 = ORIENTED_EDGE('',*,*,#2736,.T.);
#6442 = ORIENTED_EDGE('',*,*,#6443,.T.);
#6443 = EDGE_CURVE('',#2737,#4401,#6444,.T.);
#6444 = LINE('',#6445,#6446);
#6445 = CARTESIAN_POINT('',(142.875,-99.9875,-4.5E-02));
#6446 = VECTOR('',#6447,1.);
#6447 = DIRECTION('',(0.,0.,1.));
#6448 = ORIENTED_EDGE('',*,*,#4400,.F.);
#6449 = ORIENTED_EDGE('',*,*,#6443,.F.);
#6450 = CYLINDRICAL_SURFACE('',#6451,1.725);
#6451 = AXIS2_PLACEMENT_3D('',#6452,#6453,#6454);
#6452 = CARTESIAN_POINT('',(142.875,-98.2625,-4.5E-02));
#6453 = DIRECTION('',(-0.,-0.,-1.));
#6454 = DIRECTION('',(-0.,-1.,0.));
#6455 = ADVANCED_FACE('',(#6456),#6467,.F.);
#6456 = FACE_BOUND('',#6457,.T.);
#6457 = EDGE_LOOP('',(#6458,#6459,#6465,#6466));
#6458 = ORIENTED_EDGE('',*,*,#2747,.T.);
#6459 = ORIENTED_EDGE('',*,*,#6460,.T.);
#6460 = EDGE_CURVE('',#2748,#4412,#6461,.T.);
#6461 = LINE('',#6462,#6463);
#6462 = CARTESIAN_POINT('',(148.375,-99.2125,-4.5E-02));
#6463 = VECTOR('',#6464,1.);
#6464 = DIRECTION('',(0.,0.,1.));
#6465 = ORIENTED_EDGE('',*,*,#4411,.F.);
#6466 = ORIENTED_EDGE('',*,*,#6460,.F.);
#6467 = CYLINDRICAL_SURFACE('',#6468,0.95);
#6468 = AXIS2_PLACEMENT_3D('',#6469,#6470,#6471);
#6469 = CARTESIAN_POINT('',(148.375,-98.2625,-4.5E-02));
#6470 = DIRECTION('',(-0.,-0.,-1.));
#6471 = DIRECTION('',(-0.,-1.,0.));
#6472 = ADVANCED_FACE('',(#6473),#6484,.F.);
#6473 = FACE_BOUND('',#6474,.T.);
#6474 = EDGE_LOOP('',(#6475,#6476,#6482,#6483));
#6475 = ORIENTED_EDGE('',*,*,#2758,.T.);
#6476 = ORIENTED_EDGE('',*,*,#6477,.T.);
#6477 = EDGE_CURVE('',#2759,#4423,#6478,.T.);
#6478 = LINE('',#6479,#6480);
#6479 = CARTESIAN_POINT('',(147.875,-95.9875,-4.5E-02));
#6480 = VECTOR('',#6481,1.);
#6481 = DIRECTION('',(0.,0.,1.));
#6482 = ORIENTED_EDGE('',*,*,#4422,.F.);
#6483 = ORIENTED_EDGE('',*,*,#6477,.F.);
#6484 = CYLINDRICAL_SURFACE('',#6485,1.525);
#6485 = AXIS2_PLACEMENT_3D('',#6486,#6487,#6488);
#6486 = CARTESIAN_POINT('',(147.875,-94.4625,-4.5E-02));
#6487 = DIRECTION('',(-0.,-0.,-1.));
#6488 = DIRECTION('',(-0.,-1.,0.));
#6489 = ADVANCED_FACE('',(#6490),#6501,.F.);
#6490 = FACE_BOUND('',#6491,.T.);
#6491 = EDGE_LOOP('',(#6492,#6493,#6499,#6500));
#6492 = ORIENTED_EDGE('',*,*,#2769,.T.);
#6493 = ORIENTED_EDGE('',*,*,#6494,.T.);
#6494 = EDGE_CURVE('',#2770,#4434,#6495,.T.);
#6495 = LINE('',#6496,#6497);
#6496 = CARTESIAN_POINT('',(142.875,-93.8875,-4.5E-02));
#6497 = VECTOR('',#6498,1.);
#6498 = DIRECTION('',(0.,0.,1.));
#6499 = ORIENTED_EDGE('',*,*,#4433,.F.);
#6500 = ORIENTED_EDGE('',*,*,#6494,.F.);
#6501 = CYLINDRICAL_SURFACE('',#6502,1.525);
#6502 = AXIS2_PLACEMENT_3D('',#6503,#6504,#6505);
#6503 = CARTESIAN_POINT('',(142.875,-92.3625,-4.5E-02));
#6504 = DIRECTION('',(-0.,-0.,-1.));
#6505 = DIRECTION('',(-0.,-1.,0.));
#6506 = ADVANCED_FACE('',(#6507),#6518,.F.);
#6507 = FACE_BOUND('',#6508,.T.);
#6508 = EDGE_LOOP('',(#6509,#6510,#6516,#6517));
#6509 = ORIENTED_EDGE('',*,*,#2780,.T.);
#6510 = ORIENTED_EDGE('',*,*,#6511,.T.);
#6511 = EDGE_CURVE('',#2781,#4445,#6512,.T.);
#6512 = LINE('',#6513,#6514);
#6513 = CARTESIAN_POINT('',(118.325,-75.4,-4.5E-02));
#6514 = VECTOR('',#6515,1.);
#6515 = DIRECTION('',(0.,0.,1.));
#6516 = ORIENTED_EDGE('',*,*,#4444,.F.);
#6517 = ORIENTED_EDGE('',*,*,#6511,.F.);
#6518 = CYLINDRICAL_SURFACE('',#6519,0.95);
#6519 = AXIS2_PLACEMENT_3D('',#6520,#6521,#6522);
#6520 = CARTESIAN_POINT('',(118.325,-74.45,-4.5E-02));
#6521 = DIRECTION('',(-0.,-0.,-1.));
#6522 = DIRECTION('',(-0.,-1.,0.));
#6523 = ADVANCED_FACE('',(#6524),#6535,.F.);
#6524 = FACE_BOUND('',#6525,.T.);
#6525 = EDGE_LOOP('',(#6526,#6527,#6533,#6534));
#6526 = ORIENTED_EDGE('',*,*,#2791,.T.);
#6527 = ORIENTED_EDGE('',*,*,#6528,.T.);
#6528 = EDGE_CURVE('',#2792,#4456,#6529,.T.);
#6529 = LINE('',#6530,#6531);
#6530 = CARTESIAN_POINT('',(123.825,-76.175,-4.5E-02));
#6531 = VECTOR('',#6532,1.);
#6532 = DIRECTION('',(0.,0.,1.));
#6533 = ORIENTED_EDGE('',*,*,#4455,.F.);
#6534 = ORIENTED_EDGE('',*,*,#6528,.F.);
#6535 = CYLINDRICAL_SURFACE('',#6536,1.725);
#6536 = AXIS2_PLACEMENT_3D('',#6537,#6538,#6539);
#6537 = CARTESIAN_POINT('',(123.825,-74.45,-4.5E-02));
#6538 = DIRECTION('',(-0.,0.,-1.));
#6539 = DIRECTION('',(8.238176646494E-15,-1.,-0.));
#6540 = ADVANCED_FACE('',(#6541),#6552,.F.);
#6541 = FACE_BOUND('',#6542,.T.);
#6542 = EDGE_LOOP('',(#6543,#6544,#6550,#6551));
#6543 = ORIENTED_EDGE('',*,*,#2802,.T.);
#6544 = ORIENTED_EDGE('',*,*,#6545,.T.);
#6545 = EDGE_CURVE('',#2803,#4467,#6546,.T.);
#6546 = LINE('',#6547,#6548);
#6547 = CARTESIAN_POINT('',(137.375,-80.1625,-4.5E-02));
#6548 = VECTOR('',#6549,1.);
#6549 = DIRECTION('',(0.,0.,1.));
#6550 = ORIENTED_EDGE('',*,*,#4466,.F.);
#6551 = ORIENTED_EDGE('',*,*,#6545,.F.);
#6552 = CYLINDRICAL_SURFACE('',#6553,0.95);
#6553 = AXIS2_PLACEMENT_3D('',#6554,#6555,#6556);
#6554 = CARTESIAN_POINT('',(137.375,-79.2125,-4.5E-02));
#6555 = DIRECTION('',(-0.,-0.,-1.));
#6556 = DIRECTION('',(-0.,-1.,0.));
#6557 = ADVANCED_FACE('',(#6558),#6569,.F.);
#6558 = FACE_BOUND('',#6559,.T.);
#6559 = EDGE_LOOP('',(#6560,#6561,#6567,#6568));
#6560 = ORIENTED_EDGE('',*,*,#2813,.T.);
#6561 = ORIENTED_EDGE('',*,*,#6562,.T.);
#6562 = EDGE_CURVE('',#2814,#4478,#6563,.T.);
#6563 = LINE('',#6564,#6565);
#6564 = CARTESIAN_POINT('',(129.325,-75.4,-4.5E-02));
#6565 = VECTOR('',#6566,1.);
#6566 = DIRECTION('',(0.,0.,1.));
#6567 = ORIENTED_EDGE('',*,*,#4477,.F.);
#6568 = ORIENTED_EDGE('',*,*,#6562,.F.);
#6569 = CYLINDRICAL_SURFACE('',#6570,0.95);
#6570 = AXIS2_PLACEMENT_3D('',#6571,#6572,#6573);
#6571 = CARTESIAN_POINT('',(129.325,-74.45,-4.5E-02));
#6572 = DIRECTION('',(-0.,-0.,-1.));
#6573 = DIRECTION('',(-0.,-1.,0.));
#6574 = ADVANCED_FACE('',(#6575),#6586,.F.);
#6575 = FACE_BOUND('',#6576,.T.);
#6576 = EDGE_LOOP('',(#6577,#6578,#6584,#6585));
#6577 = ORIENTED_EDGE('',*,*,#2824,.T.);
#6578 = ORIENTED_EDGE('',*,*,#6579,.T.);
#6579 = EDGE_CURVE('',#2825,#4489,#6580,.T.);
#6580 = LINE('',#6581,#6582);
#6581 = CARTESIAN_POINT('',(110.275,-70.6375,-4.5E-02));
#6582 = VECTOR('',#6583,1.);
#6583 = DIRECTION('',(0.,0.,1.));
#6584 = ORIENTED_EDGE('',*,*,#4488,.F.);
#6585 = ORIENTED_EDGE('',*,*,#6579,.F.);
#6586 = CYLINDRICAL_SURFACE('',#6587,0.95);
#6587 = AXIS2_PLACEMENT_3D('',#6588,#6589,#6590);
#6588 = CARTESIAN_POINT('',(110.275,-69.6875,-4.5E-02));
#6589 = DIRECTION('',(-0.,-0.,-1.));
#6590 = DIRECTION('',(-0.,-1.,0.));
#6591 = ADVANCED_FACE('',(#6592),#6603,.F.);
#6592 = FACE_BOUND('',#6593,.T.);
#6593 = EDGE_LOOP('',(#6594,#6595,#6601,#6602));
#6594 = ORIENTED_EDGE('',*,*,#2835,.T.);
#6595 = ORIENTED_EDGE('',*,*,#6596,.T.);
#6596 = EDGE_CURVE('',#2836,#4500,#6597,.T.);
#6597 = LINE('',#6598,#6599);
#6598 = CARTESIAN_POINT('',(123.825,-70.075,-4.5E-02));
#6599 = VECTOR('',#6600,1.);
#6600 = DIRECTION('',(0.,0.,1.));
#6601 = ORIENTED_EDGE('',*,*,#4499,.F.);
#6602 = ORIENTED_EDGE('',*,*,#6596,.F.);
#6603 = CYLINDRICAL_SURFACE('',#6604,1.525);
#6604 = AXIS2_PLACEMENT_3D('',#6605,#6606,#6607);
#6605 = CARTESIAN_POINT('',(123.825,-68.55,-4.5E-02));
#6606 = DIRECTION('',(-0.,0.,-1.));
#6607 = DIRECTION('',(9.31859325587E-15,-1.,-0.));
#6608 = ADVANCED_FACE('',(#6609),#6620,.F.);
#6609 = FACE_BOUND('',#6610,.T.);
#6610 = EDGE_LOOP('',(#6611,#6612,#6618,#6619));
#6611 = ORIENTED_EDGE('',*,*,#2846,.T.);
#6612 = ORIENTED_EDGE('',*,*,#6613,.T.);
#6613 = EDGE_CURVE('',#2847,#4511,#6614,.T.);
#6614 = LINE('',#6615,#6616);
#6615 = CARTESIAN_POINT('',(109.775,-67.4125,-4.5E-02));
#6616 = VECTOR('',#6617,1.);
#6617 = DIRECTION('',(0.,0.,1.));
#6618 = ORIENTED_EDGE('',*,*,#4510,.F.);
#6619 = ORIENTED_EDGE('',*,*,#6613,.F.);
#6620 = CYLINDRICAL_SURFACE('',#6621,1.525);
#6621 = AXIS2_PLACEMENT_3D('',#6622,#6623,#6624);
#6622 = CARTESIAN_POINT('',(109.775,-65.8875,-4.5E-02));
#6623 = DIRECTION('',(-0.,-0.,-1.));
#6624 = DIRECTION('',(-0.,-1.,0.));
#6625 = ADVANCED_FACE('',(#6626),#6637,.F.);
#6626 = FACE_BOUND('',#6627,.T.);
#6627 = EDGE_LOOP('',(#6628,#6629,#6635,#6636));
#6628 = ORIENTED_EDGE('',*,*,#2857,.T.);
#6629 = ORIENTED_EDGE('',*,*,#6630,.T.);
#6630 = EDGE_CURVE('',#2858,#4522,#6631,.T.);
#6631 = LINE('',#6632,#6633);
#6632 = CARTESIAN_POINT('',(128.825,-72.175,-4.5E-02));
#6633 = VECTOR('',#6634,1.);
#6634 = DIRECTION('',(0.,0.,1.));
#6635 = ORIENTED_EDGE('',*,*,#4521,.F.);
#6636 = ORIENTED_EDGE('',*,*,#6630,.F.);
#6637 = CYLINDRICAL_SURFACE('',#6638,1.525);
#6638 = AXIS2_PLACEMENT_3D('',#6639,#6640,#6641);
#6639 = CARTESIAN_POINT('',(128.825,-70.65,-4.5E-02));
#6640 = DIRECTION('',(-0.,-0.,-1.));
#6641 = DIRECTION('',(-0.,-1.,0.));
#6642 = ADVANCED_FACE('',(#6643),#6654,.F.);
#6643 = FACE_BOUND('',#6644,.T.);
#6644 = EDGE_LOOP('',(#6645,#6646,#6652,#6653));
#6645 = ORIENTED_EDGE('',*,*,#2868,.T.);
#6646 = ORIENTED_EDGE('',*,*,#6647,.T.);
#6647 = EDGE_CURVE('',#2869,#4533,#6648,.T.);
#6648 = LINE('',#6649,#6650);
#6649 = CARTESIAN_POINT('',(142.875,-80.9375,-4.5E-02));
#6650 = VECTOR('',#6651,1.);
#6651 = DIRECTION('',(0.,0.,1.));
#6652 = ORIENTED_EDGE('',*,*,#4532,.F.);
#6653 = ORIENTED_EDGE('',*,*,#6647,.F.);
#6654 = CYLINDRICAL_SURFACE('',#6655,1.725);
#6655 = AXIS2_PLACEMENT_3D('',#6656,#6657,#6658);
#6656 = CARTESIAN_POINT('',(142.875,-79.2125,-4.5E-02));
#6657 = DIRECTION('',(-0.,-0.,-1.));
#6658 = DIRECTION('',(-0.,-1.,0.));
#6659 = ADVANCED_FACE('',(#6660),#6671,.F.);
#6660 = FACE_BOUND('',#6661,.T.);
#6661 = EDGE_LOOP('',(#6662,#6663,#6669,#6670));
#6662 = ORIENTED_EDGE('',*,*,#2879,.T.);
#6663 = ORIENTED_EDGE('',*,*,#6664,.T.);
#6664 = EDGE_CURVE('',#2880,#4544,#6665,.T.);
#6665 = LINE('',#6666,#6667);
#6666 = CARTESIAN_POINT('',(148.375,-80.1625,-4.5E-02));
#6667 = VECTOR('',#6668,1.);
#6668 = DIRECTION('',(0.,0.,1.));
#6669 = ORIENTED_EDGE('',*,*,#4543,.F.);
#6670 = ORIENTED_EDGE('',*,*,#6664,.F.);
#6671 = CYLINDRICAL_SURFACE('',#6672,0.95);
#6672 = AXIS2_PLACEMENT_3D('',#6673,#6674,#6675);
#6673 = CARTESIAN_POINT('',(148.375,-79.2125,-4.5E-02));
#6674 = DIRECTION('',(-0.,-0.,-1.));
#6675 = DIRECTION('',(-0.,-1.,0.));
#6676 = ADVANCED_FACE('',(#6677),#6688,.F.);
#6677 = FACE_BOUND('',#6678,.T.);
#6678 = EDGE_LOOP('',(#6679,#6680,#6686,#6687));
#6679 = ORIENTED_EDGE('',*,*,#2890,.T.);
#6680 = ORIENTED_EDGE('',*,*,#6681,.T.);
#6681 = EDGE_CURVE('',#2891,#4555,#6682,.T.);
#6682 = LINE('',#6683,#6684);
#6683 = CARTESIAN_POINT('',(147.875,-76.9375,-4.5E-02));
#6684 = VECTOR('',#6685,1.);
#6685 = DIRECTION('',(0.,0.,1.));
#6686 = ORIENTED_EDGE('',*,*,#4554,.F.);
#6687 = ORIENTED_EDGE('',*,*,#6681,.F.);
#6688 = CYLINDRICAL_SURFACE('',#6689,1.525);
#6689 = AXIS2_PLACEMENT_3D('',#6690,#6691,#6692);
#6690 = CARTESIAN_POINT('',(147.875,-75.4125,-4.5E-02));
#6691 = DIRECTION('',(-0.,-0.,-1.));
#6692 = DIRECTION('',(-0.,-1.,0.));
#6693 = ADVANCED_FACE('',(#6694),#6705,.F.);
#6694 = FACE_BOUND('',#6695,.T.);
#6695 = EDGE_LOOP('',(#6696,#6697,#6703,#6704));
#6696 = ORIENTED_EDGE('',*,*,#2901,.T.);
#6697 = ORIENTED_EDGE('',*,*,#6698,.T.);
#6698 = EDGE_CURVE('',#2902,#4566,#6699,.T.);
#6699 = LINE('',#6700,#6701);
#6700 = CARTESIAN_POINT('',(142.875,-74.8375,-4.5E-02));
#6701 = VECTOR('',#6702,1.);
#6702 = DIRECTION('',(0.,0.,1.));
#6703 = ORIENTED_EDGE('',*,*,#4565,.F.);
#6704 = ORIENTED_EDGE('',*,*,#6698,.F.);
#6705 = CYLINDRICAL_SURFACE('',#6706,1.525);
#6706 = AXIS2_PLACEMENT_3D('',#6707,#6708,#6709);
#6707 = CARTESIAN_POINT('',(142.875,-73.3125,-4.5E-02));
#6708 = DIRECTION('',(-0.,-0.,-1.));
#6709 = DIRECTION('',(-0.,-1.,0.));
#6710 = ADVANCED_FACE('',(#6711),#6722,.F.);
#6711 = FACE_BOUND('',#6712,.T.);
#6712 = EDGE_LOOP('',(#6713,#6719,#6720,#6721));
#6713 = ORIENTED_EDGE('',*,*,#6714,.T.);
#6714 = EDGE_CURVE('',#2913,#4577,#6715,.T.);
#6715 = LINE('',#6716,#6717);
#6716 = CARTESIAN_POINT('',(161.810775,-77.729225,0.));
#6717 = VECTOR('',#6718,1.);
#6718 = DIRECTION('',(0.,0.,1.));
#6719 = ORIENTED_EDGE('',*,*,#4576,.T.);
#6720 = ORIENTED_EDGE('',*,*,#6714,.F.);
#6721 = ORIENTED_EDGE('',*,*,#2912,.F.);
#6722 = CYLINDRICAL_SURFACE('',#6723,1.560775);
#6723 = AXIS2_PLACEMENT_3D('',#6724,#6725,#6726);
#6724 = CARTESIAN_POINT('',(160.25,-77.729225,0.));
#6725 = DIRECTION('',(-0.,-0.,-1.));
#6726 = DIRECTION('',(1.,0.,-0.));
#6727 = ADVANCED_FACE('',(#6728),#6739,.F.);
#6728 = FACE_BOUND('',#6729,.T.);
#6729 = EDGE_LOOP('',(#6730,#6731,#6737,#6738));
#6730 = ORIENTED_EDGE('',*,*,#2923,.T.);
#6731 = ORIENTED_EDGE('',*,*,#6732,.T.);
#6732 = EDGE_CURVE('',#2924,#4588,#6733,.T.);
#6733 = LINE('',#6734,#6735);
#6734 = CARTESIAN_POINT('',(159.78,-71.8375,-4.5E-02));
#6735 = VECTOR('',#6736,1.);
#6736 = DIRECTION('',(0.,0.,1.));
#6737 = ORIENTED_EDGE('',*,*,#4587,.F.);
#6738 = ORIENTED_EDGE('',*,*,#6732,.F.);
#6739 = CYLINDRICAL_SURFACE('',#6740,0.4);
#6740 = AXIS2_PLACEMENT_3D('',#6741,#6742,#6743);
#6741 = CARTESIAN_POINT('',(159.78,-71.4375,-4.5E-02));
#6742 = DIRECTION('',(-0.,-0.,-1.));
#6743 = DIRECTION('',(-0.,-1.,0.));
#6744 = ADVANCED_FACE('',(#6745),#6756,.F.);
#6745 = FACE_BOUND('',#6746,.T.);
#6746 = EDGE_LOOP('',(#6747,#6748,#6754,#6755));
#6747 = ORIENTED_EDGE('',*,*,#2934,.T.);
#6748 = ORIENTED_EDGE('',*,*,#6749,.T.);
#6749 = EDGE_CURVE('',#2935,#4599,#6750,.T.);
#6750 = LINE('',#6751,#6752);
#6751 = CARTESIAN_POINT('',(159.78,-69.2975,-4.5E-02));
#6752 = VECTOR('',#6753,1.);
#6753 = DIRECTION('',(0.,0.,1.));
#6754 = ORIENTED_EDGE('',*,*,#4598,.F.);
#6755 = ORIENTED_EDGE('',*,*,#6749,.F.);
#6756 = CYLINDRICAL_SURFACE('',#6757,0.4);
#6757 = AXIS2_PLACEMENT_3D('',#6758,#6759,#6760);
#6758 = CARTESIAN_POINT('',(159.78,-68.8975,-4.5E-02));
#6759 = DIRECTION('',(-0.,-0.,-1.));
#6760 = DIRECTION('',(-0.,-1.,0.));
#6761 = ADVANCED_FACE('',(#6762),#6773,.F.);
#6762 = FACE_BOUND('',#6763,.T.);
#6763 = EDGE_LOOP('',(#6764,#6765,#6771,#6772));
#6764 = ORIENTED_EDGE('',*,*,#2945,.T.);
#6765 = ORIENTED_EDGE('',*,*,#6766,.T.);
#6766 = EDGE_CURVE('',#2946,#4610,#6767,.T.);
#6767 = LINE('',#6768,#6769);
#6768 = CARTESIAN_POINT('',(175.02,-71.8375,-4.5E-02));
#6769 = VECTOR('',#6770,1.);
#6770 = DIRECTION('',(0.,0.,1.));
#6771 = ORIENTED_EDGE('',*,*,#4609,.F.);
#6772 = ORIENTED_EDGE('',*,*,#6766,.F.);
#6773 = CYLINDRICAL_SURFACE('',#6774,0.4);
#6774 = AXIS2_PLACEMENT_3D('',#6775,#6776,#6777);
#6775 = CARTESIAN_POINT('',(175.02,-71.4375,-4.5E-02));
#6776 = DIRECTION('',(-0.,0.,-1.));
#6777 = DIRECTION('',(7.105427357601E-14,-1.,-0.));
#6778 = ADVANCED_FACE('',(#6779),#6790,.F.);
#6779 = FACE_BOUND('',#6780,.T.);
#6780 = EDGE_LOOP('',(#6781,#6782,#6788,#6789));
#6781 = ORIENTED_EDGE('',*,*,#2956,.T.);
#6782 = ORIENTED_EDGE('',*,*,#6783,.T.);
#6783 = EDGE_CURVE('',#2957,#4621,#6784,.T.);
#6784 = LINE('',#6785,#6786);
#6785 = CARTESIAN_POINT('',(175.02,-69.2975,-4.5E-02));
#6786 = VECTOR('',#6787,1.);
#6787 = DIRECTION('',(0.,0.,1.));
#6788 = ORIENTED_EDGE('',*,*,#4620,.F.);
#6789 = ORIENTED_EDGE('',*,*,#6783,.F.);
#6790 = CYLINDRICAL_SURFACE('',#6791,0.4);
#6791 = AXIS2_PLACEMENT_3D('',#6792,#6793,#6794);
#6792 = CARTESIAN_POINT('',(175.02,-68.8975,-4.5E-02));
#6793 = DIRECTION('',(-0.,0.,-1.));
#6794 = DIRECTION('',(7.105427357601E-14,-1.,-0.));
#6795 = ADVANCED_FACE('',(#6796),#6807,.F.);
#6796 = FACE_BOUND('',#6797,.T.);
#6797 = EDGE_LOOP('',(#6798,#6799,#6805,#6806));
#6798 = ORIENTED_EDGE('',*,*,#2967,.T.);
#6799 = ORIENTED_EDGE('',*,*,#6800,.T.);
#6800 = EDGE_CURVE('',#2968,#4632,#6801,.T.);
#6801 = LINE('',#6802,#6803);
#6802 = CARTESIAN_POINT('',(159.78,-66.7575,-4.5E-02));
#6803 = VECTOR('',#6804,1.);
#6804 = DIRECTION('',(0.,0.,1.));
#6805 = ORIENTED_EDGE('',*,*,#4631,.F.);
#6806 = ORIENTED_EDGE('',*,*,#6800,.F.);
#6807 = CYLINDRICAL_SURFACE('',#6808,0.4);
#6808 = AXIS2_PLACEMENT_3D('',#6809,#6810,#6811);
#6809 = CARTESIAN_POINT('',(159.78,-66.3575,-4.5E-02));
#6810 = DIRECTION('',(-0.,-0.,-1.));
#6811 = DIRECTION('',(-0.,-1.,0.));
#6812 = ADVANCED_FACE('',(#6813),#6824,.F.);
#6813 = FACE_BOUND('',#6814,.T.);
#6814 = EDGE_LOOP('',(#6815,#6816,#6822,#6823));
#6815 = ORIENTED_EDGE('',*,*,#2978,.T.);
#6816 = ORIENTED_EDGE('',*,*,#6817,.T.);
#6817 = EDGE_CURVE('',#2979,#4643,#6818,.T.);
#6818 = LINE('',#6819,#6820);
#6819 = CARTESIAN_POINT('',(159.78,-64.2175,-4.5E-02));
#6820 = VECTOR('',#6821,1.);
#6821 = DIRECTION('',(0.,0.,1.));
#6822 = ORIENTED_EDGE('',*,*,#4642,.F.);
#6823 = ORIENTED_EDGE('',*,*,#6817,.F.);
#6824 = CYLINDRICAL_SURFACE('',#6825,0.4);
#6825 = AXIS2_PLACEMENT_3D('',#6826,#6827,#6828);
#6826 = CARTESIAN_POINT('',(159.78,-63.8175,-4.5E-02));
#6827 = DIRECTION('',(-0.,-0.,-1.));
#6828 = DIRECTION('',(-0.,-1.,0.));
#6829 = ADVANCED_FACE('',(#6830),#6841,.F.);
#6830 = FACE_BOUND('',#6831,.T.);
#6831 = EDGE_LOOP('',(#6832,#6833,#6839,#6840));
#6832 = ORIENTED_EDGE('',*,*,#2989,.T.);
#6833 = ORIENTED_EDGE('',*,*,#6834,.T.);
#6834 = EDGE_CURVE('',#2990,#4654,#6835,.T.);
#6835 = LINE('',#6836,#6837);
#6836 = CARTESIAN_POINT('',(175.02,-66.7575,-4.5E-02));
#6837 = VECTOR('',#6838,1.);
#6838 = DIRECTION('',(0.,0.,1.));
#6839 = ORIENTED_EDGE('',*,*,#4653,.F.);
#6840 = ORIENTED_EDGE('',*,*,#6834,.F.);
#6841 = CYLINDRICAL_SURFACE('',#6842,0.4);
#6842 = AXIS2_PLACEMENT_3D('',#6843,#6844,#6845);
#6843 = CARTESIAN_POINT('',(175.02,-66.3575,-4.5E-02));
#6844 = DIRECTION('',(-0.,0.,-1.));
#6845 = DIRECTION('',(7.105427357601E-14,-1.,-0.));
#6846 = ADVANCED_FACE('',(#6847),#6858,.F.);
#6847 = FACE_BOUND('',#6848,.T.);
#6848 = EDGE_LOOP('',(#6849,#6850,#6856,#6857));
#6849 = ORIENTED_EDGE('',*,*,#3000,.T.);
#6850 = ORIENTED_EDGE('',*,*,#6851,.T.);
#6851 = EDGE_CURVE('',#3001,#4665,#6852,.T.);
#6852 = LINE('',#6853,#6854);
#6853 = CARTESIAN_POINT('',(175.02,-64.2175,-4.5E-02));
#6854 = VECTOR('',#6855,1.);
#6855 = DIRECTION('',(0.,0.,1.));
#6856 = ORIENTED_EDGE('',*,*,#4664,.F.);
#6857 = ORIENTED_EDGE('',*,*,#6851,.F.);
#6858 = CYLINDRICAL_SURFACE('',#6859,0.4);
#6859 = AXIS2_PLACEMENT_3D('',#6860,#6861,#6862);
#6860 = CARTESIAN_POINT('',(175.02,-63.8175,-4.5E-02));
#6861 = DIRECTION('',(-0.,0.,-1.));
#6862 = DIRECTION('',(7.105427357601E-14,-1.,-0.));
#6863 = ADVANCED_FACE('',(#6864),#6875,.F.);
#6864 = FACE_BOUND('',#6865,.T.);
#6865 = EDGE_LOOP('',(#6866,#6867,#6873,#6874));
#6866 = ORIENTED_EDGE('',*,*,#3011,.T.);
#6867 = ORIENTED_EDGE('',*,*,#6868,.T.);
#6868 = EDGE_CURVE('',#3012,#4676,#6869,.T.);
#6869 = LINE('',#6870,#6871);
#6870 = CARTESIAN_POINT('',(66.675,-62.3,-4.5E-02));
#6871 = VECTOR('',#6872,1.);
#6872 = DIRECTION('',(0.,0.,1.));
#6873 = ORIENTED_EDGE('',*,*,#4675,.F.);
#6874 = ORIENTED_EDGE('',*,*,#6868,.F.);
#6875 = CYLINDRICAL_SURFACE('',#6876,1.525);
#6876 = AXIS2_PLACEMENT_3D('',#6877,#6878,#6879);
#6877 = CARTESIAN_POINT('',(66.675,-60.775,-4.5E-02));
#6878 = DIRECTION('',(-0.,-0.,-1.));
#6879 = DIRECTION('',(-9.31859325587E-15,-1.,0.));
#6880 = ADVANCED_FACE('',(#6881),#6892,.F.);
#6881 = FACE_BOUND('',#6882,.T.);
#6882 = EDGE_LOOP('',(#6883,#6884,#6890,#6891));
#6883 = ORIENTED_EDGE('',*,*,#3022,.T.);
#6884 = ORIENTED_EDGE('',*,*,#6885,.T.);
#6885 = EDGE_CURVE('',#3023,#4687,#6886,.T.);
#6886 = LINE('',#6887,#6888);
#6887 = CARTESIAN_POINT('',(42.125,-53.3375,-4.5E-02));
#6888 = VECTOR('',#6889,1.);
#6889 = DIRECTION('',(0.,0.,1.));
#6890 = ORIENTED_EDGE('',*,*,#4686,.F.);
#6891 = ORIENTED_EDGE('',*,*,#6885,.F.);
#6892 = CYLINDRICAL_SURFACE('',#6893,0.95);
#6893 = AXIS2_PLACEMENT_3D('',#6894,#6895,#6896);
#6894 = CARTESIAN_POINT('',(42.125,-52.3875,-4.5E-02));
#6895 = DIRECTION('',(-0.,-0.,-1.));
#6896 = DIRECTION('',(-0.,-1.,0.));
#6897 = ADVANCED_FACE('',(#6898),#6909,.F.);
#6898 = FACE_BOUND('',#6899,.T.);
#6899 = EDGE_LOOP('',(#6900,#6901,#6907,#6908));
#6900 = ORIENTED_EDGE('',*,*,#3033,.T.);
#6901 = ORIENTED_EDGE('',*,*,#6902,.T.);
#6902 = EDGE_CURVE('',#3034,#4698,#6903,.T.);
#6903 = LINE('',#6904,#6905);
#6904 = CARTESIAN_POINT('',(47.625,-54.1125,-4.5E-02));
#6905 = VECTOR('',#6906,1.);
#6906 = DIRECTION('',(0.,0.,1.));
#6907 = ORIENTED_EDGE('',*,*,#4697,.F.);
#6908 = ORIENTED_EDGE('',*,*,#6902,.F.);
#6909 = CYLINDRICAL_SURFACE('',#6910,1.725);
#6910 = AXIS2_PLACEMENT_3D('',#6911,#6912,#6913);
#6911 = CARTESIAN_POINT('',(47.625,-52.3875,-4.5E-02));
#6912 = DIRECTION('',(-0.,-0.,-1.));
#6913 = DIRECTION('',(-0.,-1.,0.));
#6914 = ADVANCED_FACE('',(#6915),#6926,.F.);
#6915 = FACE_BOUND('',#6916,.T.);
#6916 = EDGE_LOOP('',(#6917,#6918,#6924,#6925));
#6917 = ORIENTED_EDGE('',*,*,#3044,.T.);
#6918 = ORIENTED_EDGE('',*,*,#6919,.T.);
#6919 = EDGE_CURVE('',#3045,#4709,#6920,.T.);
#6920 = LINE('',#6921,#6922);
#6921 = CARTESIAN_POINT('',(53.125,-53.3375,-4.5E-02));
#6922 = VECTOR('',#6923,1.);
#6923 = DIRECTION('',(0.,0.,1.));
#6924 = ORIENTED_EDGE('',*,*,#4708,.F.);
#6925 = ORIENTED_EDGE('',*,*,#6919,.F.);
#6926 = CYLINDRICAL_SURFACE('',#6927,0.95);
#6927 = AXIS2_PLACEMENT_3D('',#6928,#6929,#6930);
#6928 = CARTESIAN_POINT('',(53.125,-52.3875,-4.5E-02));
#6929 = DIRECTION('',(-0.,-0.,-1.));
#6930 = DIRECTION('',(-0.,-1.,0.));
#6931 = ADVANCED_FACE('',(#6932),#6943,.F.);
#6932 = FACE_BOUND('',#6933,.T.);
#6933 = EDGE_LOOP('',(#6934,#6935,#6941,#6942));
#6934 = ORIENTED_EDGE('',*,*,#3055,.T.);
#6935 = ORIENTED_EDGE('',*,*,#6936,.T.);
#6936 = EDGE_CURVE('',#3056,#4720,#6937,.T.);
#6937 = LINE('',#6938,#6939);
#6938 = CARTESIAN_POINT('',(52.625,-50.1125,-4.5E-02));
#6939 = VECTOR('',#6940,1.);
#6940 = DIRECTION('',(0.,0.,1.));
#6941 = ORIENTED_EDGE('',*,*,#4719,.F.);
#6942 = ORIENTED_EDGE('',*,*,#6936,.F.);
#6943 = CYLINDRICAL_SURFACE('',#6944,1.525);
#6944 = AXIS2_PLACEMENT_3D('',#6945,#6946,#6947);
#6945 = CARTESIAN_POINT('',(52.625,-48.5875,-4.5E-02));
#6946 = DIRECTION('',(-0.,-0.,-1.));
#6947 = DIRECTION('',(-0.,-1.,0.));
#6948 = ADVANCED_FACE('',(#6949),#6960,.F.);
#6949 = FACE_BOUND('',#6950,.T.);
#6950 = EDGE_LOOP('',(#6951,#6952,#6958,#6959));
#6951 = ORIENTED_EDGE('',*,*,#3066,.T.);
#6952 = ORIENTED_EDGE('',*,*,#6953,.T.);
#6953 = EDGE_CURVE('',#3067,#4731,#6954,.T.);
#6954 = LINE('',#6955,#6956);
#6955 = CARTESIAN_POINT('',(47.625,-48.0125,-4.5E-02));
#6956 = VECTOR('',#6957,1.);
#6957 = DIRECTION('',(0.,0.,1.));
#6958 = ORIENTED_EDGE('',*,*,#4730,.F.);
#6959 = ORIENTED_EDGE('',*,*,#6953,.F.);
#6960 = CYLINDRICAL_SURFACE('',#6961,1.525);
#6961 = AXIS2_PLACEMENT_3D('',#6962,#6963,#6964);
#6962 = CARTESIAN_POINT('',(47.625,-46.4875,-4.5E-02));
#6963 = DIRECTION('',(-0.,-0.,-1.));
#6964 = DIRECTION('',(-0.,-1.,0.));
#6965 = ADVANCED_FACE('',(#6966),#6977,.F.);
#6966 = FACE_BOUND('',#6967,.T.);
#6967 = EDGE_LOOP('',(#6968,#6969,#6975,#6976));
#6968 = ORIENTED_EDGE('',*,*,#3077,.T.);
#6969 = ORIENTED_EDGE('',*,*,#6970,.T.);
#6970 = EDGE_CURVE('',#3078,#4742,#6971,.T.);
#6971 = LINE('',#6972,#6973);
#6972 = CARTESIAN_POINT('',(61.175,-48.575,-4.5E-02));
#6973 = VECTOR('',#6974,1.);
#6974 = DIRECTION('',(0.,0.,1.));
#6975 = ORIENTED_EDGE('',*,*,#4741,.F.);
#6976 = ORIENTED_EDGE('',*,*,#6970,.F.);
#6977 = CYLINDRICAL_SURFACE('',#6978,0.95);
#6978 = AXIS2_PLACEMENT_3D('',#6979,#6980,#6981);
#6979 = CARTESIAN_POINT('',(61.175,-47.625,-4.5E-02));
#6980 = DIRECTION('',(-0.,-0.,-1.));
#6981 = DIRECTION('',(-0.,-1.,0.));
#6982 = ADVANCED_FACE('',(#6983),#6994,.F.);
#6983 = FACE_BOUND('',#6984,.T.);
#6984 = EDGE_LOOP('',(#6985,#6986,#6992,#6993));
#6985 = ORIENTED_EDGE('',*,*,#3088,.T.);
#6986 = ORIENTED_EDGE('',*,*,#6987,.T.);
#6987 = EDGE_CURVE('',#3089,#4753,#6988,.T.);
#6988 = LINE('',#6989,#6990);
#6989 = CARTESIAN_POINT('',(66.675,-49.35,-4.5E-02));
#6990 = VECTOR('',#6991,1.);
#6991 = DIRECTION('',(0.,0.,1.));
#6992 = ORIENTED_EDGE('',*,*,#4752,.F.);
#6993 = ORIENTED_EDGE('',*,*,#6987,.F.);
#6994 = CYLINDRICAL_SURFACE('',#6995,1.725);
#6995 = AXIS2_PLACEMENT_3D('',#6996,#6997,#6998);
#6996 = CARTESIAN_POINT('',(66.675,-47.625,-4.5E-02));
#6997 = DIRECTION('',(-0.,-0.,-1.));
#6998 = DIRECTION('',(-8.238176646494E-15,-1.,0.));
#6999 = ADVANCED_FACE('',(#7000),#7011,.F.);
#7000 = FACE_BOUND('',#7001,.T.);
#7001 = EDGE_LOOP('',(#7002,#7003,#7009,#7010));
#7002 = ORIENTED_EDGE('',*,*,#3099,.T.);
#7003 = ORIENTED_EDGE('',*,*,#7004,.T.);
#7004 = EDGE_CURVE('',#3100,#4764,#7005,.T.);
#7005 = LINE('',#7006,#7007);
#7006 = CARTESIAN_POINT('',(72.175,-48.575,-4.5E-02));
#7007 = VECTOR('',#7008,1.);
#7008 = DIRECTION('',(0.,0.,1.));
#7009 = ORIENTED_EDGE('',*,*,#4763,.F.);
#7010 = ORIENTED_EDGE('',*,*,#7004,.F.);
#7011 = CYLINDRICAL_SURFACE('',#7012,0.95);
#7012 = AXIS2_PLACEMENT_3D('',#7013,#7014,#7015);
#7013 = CARTESIAN_POINT('',(72.175,-47.625,-4.5E-02));
#7014 = DIRECTION('',(-0.,-0.,-1.));
#7015 = DIRECTION('',(-0.,-1.,0.));
#7016 = ADVANCED_FACE('',(#7017),#7028,.F.);
#7017 = FACE_BOUND('',#7018,.T.);
#7018 = EDGE_LOOP('',(#7019,#7020,#7026,#7027));
#7019 = ORIENTED_EDGE('',*,*,#3110,.T.);
#7020 = ORIENTED_EDGE('',*,*,#7021,.T.);
#7021 = EDGE_CURVE('',#3111,#4775,#7022,.T.);
#7022 = LINE('',#7023,#7024);
#7023 = CARTESIAN_POINT('',(71.675,-45.35,-4.5E-02));
#7024 = VECTOR('',#7025,1.);
#7025 = DIRECTION('',(0.,0.,1.));
#7026 = ORIENTED_EDGE('',*,*,#4774,.F.);
#7027 = ORIENTED_EDGE('',*,*,#7021,.F.);
#7028 = CYLINDRICAL_SURFACE('',#7029,1.525);
#7029 = AXIS2_PLACEMENT_3D('',#7030,#7031,#7032);
#7030 = CARTESIAN_POINT('',(71.675,-43.825,-4.5E-02));
#7031 = DIRECTION('',(-0.,-0.,-1.));
#7032 = DIRECTION('',(-9.31859325587E-15,-1.,0.));
#7033 = ADVANCED_FACE('',(#7034),#7045,.F.);
#7034 = FACE_BOUND('',#7035,.T.);
#7035 = EDGE_LOOP('',(#7036,#7037,#7043,#7044));
#7036 = ORIENTED_EDGE('',*,*,#3121,.T.);
#7037 = ORIENTED_EDGE('',*,*,#7038,.T.);
#7038 = EDGE_CURVE('',#3122,#4786,#7039,.T.);
#7039 = LINE('',#7040,#7041);
#7040 = CARTESIAN_POINT('',(80.225,-59.2375,-4.5E-02));
#7041 = VECTOR('',#7042,1.);
#7042 = DIRECTION('',(0.,0.,1.));
#7043 = ORIENTED_EDGE('',*,*,#4785,.F.);
#7044 = ORIENTED_EDGE('',*,*,#7038,.F.);
#7045 = CYLINDRICAL_SURFACE('',#7046,0.95);
#7046 = AXIS2_PLACEMENT_3D('',#7047,#7048,#7049);
#7047 = CARTESIAN_POINT('',(80.225,-58.2875,-4.5E-02));
#7048 = DIRECTION('',(-0.,-0.,-1.));
#7049 = DIRECTION('',(-0.,-1.,0.));
#7050 = ADVANCED_FACE('',(#7051),#7062,.F.);
#7051 = FACE_BOUND('',#7052,.T.);
#7052 = EDGE_LOOP('',(#7053,#7054,#7060,#7061));
#7053 = ORIENTED_EDGE('',*,*,#3132,.T.);
#7054 = ORIENTED_EDGE('',*,*,#7055,.T.);
#7055 = EDGE_CURVE('',#3133,#4797,#7056,.T.);
#7056 = LINE('',#7057,#7058);
#7057 = CARTESIAN_POINT('',(85.725,-60.0125,-4.5E-02));
#7058 = VECTOR('',#7059,1.);
#7059 = DIRECTION('',(0.,0.,1.));
#7060 = ORIENTED_EDGE('',*,*,#4796,.F.);
#7061 = ORIENTED_EDGE('',*,*,#7055,.F.);
#7062 = CYLINDRICAL_SURFACE('',#7063,1.725);
#7063 = AXIS2_PLACEMENT_3D('',#7064,#7065,#7066);
#7064 = CARTESIAN_POINT('',(85.725,-58.2875,-4.5E-02));
#7065 = DIRECTION('',(-0.,-0.,-1.));
#7066 = DIRECTION('',(-0.,-1.,0.));
#7067 = ADVANCED_FACE('',(#7068),#7079,.F.);
#7068 = FACE_BOUND('',#7069,.T.);
#7069 = EDGE_LOOP('',(#7070,#7071,#7077,#7078));
#7070 = ORIENTED_EDGE('',*,*,#3143,.T.);
#7071 = ORIENTED_EDGE('',*,*,#7072,.T.);
#7072 = EDGE_CURVE('',#3144,#4808,#7073,.T.);
#7073 = LINE('',#7074,#7075);
#7074 = CARTESIAN_POINT('',(91.225,-59.2375,-4.5E-02));
#7075 = VECTOR('',#7076,1.);
#7076 = DIRECTION('',(0.,0.,1.));
#7077 = ORIENTED_EDGE('',*,*,#4807,.F.);
#7078 = ORIENTED_EDGE('',*,*,#7072,.F.);
#7079 = CYLINDRICAL_SURFACE('',#7080,0.95);
#7080 = AXIS2_PLACEMENT_3D('',#7081,#7082,#7083);
#7081 = CARTESIAN_POINT('',(91.225,-58.2875,-4.5E-02));
#7082 = DIRECTION('',(-0.,-0.,-1.));
#7083 = DIRECTION('',(-0.,-1.,0.));
#7084 = ADVANCED_FACE('',(#7085),#7096,.F.);
#7085 = FACE_BOUND('',#7086,.T.);
#7086 = EDGE_LOOP('',(#7087,#7088,#7094,#7095));
#7087 = ORIENTED_EDGE('',*,*,#3154,.T.);
#7088 = ORIENTED_EDGE('',*,*,#7089,.T.);
#7089 = EDGE_CURVE('',#3155,#4819,#7090,.T.);
#7090 = LINE('',#7091,#7092);
#7091 = CARTESIAN_POINT('',(90.725,-56.0125,-4.5E-02));
#7092 = VECTOR('',#7093,1.);
#7093 = DIRECTION('',(0.,0.,1.));
#7094 = ORIENTED_EDGE('',*,*,#4818,.F.);
#7095 = ORIENTED_EDGE('',*,*,#7089,.F.);
#7096 = CYLINDRICAL_SURFACE('',#7097,1.525);
#7097 = AXIS2_PLACEMENT_3D('',#7098,#7099,#7100);
#7098 = CARTESIAN_POINT('',(90.725,-54.4875,-4.5E-02));
#7099 = DIRECTION('',(-0.,-0.,-1.));
#7100 = DIRECTION('',(-0.,-1.,0.));
#7101 = ADVANCED_FACE('',(#7102),#7113,.F.);
#7102 = FACE_BOUND('',#7103,.T.);
#7103 = EDGE_LOOP('',(#7104,#7105,#7111,#7112));
#7104 = ORIENTED_EDGE('',*,*,#3165,.T.);
#7105 = ORIENTED_EDGE('',*,*,#7106,.T.);
#7106 = EDGE_CURVE('',#3166,#4830,#7107,.T.);
#7107 = LINE('',#7108,#7109);
#7108 = CARTESIAN_POINT('',(85.725,-53.9125,-4.5E-02));
#7109 = VECTOR('',#7110,1.);
#7110 = DIRECTION('',(0.,0.,1.));
#7111 = ORIENTED_EDGE('',*,*,#4829,.F.);
#7112 = ORIENTED_EDGE('',*,*,#7106,.F.);
#7113 = CYLINDRICAL_SURFACE('',#7114,1.525);
#7114 = AXIS2_PLACEMENT_3D('',#7115,#7116,#7117);
#7115 = CARTESIAN_POINT('',(85.725,-52.3875,-4.5E-02));
#7116 = DIRECTION('',(-0.,-0.,-1.));
#7117 = DIRECTION('',(-0.,-1.,0.));
#7118 = ADVANCED_FACE('',(#7119),#7130,.F.);
#7119 = FACE_BOUND('',#7120,.T.);
#7120 = EDGE_LOOP('',(#7121,#7122,#7128,#7129));
#7121 = ORIENTED_EDGE('',*,*,#3176,.T.);
#7122 = ORIENTED_EDGE('',*,*,#7123,.T.);
#7123 = EDGE_CURVE('',#3177,#4841,#7124,.T.);
#7124 = LINE('',#7125,#7126);
#7125 = CARTESIAN_POINT('',(99.275,-51.5875,-4.5E-02));
#7126 = VECTOR('',#7127,1.);
#7127 = DIRECTION('',(0.,0.,1.));
#7128 = ORIENTED_EDGE('',*,*,#4840,.F.);
#7129 = ORIENTED_EDGE('',*,*,#7123,.F.);
#7130 = CYLINDRICAL_SURFACE('',#7131,0.95);
#7131 = AXIS2_PLACEMENT_3D('',#7132,#7133,#7134);
#7132 = CARTESIAN_POINT('',(99.275,-50.6375,-4.5E-02));
#7133 = DIRECTION('',(-0.,-0.,-1.));
#7134 = DIRECTION('',(-0.,-1.,0.));
#7135 = ADVANCED_FACE('',(#7136),#7147,.F.);
#7136 = FACE_BOUND('',#7137,.T.);
#7137 = EDGE_LOOP('',(#7138,#7139,#7145,#7146));
#7138 = ORIENTED_EDGE('',*,*,#3187,.T.);
#7139 = ORIENTED_EDGE('',*,*,#7140,.T.);
#7140 = EDGE_CURVE('',#3188,#4852,#7141,.T.);
#7141 = LINE('',#7142,#7143);
#7142 = CARTESIAN_POINT('',(104.775,-52.3625,-4.5E-02));
#7143 = VECTOR('',#7144,1.);
#7144 = DIRECTION('',(0.,0.,1.));
#7145 = ORIENTED_EDGE('',*,*,#4851,.F.);
#7146 = ORIENTED_EDGE('',*,*,#7140,.F.);
#7147 = CYLINDRICAL_SURFACE('',#7148,1.725);
#7148 = AXIS2_PLACEMENT_3D('',#7149,#7150,#7151);
#7149 = CARTESIAN_POINT('',(104.775,-50.6375,-4.5E-02));
#7150 = DIRECTION('',(-0.,-0.,-1.));
#7151 = DIRECTION('',(-0.,-1.,0.));
#7152 = ADVANCED_FACE('',(#7153),#7164,.F.);
#7153 = FACE_BOUND('',#7154,.T.);
#7154 = EDGE_LOOP('',(#7155,#7156,#7162,#7163));
#7155 = ORIENTED_EDGE('',*,*,#3198,.T.);
#7156 = ORIENTED_EDGE('',*,*,#7157,.T.);
#7157 = EDGE_CURVE('',#3199,#4863,#7158,.T.);
#7158 = LINE('',#7159,#7160);
#7159 = CARTESIAN_POINT('',(104.775,-46.2625,-4.5E-02));
#7160 = VECTOR('',#7161,1.);
#7161 = DIRECTION('',(0.,0.,1.));
#7162 = ORIENTED_EDGE('',*,*,#4862,.F.);
#7163 = ORIENTED_EDGE('',*,*,#7157,.F.);
#7164 = CYLINDRICAL_SURFACE('',#7165,1.525);
#7165 = AXIS2_PLACEMENT_3D('',#7166,#7167,#7168);
#7166 = CARTESIAN_POINT('',(104.775,-44.7375,-4.5E-02));
#7167 = DIRECTION('',(-0.,-0.,-1.));
#7168 = DIRECTION('',(-0.,-1.,0.));
#7169 = ADVANCED_FACE('',(#7170),#7181,.F.);
#7170 = FACE_BOUND('',#7171,.T.);
#7171 = EDGE_LOOP('',(#7172,#7173,#7179,#7180));
#7172 = ORIENTED_EDGE('',*,*,#3209,.T.);
#7173 = ORIENTED_EDGE('',*,*,#7174,.T.);
#7174 = EDGE_CURVE('',#3210,#4874,#7175,.T.);
#7175 = LINE('',#7176,#7177);
#7176 = CARTESIAN_POINT('',(66.675,-43.25,-4.5E-02));
#7177 = VECTOR('',#7178,1.);
#7178 = DIRECTION('',(0.,0.,1.));
#7179 = ORIENTED_EDGE('',*,*,#4873,.F.);
#7180 = ORIENTED_EDGE('',*,*,#7174,.F.);
#7181 = CYLINDRICAL_SURFACE('',#7182,1.525);
#7182 = AXIS2_PLACEMENT_3D('',#7183,#7184,#7185);
#7183 = CARTESIAN_POINT('',(66.675,-41.725,-4.5E-02));
#7184 = DIRECTION('',(-0.,-0.,-1.));
#7185 = DIRECTION('',(-9.31859325587E-15,-1.,0.));
#7186 = ADVANCED_FACE('',(#7187),#7198,.F.);
#7187 = FACE_BOUND('',#7188,.T.);
#7188 = EDGE_LOOP('',(#7189,#7190,#7196,#7197));
#7189 = ORIENTED_EDGE('',*,*,#3220,.T.);
#7190 = ORIENTED_EDGE('',*,*,#7191,.T.);
#7191 = EDGE_CURVE('',#3221,#4885,#7192,.T.);
#7192 = LINE('',#7193,#7194);
#7193 = CARTESIAN_POINT('',(80.225,-40.1875,-4.5E-02));
#7194 = VECTOR('',#7195,1.);
#7195 = DIRECTION('',(0.,0.,1.));
#7196 = ORIENTED_EDGE('',*,*,#4884,.F.);
#7197 = ORIENTED_EDGE('',*,*,#7191,.F.);
#7198 = CYLINDRICAL_SURFACE('',#7199,0.95);
#7199 = AXIS2_PLACEMENT_3D('',#7200,#7201,#7202);
#7200 = CARTESIAN_POINT('',(80.225,-39.2375,-4.5E-02));
#7201 = DIRECTION('',(-0.,-0.,-1.));
#7202 = DIRECTION('',(-0.,-1.,0.));
#7203 = ADVANCED_FACE('',(#7204),#7215,.F.);
#7204 = FACE_BOUND('',#7205,.T.);
#7205 = EDGE_LOOP('',(#7206,#7207,#7213,#7214));
#7206 = ORIENTED_EDGE('',*,*,#3231,.T.);
#7207 = ORIENTED_EDGE('',*,*,#7208,.T.);
#7208 = EDGE_CURVE('',#3232,#4896,#7209,.T.);
#7209 = LINE('',#7210,#7211);
#7210 = CARTESIAN_POINT('',(85.725,-40.9625,-4.5E-02));
#7211 = VECTOR('',#7212,1.);
#7212 = DIRECTION('',(0.,0.,1.));
#7213 = ORIENTED_EDGE('',*,*,#4895,.F.);
#7214 = ORIENTED_EDGE('',*,*,#7208,.F.);
#7215 = CYLINDRICAL_SURFACE('',#7216,1.725);
#7216 = AXIS2_PLACEMENT_3D('',#7217,#7218,#7219);
#7217 = CARTESIAN_POINT('',(85.725,-39.2375,-4.5E-02));
#7218 = DIRECTION('',(-0.,-0.,-1.));
#7219 = DIRECTION('',(-0.,-1.,0.));
#7220 = ADVANCED_FACE('',(#7221),#7232,.F.);
#7221 = FACE_BOUND('',#7222,.T.);
#7222 = EDGE_LOOP('',(#7223,#7224,#7230,#7231));
#7223 = ORIENTED_EDGE('',*,*,#3242,.T.);
#7224 = ORIENTED_EDGE('',*,*,#7225,.T.);
#7225 = EDGE_CURVE('',#3243,#4907,#7226,.T.);
#7226 = LINE('',#7227,#7228);
#7227 = CARTESIAN_POINT('',(91.225,-40.1875,-4.5E-02));
#7228 = VECTOR('',#7229,1.);
#7229 = DIRECTION('',(0.,0.,1.));
#7230 = ORIENTED_EDGE('',*,*,#4906,.F.);
#7231 = ORIENTED_EDGE('',*,*,#7225,.F.);
#7232 = CYLINDRICAL_SURFACE('',#7233,0.95);
#7233 = AXIS2_PLACEMENT_3D('',#7234,#7235,#7236);
#7234 = CARTESIAN_POINT('',(91.225,-39.2375,-4.5E-02));
#7235 = DIRECTION('',(-0.,-0.,-1.));
#7236 = DIRECTION('',(-0.,-1.,0.));
#7237 = ADVANCED_FACE('',(#7238),#7249,.F.);
#7238 = FACE_BOUND('',#7239,.T.);
#7239 = EDGE_LOOP('',(#7240,#7241,#7247,#7248));
#7240 = ORIENTED_EDGE('',*,*,#3253,.T.);
#7241 = ORIENTED_EDGE('',*,*,#7242,.T.);
#7242 = EDGE_CURVE('',#3254,#4918,#7243,.T.);
#7243 = LINE('',#7244,#7245);
#7244 = CARTESIAN_POINT('',(90.725,-36.9625,-4.5E-02));
#7245 = VECTOR('',#7246,1.);
#7246 = DIRECTION('',(0.,0.,1.));
#7247 = ORIENTED_EDGE('',*,*,#4917,.F.);
#7248 = ORIENTED_EDGE('',*,*,#7242,.F.);
#7249 = CYLINDRICAL_SURFACE('',#7250,1.525);
#7250 = AXIS2_PLACEMENT_3D('',#7251,#7252,#7253);
#7251 = CARTESIAN_POINT('',(90.725,-35.4375,-4.5E-02));
#7252 = DIRECTION('',(-0.,-0.,-1.));
#7253 = DIRECTION('',(-0.,-1.,0.));
#7254 = ADVANCED_FACE('',(#7255),#7266,.F.);
#7255 = FACE_BOUND('',#7256,.T.);
#7256 = EDGE_LOOP('',(#7257,#7258,#7264,#7265));
#7257 = ORIENTED_EDGE('',*,*,#3264,.T.);
#7258 = ORIENTED_EDGE('',*,*,#7259,.T.);
#7259 = EDGE_CURVE('',#3265,#4929,#7260,.T.);
#7260 = LINE('',#7261,#7262);
#7261 = CARTESIAN_POINT('',(85.725,-34.8625,-4.5E-02));
#7262 = VECTOR('',#7263,1.);
#7263 = DIRECTION('',(0.,0.,1.));
#7264 = ORIENTED_EDGE('',*,*,#4928,.F.);
#7265 = ORIENTED_EDGE('',*,*,#7259,.F.);
#7266 = CYLINDRICAL_SURFACE('',#7267,1.525);
#7267 = AXIS2_PLACEMENT_3D('',#7268,#7269,#7270);
#7268 = CARTESIAN_POINT('',(85.725,-33.3375,-4.5E-02));
#7269 = DIRECTION('',(-0.,-0.,-1.));
#7270 = DIRECTION('',(-0.,-1.,0.));
#7271 = ADVANCED_FACE('',(#7272),#7283,.F.);
#7272 = FACE_BOUND('',#7273,.T.);
#7273 = EDGE_LOOP('',(#7274,#7275,#7281,#7282));
#7274 = ORIENTED_EDGE('',*,*,#3275,.T.);
#7275 = ORIENTED_EDGE('',*,*,#7276,.T.);
#7276 = EDGE_CURVE('',#3276,#4940,#7277,.T.);
#7277 = LINE('',#7278,#7279);
#7278 = CARTESIAN_POINT('',(99.275,-32.5375,-4.5E-02));
#7279 = VECTOR('',#7280,1.);
#7280 = DIRECTION('',(0.,0.,1.));
#7281 = ORIENTED_EDGE('',*,*,#4939,.F.);
#7282 = ORIENTED_EDGE('',*,*,#7276,.F.);
#7283 = CYLINDRICAL_SURFACE('',#7284,0.95);
#7284 = AXIS2_PLACEMENT_3D('',#7285,#7286,#7287);
#7285 = CARTESIAN_POINT('',(99.275,-31.5875,-4.5E-02));
#7286 = DIRECTION('',(-0.,-0.,-1.));
#7287 = DIRECTION('',(-0.,-1.,0.));
#7288 = ADVANCED_FACE('',(#7289),#7300,.F.);
#7289 = FACE_BOUND('',#7290,.T.);
#7290 = EDGE_LOOP('',(#7291,#7292,#7298,#7299));
#7291 = ORIENTED_EDGE('',*,*,#3286,.T.);
#7292 = ORIENTED_EDGE('',*,*,#7293,.T.);
#7293 = EDGE_CURVE('',#3287,#4951,#7294,.T.);
#7294 = LINE('',#7295,#7296);
#7295 = CARTESIAN_POINT('',(104.775,-33.3125,-4.5E-02));
#7296 = VECTOR('',#7297,1.);
#7297 = DIRECTION('',(0.,0.,1.));
#7298 = ORIENTED_EDGE('',*,*,#4950,.F.);
#7299 = ORIENTED_EDGE('',*,*,#7293,.F.);
#7300 = CYLINDRICAL_SURFACE('',#7301,1.725);
#7301 = AXIS2_PLACEMENT_3D('',#7302,#7303,#7304);
#7302 = CARTESIAN_POINT('',(104.775,-31.5875,-4.5E-02));
#7303 = DIRECTION('',(-0.,-0.,-1.));
#7304 = DIRECTION('',(-0.,-1.,0.));
#7305 = ADVANCED_FACE('',(#7306),#7317,.F.);
#7306 = FACE_BOUND('',#7307,.T.);
#7307 = EDGE_LOOP('',(#7308,#7309,#7315,#7316));
#7308 = ORIENTED_EDGE('',*,*,#3297,.T.);
#7309 = ORIENTED_EDGE('',*,*,#7310,.T.);
#7310 = EDGE_CURVE('',#3298,#4962,#7311,.T.);
#7311 = LINE('',#7312,#7313);
#7312 = CARTESIAN_POINT('',(104.775,-27.2125,-4.5E-02));
#7313 = VECTOR('',#7314,1.);
#7314 = DIRECTION('',(0.,0.,1.));
#7315 = ORIENTED_EDGE('',*,*,#4961,.F.);
#7316 = ORIENTED_EDGE('',*,*,#7310,.F.);
#7317 = CYLINDRICAL_SURFACE('',#7318,1.525);
#7318 = AXIS2_PLACEMENT_3D('',#7319,#7320,#7321);
#7319 = CARTESIAN_POINT('',(104.775,-25.6875,-4.5E-02));
#7320 = DIRECTION('',(-0.,-0.,-1.));
#7321 = DIRECTION('',(-0.,-1.,0.));
#7322 = ADVANCED_FACE('',(#7323),#7334,.F.);
#7323 = FACE_BOUND('',#7324,.T.);
#7324 = EDGE_LOOP('',(#7325,#7326,#7332,#7333));
#7325 = ORIENTED_EDGE('',*,*,#3308,.T.);
#7326 = ORIENTED_EDGE('',*,*,#7327,.T.);
#7327 = EDGE_CURVE('',#3309,#4973,#7328,.T.);
#7328 = LINE('',#7329,#7330);
#7329 = CARTESIAN_POINT('',(118.325,-56.35,-4.5E-02));
#7330 = VECTOR('',#7331,1.);
#7331 = DIRECTION('',(0.,0.,1.));
#7332 = ORIENTED_EDGE('',*,*,#4972,.F.);
#7333 = ORIENTED_EDGE('',*,*,#7327,.F.);
#7334 = CYLINDRICAL_SURFACE('',#7335,0.95);
#7335 = AXIS2_PLACEMENT_3D('',#7336,#7337,#7338);
#7336 = CARTESIAN_POINT('',(118.325,-55.4,-4.5E-02));
#7337 = DIRECTION('',(-0.,-0.,-1.));
#7338 = DIRECTION('',(-0.,-1.,0.));
#7339 = ADVANCED_FACE('',(#7340),#7351,.F.);
#7340 = FACE_BOUND('',#7341,.T.);
#7341 = EDGE_LOOP('',(#7342,#7343,#7349,#7350));
#7342 = ORIENTED_EDGE('',*,*,#3319,.T.);
#7343 = ORIENTED_EDGE('',*,*,#7344,.T.);
#7344 = EDGE_CURVE('',#3320,#4984,#7345,.T.);
#7345 = LINE('',#7346,#7347);
#7346 = CARTESIAN_POINT('',(123.825,-57.125,-4.5E-02));
#7347 = VECTOR('',#7348,1.);
#7348 = DIRECTION('',(0.,0.,1.));
#7349 = ORIENTED_EDGE('',*,*,#4983,.F.);
#7350 = ORIENTED_EDGE('',*,*,#7344,.F.);
#7351 = CYLINDRICAL_SURFACE('',#7352,1.725);
#7352 = AXIS2_PLACEMENT_3D('',#7353,#7354,#7355);
#7353 = CARTESIAN_POINT('',(123.825,-55.4,-4.5E-02));
#7354 = DIRECTION('',(-0.,0.,-1.));
#7355 = DIRECTION('',(8.238176646494E-15,-1.,-0.));
#7356 = ADVANCED_FACE('',(#7357),#7368,.F.);
#7357 = FACE_BOUND('',#7358,.T.);
#7358 = EDGE_LOOP('',(#7359,#7360,#7366,#7367));
#7359 = ORIENTED_EDGE('',*,*,#3330,.T.);
#7360 = ORIENTED_EDGE('',*,*,#7361,.T.);
#7361 = EDGE_CURVE('',#3331,#4995,#7362,.T.);
#7362 = LINE('',#7363,#7364);
#7363 = CARTESIAN_POINT('',(137.375,-61.1125,-4.5E-02));
#7364 = VECTOR('',#7365,1.);
#7365 = DIRECTION('',(0.,0.,1.));
#7366 = ORIENTED_EDGE('',*,*,#4994,.F.);
#7367 = ORIENTED_EDGE('',*,*,#7361,.F.);
#7368 = CYLINDRICAL_SURFACE('',#7369,0.95);
#7369 = AXIS2_PLACEMENT_3D('',#7370,#7371,#7372);
#7370 = CARTESIAN_POINT('',(137.375,-60.1625,-4.5E-02));
#7371 = DIRECTION('',(-0.,-0.,-1.));
#7372 = DIRECTION('',(-0.,-1.,0.));
#7373 = ADVANCED_FACE('',(#7374),#7385,.F.);
#7374 = FACE_BOUND('',#7375,.T.);
#7375 = EDGE_LOOP('',(#7376,#7377,#7383,#7384));
#7376 = ORIENTED_EDGE('',*,*,#3341,.T.);
#7377 = ORIENTED_EDGE('',*,*,#7378,.T.);
#7378 = EDGE_CURVE('',#3342,#5006,#7379,.T.);
#7379 = LINE('',#7380,#7381);
#7380 = CARTESIAN_POINT('',(129.325,-56.35,-4.5E-02));
#7381 = VECTOR('',#7382,1.);
#7382 = DIRECTION('',(0.,0.,1.));
#7383 = ORIENTED_EDGE('',*,*,#5005,.F.);
#7384 = ORIENTED_EDGE('',*,*,#7378,.F.);
#7385 = CYLINDRICAL_SURFACE('',#7386,0.95);
#7386 = AXIS2_PLACEMENT_3D('',#7387,#7388,#7389);
#7387 = CARTESIAN_POINT('',(129.325,-55.4,-4.5E-02));
#7388 = DIRECTION('',(-0.,-0.,-1.));
#7389 = DIRECTION('',(-0.,-1.,0.));
#7390 = ADVANCED_FACE('',(#7391),#7402,.F.);
#7391 = FACE_BOUND('',#7392,.T.);
#7392 = EDGE_LOOP('',(#7393,#7394,#7400,#7401));
#7393 = ORIENTED_EDGE('',*,*,#3352,.T.);
#7394 = ORIENTED_EDGE('',*,*,#7395,.T.);
#7395 = EDGE_CURVE('',#3353,#5017,#7396,.T.);
#7396 = LINE('',#7397,#7398);
#7397 = CARTESIAN_POINT('',(110.275,-51.5875,-4.5E-02));
#7398 = VECTOR('',#7399,1.);
#7399 = DIRECTION('',(0.,0.,1.));
#7400 = ORIENTED_EDGE('',*,*,#5016,.F.);
#7401 = ORIENTED_EDGE('',*,*,#7395,.F.);
#7402 = CYLINDRICAL_SURFACE('',#7403,0.95);
#7403 = AXIS2_PLACEMENT_3D('',#7404,#7405,#7406);
#7404 = CARTESIAN_POINT('',(110.275,-50.6375,-4.5E-02));
#7405 = DIRECTION('',(-0.,-0.,-1.));
#7406 = DIRECTION('',(-0.,-1.,0.));
#7407 = ADVANCED_FACE('',(#7408),#7419,.F.);
#7408 = FACE_BOUND('',#7409,.T.);
#7409 = EDGE_LOOP('',(#7410,#7411,#7417,#7418));
#7410 = ORIENTED_EDGE('',*,*,#3363,.T.);
#7411 = ORIENTED_EDGE('',*,*,#7412,.T.);
#7412 = EDGE_CURVE('',#3364,#5028,#7413,.T.);
#7413 = LINE('',#7414,#7415);
#7414 = CARTESIAN_POINT('',(123.825,-51.025,-4.5E-02));
#7415 = VECTOR('',#7416,1.);
#7416 = DIRECTION('',(0.,0.,1.));
#7417 = ORIENTED_EDGE('',*,*,#5027,.F.);
#7418 = ORIENTED_EDGE('',*,*,#7412,.F.);
#7419 = CYLINDRICAL_SURFACE('',#7420,1.525);
#7420 = AXIS2_PLACEMENT_3D('',#7421,#7422,#7423);
#7421 = CARTESIAN_POINT('',(123.825,-49.5,-4.5E-02));
#7422 = DIRECTION('',(-0.,0.,-1.));
#7423 = DIRECTION('',(9.31859325587E-15,-1.,-0.));
#7424 = ADVANCED_FACE('',(#7425),#7436,.F.);
#7425 = FACE_BOUND('',#7426,.T.);
#7426 = EDGE_LOOP('',(#7427,#7428,#7434,#7435));
#7427 = ORIENTED_EDGE('',*,*,#3374,.T.);
#7428 = ORIENTED_EDGE('',*,*,#7429,.T.);
#7429 = EDGE_CURVE('',#3375,#5039,#7430,.T.);
#7430 = LINE('',#7431,#7432);
#7431 = CARTESIAN_POINT('',(109.775,-48.3625,-4.5E-02));
#7432 = VECTOR('',#7433,1.);
#7433 = DIRECTION('',(0.,0.,1.));
#7434 = ORIENTED_EDGE('',*,*,#5038,.F.);
#7435 = ORIENTED_EDGE('',*,*,#7429,.F.);
#7436 = CYLINDRICAL_SURFACE('',#7437,1.525);
#7437 = AXIS2_PLACEMENT_3D('',#7438,#7439,#7440);
#7438 = CARTESIAN_POINT('',(109.775,-46.8375,-4.5E-02));
#7439 = DIRECTION('',(-0.,-0.,-1.));
#7440 = DIRECTION('',(-0.,-1.,0.));
#7441 = ADVANCED_FACE('',(#7442),#7453,.F.);
#7442 = FACE_BOUND('',#7443,.T.);
#7443 = EDGE_LOOP('',(#7444,#7445,#7451,#7452));
#7444 = ORIENTED_EDGE('',*,*,#3385,.T.);
#7445 = ORIENTED_EDGE('',*,*,#7446,.T.);
#7446 = EDGE_CURVE('',#3386,#5050,#7447,.T.);
#7447 = LINE('',#7448,#7449);
#7448 = CARTESIAN_POINT('',(128.825,-53.125,-4.5E-02));
#7449 = VECTOR('',#7450,1.);
#7450 = DIRECTION('',(0.,0.,1.));
#7451 = ORIENTED_EDGE('',*,*,#5049,.F.);
#7452 = ORIENTED_EDGE('',*,*,#7446,.F.);
#7453 = CYLINDRICAL_SURFACE('',#7454,1.525);
#7454 = AXIS2_PLACEMENT_3D('',#7455,#7456,#7457);
#7455 = CARTESIAN_POINT('',(128.825,-51.6,-4.5E-02));
#7456 = DIRECTION('',(-0.,-0.,-1.));
#7457 = DIRECTION('',(-0.,-1.,0.));
#7458 = ADVANCED_FACE('',(#7459),#7470,.F.);
#7459 = FACE_BOUND('',#7460,.T.);
#7460 = EDGE_LOOP('',(#7461,#7462,#7468,#7469));
#7461 = ORIENTED_EDGE('',*,*,#3396,.T.);
#7462 = ORIENTED_EDGE('',*,*,#7463,.T.);
#7463 = EDGE_CURVE('',#3397,#5061,#7464,.T.);
#7464 = LINE('',#7465,#7466);
#7465 = CARTESIAN_POINT('',(142.875,-61.8875,-4.5E-02));
#7466 = VECTOR('',#7467,1.);
#7467 = DIRECTION('',(0.,0.,1.));
#7468 = ORIENTED_EDGE('',*,*,#5060,.F.);
#7469 = ORIENTED_EDGE('',*,*,#7463,.F.);
#7470 = CYLINDRICAL_SURFACE('',#7471,1.725);
#7471 = AXIS2_PLACEMENT_3D('',#7472,#7473,#7474);
#7472 = CARTESIAN_POINT('',(142.875,-60.1625,-4.5E-02));
#7473 = DIRECTION('',(-0.,-0.,-1.));
#7474 = DIRECTION('',(-0.,-1.,0.));
#7475 = ADVANCED_FACE('',(#7476),#7487,.F.);
#7476 = FACE_BOUND('',#7477,.T.);
#7477 = EDGE_LOOP('',(#7478,#7479,#7485,#7486));
#7478 = ORIENTED_EDGE('',*,*,#3407,.T.);
#7479 = ORIENTED_EDGE('',*,*,#7480,.T.);
#7480 = EDGE_CURVE('',#3408,#5072,#7481,.T.);
#7481 = LINE('',#7482,#7483);
#7482 = CARTESIAN_POINT('',(148.375,-61.1125,-4.5E-02));
#7483 = VECTOR('',#7484,1.);
#7484 = DIRECTION('',(0.,0.,1.));
#7485 = ORIENTED_EDGE('',*,*,#5071,.F.);
#7486 = ORIENTED_EDGE('',*,*,#7480,.F.);
#7487 = CYLINDRICAL_SURFACE('',#7488,0.95);
#7488 = AXIS2_PLACEMENT_3D('',#7489,#7490,#7491);
#7489 = CARTESIAN_POINT('',(148.375,-60.1625,-4.5E-02));
#7490 = DIRECTION('',(-0.,-0.,-1.));
#7491 = DIRECTION('',(-0.,-1.,0.));
#7492 = ADVANCED_FACE('',(#7493),#7504,.F.);
#7493 = FACE_BOUND('',#7494,.T.);
#7494 = EDGE_LOOP('',(#7495,#7496,#7502,#7503));
#7495 = ORIENTED_EDGE('',*,*,#3418,.T.);
#7496 = ORIENTED_EDGE('',*,*,#7497,.T.);
#7497 = EDGE_CURVE('',#3419,#5083,#7498,.T.);
#7498 = LINE('',#7499,#7500);
#7499 = CARTESIAN_POINT('',(147.875,-57.8875,-4.5E-02));
#7500 = VECTOR('',#7501,1.);
#7501 = DIRECTION('',(0.,0.,1.));
#7502 = ORIENTED_EDGE('',*,*,#5082,.F.);
#7503 = ORIENTED_EDGE('',*,*,#7497,.F.);
#7504 = CYLINDRICAL_SURFACE('',#7505,1.525);
#7505 = AXIS2_PLACEMENT_3D('',#7506,#7507,#7508);
#7506 = CARTESIAN_POINT('',(147.875,-56.3625,-4.5E-02));
#7507 = DIRECTION('',(-0.,-0.,-1.));
#7508 = DIRECTION('',(-0.,-1.,0.));
#7509 = ADVANCED_FACE('',(#7510),#7521,.F.);
#7510 = FACE_BOUND('',#7511,.T.);
#7511 = EDGE_LOOP('',(#7512,#7513,#7519,#7520));
#7512 = ORIENTED_EDGE('',*,*,#3429,.T.);
#7513 = ORIENTED_EDGE('',*,*,#7514,.T.);
#7514 = EDGE_CURVE('',#3430,#5094,#7515,.T.);
#7515 = LINE('',#7516,#7517);
#7516 = CARTESIAN_POINT('',(142.875,-55.7875,-4.5E-02));
#7517 = VECTOR('',#7518,1.);
#7518 = DIRECTION('',(0.,0.,1.));
#7519 = ORIENTED_EDGE('',*,*,#5093,.F.);
#7520 = ORIENTED_EDGE('',*,*,#7514,.F.);
#7521 = CYLINDRICAL_SURFACE('',#7522,1.525);
#7522 = AXIS2_PLACEMENT_3D('',#7523,#7524,#7525);
#7523 = CARTESIAN_POINT('',(142.875,-54.2625,-4.5E-02));
#7524 = DIRECTION('',(-0.,-0.,-1.));
#7525 = DIRECTION('',(-0.,-1.,0.));
#7526 = ADVANCED_FACE('',(#7527),#7538,.F.);
#7527 = FACE_BOUND('',#7528,.T.);
#7528 = EDGE_LOOP('',(#7529,#7530,#7536,#7537));
#7529 = ORIENTED_EDGE('',*,*,#3440,.T.);
#7530 = ORIENTED_EDGE('',*,*,#7531,.T.);
#7531 = EDGE_CURVE('',#3441,#5105,#7532,.T.);
#7532 = LINE('',#7533,#7534);
#7533 = CARTESIAN_POINT('',(159.78,-61.6775,-4.5E-02));
#7534 = VECTOR('',#7535,1.);
#7535 = DIRECTION('',(0.,0.,1.));
#7536 = ORIENTED_EDGE('',*,*,#5104,.F.);
#7537 = ORIENTED_EDGE('',*,*,#7531,.F.);
#7538 = CYLINDRICAL_SURFACE('',#7539,0.4);
#7539 = AXIS2_PLACEMENT_3D('',#7540,#7541,#7542);
#7540 = CARTESIAN_POINT('',(159.78,-61.2775,-4.5E-02));
#7541 = DIRECTION('',(-0.,-0.,-1.));
#7542 = DIRECTION('',(-0.,-1.,0.));
#7543 = ADVANCED_FACE('',(#7544),#7555,.F.);
#7544 = FACE_BOUND('',#7545,.T.);
#7545 = EDGE_LOOP('',(#7546,#7547,#7553,#7554));
#7546 = ORIENTED_EDGE('',*,*,#3451,.T.);
#7547 = ORIENTED_EDGE('',*,*,#7548,.T.);
#7548 = EDGE_CURVE('',#3452,#5116,#7549,.T.);
#7549 = LINE('',#7550,#7551);
#7550 = CARTESIAN_POINT('',(159.78,-59.1375,-4.5E-02));
#7551 = VECTOR('',#7552,1.);
#7552 = DIRECTION('',(0.,0.,1.));
#7553 = ORIENTED_EDGE('',*,*,#5115,.F.);
#7554 = ORIENTED_EDGE('',*,*,#7548,.F.);
#7555 = CYLINDRICAL_SURFACE('',#7556,0.4);
#7556 = AXIS2_PLACEMENT_3D('',#7557,#7558,#7559);
#7557 = CARTESIAN_POINT('',(159.78,-58.7375,-4.5E-02));
#7558 = DIRECTION('',(-0.,-0.,-1.));
#7559 = DIRECTION('',(-0.,-1.,0.));
#7560 = ADVANCED_FACE('',(#7561),#7572,.F.);
#7561 = FACE_BOUND('',#7562,.T.);
#7562 = EDGE_LOOP('',(#7563,#7564,#7570,#7571));
#7563 = ORIENTED_EDGE('',*,*,#3462,.T.);
#7564 = ORIENTED_EDGE('',*,*,#7565,.T.);
#7565 = EDGE_CURVE('',#3463,#5127,#7566,.T.);
#7566 = LINE('',#7567,#7568);
#7567 = CARTESIAN_POINT('',(175.02,-61.6775,-4.5E-02));
#7568 = VECTOR('',#7569,1.);
#7569 = DIRECTION('',(0.,0.,1.));
#7570 = ORIENTED_EDGE('',*,*,#5126,.F.);
#7571 = ORIENTED_EDGE('',*,*,#7565,.F.);
#7572 = CYLINDRICAL_SURFACE('',#7573,0.4);
#7573 = AXIS2_PLACEMENT_3D('',#7574,#7575,#7576);
#7574 = CARTESIAN_POINT('',(175.02,-61.2775,-4.5E-02));
#7575 = DIRECTION('',(-0.,0.,-1.));
#7576 = DIRECTION('',(7.105427357601E-14,-1.,-0.));
#7577 = ADVANCED_FACE('',(#7578),#7589,.F.);
#7578 = FACE_BOUND('',#7579,.T.);
#7579 = EDGE_LOOP('',(#7580,#7581,#7587,#7588));
#7580 = ORIENTED_EDGE('',*,*,#3473,.T.);
#7581 = ORIENTED_EDGE('',*,*,#7582,.T.);
#7582 = EDGE_CURVE('',#3474,#5138,#7583,.T.);
#7583 = LINE('',#7584,#7585);
#7584 = CARTESIAN_POINT('',(175.02,-59.1375,-4.5E-02));
#7585 = VECTOR('',#7586,1.);
#7586 = DIRECTION('',(0.,0.,1.));
#7587 = ORIENTED_EDGE('',*,*,#5137,.F.);
#7588 = ORIENTED_EDGE('',*,*,#7582,.F.);
#7589 = CYLINDRICAL_SURFACE('',#7590,0.4);
#7590 = AXIS2_PLACEMENT_3D('',#7591,#7592,#7593);
#7591 = CARTESIAN_POINT('',(175.02,-58.7375,-4.5E-02));
#7592 = DIRECTION('',(-0.,0.,-1.));
#7593 = DIRECTION('',(7.105427357601E-14,-1.,-0.));
#7594 = ADVANCED_FACE('',(#7595),#7606,.F.);
#7595 = FACE_BOUND('',#7596,.T.);
#7596 = EDGE_LOOP('',(#7597,#7598,#7604,#7605));
#7597 = ORIENTED_EDGE('',*,*,#3484,.T.);
#7598 = ORIENTED_EDGE('',*,*,#7599,.T.);
#7599 = EDGE_CURVE('',#3485,#5149,#7600,.T.);
#7600 = LINE('',#7601,#7602);
#7601 = CARTESIAN_POINT('',(159.78,-56.5975,-4.5E-02));
#7602 = VECTOR('',#7603,1.);
#7603 = DIRECTION('',(0.,0.,1.));
#7604 = ORIENTED_EDGE('',*,*,#5148,.F.);
#7605 = ORIENTED_EDGE('',*,*,#7599,.F.);
#7606 = CYLINDRICAL_SURFACE('',#7607,0.4);
#7607 = AXIS2_PLACEMENT_3D('',#7608,#7609,#7610);
#7608 = CARTESIAN_POINT('',(159.78,-56.1975,-4.5E-02));
#7609 = DIRECTION('',(-0.,-0.,-1.));
#7610 = DIRECTION('',(-0.,-1.,0.));
#7611 = ADVANCED_FACE('',(#7612),#7623,.F.);
#7612 = FACE_BOUND('',#7613,.T.);
#7613 = EDGE_LOOP('',(#7614,#7615,#7621,#7622));
#7614 = ORIENTED_EDGE('',*,*,#3495,.T.);
#7615 = ORIENTED_EDGE('',*,*,#7616,.T.);
#7616 = EDGE_CURVE('',#3496,#5160,#7617,.T.);
#7617 = LINE('',#7618,#7619);
#7618 = CARTESIAN_POINT('',(159.78,-54.0575,-4.5E-02));
#7619 = VECTOR('',#7620,1.);
#7620 = DIRECTION('',(0.,0.,1.));
#7621 = ORIENTED_EDGE('',*,*,#5159,.F.);
#7622 = ORIENTED_EDGE('',*,*,#7616,.F.);
#7623 = CYLINDRICAL_SURFACE('',#7624,0.4);
#7624 = AXIS2_PLACEMENT_3D('',#7625,#7626,#7627);
#7625 = CARTESIAN_POINT('',(159.78,-53.6575,-4.5E-02));
#7626 = DIRECTION('',(-0.,-0.,-1.));
#7627 = DIRECTION('',(-0.,-1.,0.));
#7628 = ADVANCED_FACE('',(#7629),#7640,.F.);
#7629 = FACE_BOUND('',#7630,.T.);
#7630 = EDGE_LOOP('',(#7631,#7632,#7638,#7639));
#7631 = ORIENTED_EDGE('',*,*,#3506,.T.);
#7632 = ORIENTED_EDGE('',*,*,#7633,.T.);
#7633 = EDGE_CURVE('',#3507,#5171,#7634,.T.);
#7634 = LINE('',#7635,#7636);
#7635 = CARTESIAN_POINT('',(175.02,-56.5975,-4.5E-02));
#7636 = VECTOR('',#7637,1.);
#7637 = DIRECTION('',(0.,0.,1.));
#7638 = ORIENTED_EDGE('',*,*,#5170,.F.);
#7639 = ORIENTED_EDGE('',*,*,#7633,.F.);
#7640 = CYLINDRICAL_SURFACE('',#7641,0.4);
#7641 = AXIS2_PLACEMENT_3D('',#7642,#7643,#7644);
#7642 = CARTESIAN_POINT('',(175.02,-56.1975,-4.5E-02));
#7643 = DIRECTION('',(-0.,0.,-1.));
#7644 = DIRECTION('',(7.105427357601E-14,-1.,-0.));
#7645 = ADVANCED_FACE('',(#7646),#7657,.F.);
#7646 = FACE_BOUND('',#7647,.T.);
#7647 = EDGE_LOOP('',(#7648,#7649,#7655,#7656));
#7648 = ORIENTED_EDGE('',*,*,#3517,.T.);
#7649 = ORIENTED_EDGE('',*,*,#7650,.T.);
#7650 = EDGE_CURVE('',#3518,#5182,#7651,.T.);
#7651 = LINE('',#7652,#7653);
#7652 = CARTESIAN_POINT('',(175.02,-54.0575,-4.5E-02));
#7653 = VECTOR('',#7654,1.);
#7654 = DIRECTION('',(0.,0.,1.));
#7655 = ORIENTED_EDGE('',*,*,#5181,.F.);
#7656 = ORIENTED_EDGE('',*,*,#7650,.F.);
#7657 = CYLINDRICAL_SURFACE('',#7658,0.4);
#7658 = AXIS2_PLACEMENT_3D('',#7659,#7660,#7661);
#7659 = CARTESIAN_POINT('',(175.02,-53.6575,-4.5E-02));
#7660 = DIRECTION('',(-0.,0.,-1.));
#7661 = DIRECTION('',(7.105427357601E-14,-1.,-0.));
#7662 = ADVANCED_FACE('',(#7663),#7674,.F.);
#7663 = FACE_BOUND('',#7664,.T.);
#7664 = EDGE_LOOP('',(#7665,#7666,#7672,#7673));
#7665 = ORIENTED_EDGE('',*,*,#3528,.T.);
#7666 = ORIENTED_EDGE('',*,*,#7667,.T.);
#7667 = EDGE_CURVE('',#3529,#5193,#7668,.T.);
#7668 = LINE('',#7669,#7670);
#7669 = CARTESIAN_POINT('',(159.78,-51.5175,-4.5E-02));
#7670 = VECTOR('',#7671,1.);
#7671 = DIRECTION('',(0.,0.,1.));
#7672 = ORIENTED_EDGE('',*,*,#5192,.F.);
#7673 = ORIENTED_EDGE('',*,*,#7667,.F.);
#7674 = CYLINDRICAL_SURFACE('',#7675,0.4);
#7675 = AXIS2_PLACEMENT_3D('',#7676,#7677,#7678);
#7676 = CARTESIAN_POINT('',(159.78,-51.1175,-4.5E-02));
#7677 = DIRECTION('',(-0.,-0.,-1.));
#7678 = DIRECTION('',(-0.,-1.,0.));
#7679 = ADVANCED_FACE('',(#7680),#7691,.F.);
#7680 = FACE_BOUND('',#7681,.T.);
#7681 = EDGE_LOOP('',(#7682,#7683,#7689,#7690));
#7682 = ORIENTED_EDGE('',*,*,#3539,.T.);
#7683 = ORIENTED_EDGE('',*,*,#7684,.T.);
#7684 = EDGE_CURVE('',#3540,#5204,#7685,.T.);
#7685 = LINE('',#7686,#7687);
#7686 = CARTESIAN_POINT('',(159.78,-48.9775,-4.5E-02));
#7687 = VECTOR('',#7688,1.);
#7688 = DIRECTION('',(0.,0.,1.));
#7689 = ORIENTED_EDGE('',*,*,#5203,.F.);
#7690 = ORIENTED_EDGE('',*,*,#7684,.F.);
#7691 = CYLINDRICAL_SURFACE('',#7692,0.4);
#7692 = AXIS2_PLACEMENT_3D('',#7693,#7694,#7695);
#7693 = CARTESIAN_POINT('',(159.78,-48.5775,-4.5E-02));
#7694 = DIRECTION('',(-0.,-0.,-1.));
#7695 = DIRECTION('',(-0.,-1.,0.));
#7696 = ADVANCED_FACE('',(#7697),#7708,.F.);
#7697 = FACE_BOUND('',#7698,.T.);
#7698 = EDGE_LOOP('',(#7699,#7700,#7706,#7707));
#7699 = ORIENTED_EDGE('',*,*,#3550,.T.);
#7700 = ORIENTED_EDGE('',*,*,#7701,.T.);
#7701 = EDGE_CURVE('',#3551,#5215,#7702,.T.);
#7702 = LINE('',#7703,#7704);
#7703 = CARTESIAN_POINT('',(175.02,-51.5175,-4.5E-02));
#7704 = VECTOR('',#7705,1.);
#7705 = DIRECTION('',(0.,0.,1.));
#7706 = ORIENTED_EDGE('',*,*,#5214,.F.);
#7707 = ORIENTED_EDGE('',*,*,#7701,.F.);
#7708 = CYLINDRICAL_SURFACE('',#7709,0.4);
#7709 = AXIS2_PLACEMENT_3D('',#7710,#7711,#7712);
#7710 = CARTESIAN_POINT('',(175.02,-51.1175,-4.5E-02));
#7711 = DIRECTION('',(-0.,0.,-1.));
#7712 = DIRECTION('',(7.105427357601E-14,-1.,-0.));
#7713 = ADVANCED_FACE('',(#7714),#7725,.F.);
#7714 = FACE_BOUND('',#7715,.T.);
#7715 = EDGE_LOOP('',(#7716,#7717,#7723,#7724));
#7716 = ORIENTED_EDGE('',*,*,#3561,.T.);
#7717 = ORIENTED_EDGE('',*,*,#7718,.T.);
#7718 = EDGE_CURVE('',#3562,#5226,#7719,.T.);
#7719 = LINE('',#7720,#7721);
#7720 = CARTESIAN_POINT('',(175.02,-48.9775,-4.5E-02));
#7721 = VECTOR('',#7722,1.);
#7722 = DIRECTION('',(0.,0.,1.));
#7723 = ORIENTED_EDGE('',*,*,#5225,.F.);
#7724 = ORIENTED_EDGE('',*,*,#7718,.F.);
#7725 = CYLINDRICAL_SURFACE('',#7726,0.4);
#7726 = AXIS2_PLACEMENT_3D('',#7727,#7728,#7729);
#7727 = CARTESIAN_POINT('',(175.02,-48.5775,-4.5E-02));
#7728 = DIRECTION('',(-0.,0.,-1.));
#7729 = DIRECTION('',(7.105427357601E-14,-1.,-0.));
#7730 = ADVANCED_FACE('',(#7731),#7742,.F.);
#7731 = FACE_BOUND('',#7732,.T.);
#7732 = EDGE_LOOP('',(#7733,#7734,#7740,#7741));
#7733 = ORIENTED_EDGE('',*,*,#3572,.T.);
#7734 = ORIENTED_EDGE('',*,*,#7735,.T.);
#7735 = EDGE_CURVE('',#3573,#5237,#7736,.T.);
#7736 = LINE('',#7737,#7738);
#7737 = CARTESIAN_POINT('',(159.78,-46.4375,-4.5E-02));
#7738 = VECTOR('',#7739,1.);
#7739 = DIRECTION('',(0.,0.,1.));
#7740 = ORIENTED_EDGE('',*,*,#5236,.F.);
#7741 = ORIENTED_EDGE('',*,*,#7735,.F.);
#7742 = CYLINDRICAL_SURFACE('',#7743,0.4);
#7743 = AXIS2_PLACEMENT_3D('',#7744,#7745,#7746);
#7744 = CARTESIAN_POINT('',(159.78,-46.0375,-4.5E-02));
#7745 = DIRECTION('',(-0.,-0.,-1.));
#7746 = DIRECTION('',(-0.,-1.,0.));
#7747 = ADVANCED_FACE('',(#7748),#7759,.F.);
#7748 = FACE_BOUND('',#7749,.T.);
#7749 = EDGE_LOOP('',(#7750,#7751,#7757,#7758));
#7750 = ORIENTED_EDGE('',*,*,#3583,.T.);
#7751 = ORIENTED_EDGE('',*,*,#7752,.T.);
#7752 = EDGE_CURVE('',#3584,#5248,#7753,.T.);
#7753 = LINE('',#7754,#7755);
#7754 = CARTESIAN_POINT('',(159.78,-43.8975,-4.5E-02));
#7755 = VECTOR('',#7756,1.);
#7756 = DIRECTION('',(0.,0.,1.));
#7757 = ORIENTED_EDGE('',*,*,#5247,.F.);
#7758 = ORIENTED_EDGE('',*,*,#7752,.F.);
#7759 = CYLINDRICAL_SURFACE('',#7760,0.4);
#7760 = AXIS2_PLACEMENT_3D('',#7761,#7762,#7763);
#7761 = CARTESIAN_POINT('',(159.78,-43.4975,-4.5E-02));
#7762 = DIRECTION('',(-0.,-0.,-1.));
#7763 = DIRECTION('',(-0.,-1.,0.));
#7764 = ADVANCED_FACE('',(#7765),#7776,.F.);
#7765 = FACE_BOUND('',#7766,.T.);
#7766 = EDGE_LOOP('',(#7767,#7768,#7774,#7775));
#7767 = ORIENTED_EDGE('',*,*,#3594,.T.);
#7768 = ORIENTED_EDGE('',*,*,#7769,.T.);
#7769 = EDGE_CURVE('',#3595,#5259,#7770,.T.);
#7770 = LINE('',#7771,#7772);
#7771 = CARTESIAN_POINT('',(175.02,-46.4375,-4.5E-02));
#7772 = VECTOR('',#7773,1.);
#7773 = DIRECTION('',(0.,0.,1.));
#7774 = ORIENTED_EDGE('',*,*,#5258,.F.);
#7775 = ORIENTED_EDGE('',*,*,#7769,.F.);
#7776 = CYLINDRICAL_SURFACE('',#7777,0.4);
#7777 = AXIS2_PLACEMENT_3D('',#7778,#7779,#7780);
#7778 = CARTESIAN_POINT('',(175.02,-46.0375,-4.5E-02));
#7779 = DIRECTION('',(-0.,0.,-1.));
#7780 = DIRECTION('',(7.105427357601E-14,-1.,-0.));
#7781 = ADVANCED_FACE('',(#7782),#7793,.F.);
#7782 = FACE_BOUND('',#7783,.T.);
#7783 = EDGE_LOOP('',(#7784,#7785,#7791,#7792));
#7784 = ORIENTED_EDGE('',*,*,#3605,.T.);
#7785 = ORIENTED_EDGE('',*,*,#7786,.T.);
#7786 = EDGE_CURVE('',#3606,#5270,#7787,.T.);
#7787 = LINE('',#7788,#7789);
#7788 = CARTESIAN_POINT('',(175.02,-43.8975,-4.5E-02));
#7789 = VECTOR('',#7790,1.);
#7790 = DIRECTION('',(0.,0.,1.));
#7791 = ORIENTED_EDGE('',*,*,#5269,.F.);
#7792 = ORIENTED_EDGE('',*,*,#7786,.F.);
#7793 = CYLINDRICAL_SURFACE('',#7794,0.4);
#7794 = AXIS2_PLACEMENT_3D('',#7795,#7796,#7797);
#7795 = CARTESIAN_POINT('',(175.02,-43.4975,-4.5E-02));
#7796 = DIRECTION('',(-0.,0.,-1.));
#7797 = DIRECTION('',(7.105427357601E-14,-1.,-0.));
#7798 = ADVANCED_FACE('',(#7799),#7810,.F.);
#7799 = FACE_BOUND('',#7800,.T.);
#7800 = EDGE_LOOP('',(#7801,#7802,#7808,#7809));
#7801 = ORIENTED_EDGE('',*,*,#3616,.T.);
#7802 = ORIENTED_EDGE('',*,*,#7803,.T.);
#7803 = EDGE_CURVE('',#3617,#5281,#7804,.T.);
#7804 = LINE('',#7805,#7806);
#7805 = CARTESIAN_POINT('',(118.325,-37.3,-4.5E-02));
#7806 = VECTOR('',#7807,1.);
#7807 = DIRECTION('',(0.,0.,1.));
#7808 = ORIENTED_EDGE('',*,*,#5280,.F.);
#7809 = ORIENTED_EDGE('',*,*,#7803,.F.);
#7810 = CYLINDRICAL_SURFACE('',#7811,0.95);
#7811 = AXIS2_PLACEMENT_3D('',#7812,#7813,#7814);
#7812 = CARTESIAN_POINT('',(118.325,-36.35,-4.5E-02));
#7813 = DIRECTION('',(-0.,-0.,-1.));
#7814 = DIRECTION('',(-0.,-1.,0.));
#7815 = ADVANCED_FACE('',(#7816),#7827,.F.);
#7816 = FACE_BOUND('',#7817,.T.);
#7817 = EDGE_LOOP('',(#7818,#7819,#7825,#7826));
#7818 = ORIENTED_EDGE('',*,*,#3627,.T.);
#7819 = ORIENTED_EDGE('',*,*,#7820,.T.);
#7820 = EDGE_CURVE('',#3628,#5292,#7821,.T.);
#7821 = LINE('',#7822,#7823);
#7822 = CARTESIAN_POINT('',(123.825,-38.075,-4.5E-02));
#7823 = VECTOR('',#7824,1.);
#7824 = DIRECTION('',(0.,0.,1.));
#7825 = ORIENTED_EDGE('',*,*,#5291,.F.);
#7826 = ORIENTED_EDGE('',*,*,#7820,.F.);
#7827 = CYLINDRICAL_SURFACE('',#7828,1.725);
#7828 = AXIS2_PLACEMENT_3D('',#7829,#7830,#7831);
#7829 = CARTESIAN_POINT('',(123.825,-36.35,-4.5E-02));
#7830 = DIRECTION('',(-0.,0.,-1.));
#7831 = DIRECTION('',(8.238176646494E-15,-1.,-0.));
#7832 = ADVANCED_FACE('',(#7833),#7844,.F.);
#7833 = FACE_BOUND('',#7834,.T.);
#7834 = EDGE_LOOP('',(#7835,#7836,#7842,#7843));
#7835 = ORIENTED_EDGE('',*,*,#3638,.T.);
#7836 = ORIENTED_EDGE('',*,*,#7837,.T.);
#7837 = EDGE_CURVE('',#3639,#5303,#7838,.T.);
#7838 = LINE('',#7839,#7840);
#7839 = CARTESIAN_POINT('',(137.375,-42.0625,-4.5E-02));
#7840 = VECTOR('',#7841,1.);
#7841 = DIRECTION('',(0.,0.,1.));
#7842 = ORIENTED_EDGE('',*,*,#5302,.F.);
#7843 = ORIENTED_EDGE('',*,*,#7837,.F.);
#7844 = CYLINDRICAL_SURFACE('',#7845,0.95);
#7845 = AXIS2_PLACEMENT_3D('',#7846,#7847,#7848);
#7846 = CARTESIAN_POINT('',(137.375,-41.1125,-4.5E-02));
#7847 = DIRECTION('',(-0.,-0.,-1.));
#7848 = DIRECTION('',(-0.,-1.,0.));
#7849 = ADVANCED_FACE('',(#7850),#7861,.F.);
#7850 = FACE_BOUND('',#7851,.T.);
#7851 = EDGE_LOOP('',(#7852,#7853,#7859,#7860));
#7852 = ORIENTED_EDGE('',*,*,#3649,.T.);
#7853 = ORIENTED_EDGE('',*,*,#7854,.T.);
#7854 = EDGE_CURVE('',#3650,#5314,#7855,.T.);
#7855 = LINE('',#7856,#7857);
#7856 = CARTESIAN_POINT('',(129.325,-37.3,-4.5E-02));
#7857 = VECTOR('',#7858,1.);
#7858 = DIRECTION('',(0.,0.,1.));
#7859 = ORIENTED_EDGE('',*,*,#5313,.F.);
#7860 = ORIENTED_EDGE('',*,*,#7854,.F.);
#7861 = CYLINDRICAL_SURFACE('',#7862,0.95);
#7862 = AXIS2_PLACEMENT_3D('',#7863,#7864,#7865);
#7863 = CARTESIAN_POINT('',(129.325,-36.35,-4.5E-02));
#7864 = DIRECTION('',(-0.,-0.,-1.));
#7865 = DIRECTION('',(-0.,-1.,0.));
#7866 = ADVANCED_FACE('',(#7867),#7878,.F.);
#7867 = FACE_BOUND('',#7868,.T.);
#7868 = EDGE_LOOP('',(#7869,#7870,#7876,#7877));
#7869 = ORIENTED_EDGE('',*,*,#3660,.T.);
#7870 = ORIENTED_EDGE('',*,*,#7871,.T.);
#7871 = EDGE_CURVE('',#3661,#5325,#7872,.T.);
#7872 = LINE('',#7873,#7874);
#7873 = CARTESIAN_POINT('',(110.275,-32.5375,-4.5E-02));
#7874 = VECTOR('',#7875,1.);
#7875 = DIRECTION('',(0.,0.,1.));
#7876 = ORIENTED_EDGE('',*,*,#5324,.F.);
#7877 = ORIENTED_EDGE('',*,*,#7871,.F.);
#7878 = CYLINDRICAL_SURFACE('',#7879,0.95);
#7879 = AXIS2_PLACEMENT_3D('',#7880,#7881,#7882);
#7880 = CARTESIAN_POINT('',(110.275,-31.5875,-4.5E-02));
#7881 = DIRECTION('',(-0.,-0.,-1.));
#7882 = DIRECTION('',(-0.,-1.,0.));
#7883 = ADVANCED_FACE('',(#7884),#7895,.F.);
#7884 = FACE_BOUND('',#7885,.T.);
#7885 = EDGE_LOOP('',(#7886,#7887,#7893,#7894));
#7886 = ORIENTED_EDGE('',*,*,#3671,.T.);
#7887 = ORIENTED_EDGE('',*,*,#7888,.T.);
#7888 = EDGE_CURVE('',#3672,#5336,#7889,.T.);
#7889 = LINE('',#7890,#7891);
#7890 = CARTESIAN_POINT('',(123.825,-31.975,-4.5E-02));
#7891 = VECTOR('',#7892,1.);
#7892 = DIRECTION('',(0.,0.,1.));
#7893 = ORIENTED_EDGE('',*,*,#5335,.F.);
#7894 = ORIENTED_EDGE('',*,*,#7888,.F.);
#7895 = CYLINDRICAL_SURFACE('',#7896,1.525);
#7896 = AXIS2_PLACEMENT_3D('',#7897,#7898,#7899);
#7897 = CARTESIAN_POINT('',(123.825,-30.45,-4.5E-02));
#7898 = DIRECTION('',(-0.,0.,-1.));
#7899 = DIRECTION('',(9.31859325587E-15,-1.,-0.));
#7900 = ADVANCED_FACE('',(#7901),#7912,.F.);
#7901 = FACE_BOUND('',#7902,.T.);
#7902 = EDGE_LOOP('',(#7903,#7904,#7910,#7911));
#7903 = ORIENTED_EDGE('',*,*,#3682,.T.);
#7904 = ORIENTED_EDGE('',*,*,#7905,.T.);
#7905 = EDGE_CURVE('',#3683,#5347,#7906,.T.);
#7906 = LINE('',#7907,#7908);
#7907 = CARTESIAN_POINT('',(109.775,-29.3125,-4.5E-02));
#7908 = VECTOR('',#7909,1.);
#7909 = DIRECTION('',(0.,0.,1.));
#7910 = ORIENTED_EDGE('',*,*,#5346,.F.);
#7911 = ORIENTED_EDGE('',*,*,#7905,.F.);
#7912 = CYLINDRICAL_SURFACE('',#7913,1.525);
#7913 = AXIS2_PLACEMENT_3D('',#7914,#7915,#7916);
#7914 = CARTESIAN_POINT('',(109.775,-27.7875,-4.5E-02));
#7915 = DIRECTION('',(-0.,-0.,-1.));
#7916 = DIRECTION('',(-0.,-1.,0.));
#7917 = ADVANCED_FACE('',(#7918),#7929,.F.);
#7918 = FACE_BOUND('',#7919,.T.);
#7919 = EDGE_LOOP('',(#7920,#7921,#7927,#7928));
#7920 = ORIENTED_EDGE('',*,*,#3693,.T.);
#7921 = ORIENTED_EDGE('',*,*,#7922,.T.);
#7922 = EDGE_CURVE('',#3694,#5358,#7923,.T.);
#7923 = LINE('',#7924,#7925);
#7924 = CARTESIAN_POINT('',(128.825,-34.075,-4.5E-02));
#7925 = VECTOR('',#7926,1.);
#7926 = DIRECTION('',(0.,0.,1.));
#7927 = ORIENTED_EDGE('',*,*,#5357,.F.);
#7928 = ORIENTED_EDGE('',*,*,#7922,.F.);
#7929 = CYLINDRICAL_SURFACE('',#7930,1.525);
#7930 = AXIS2_PLACEMENT_3D('',#7931,#7932,#7933);
#7931 = CARTESIAN_POINT('',(128.825,-32.55,-4.5E-02));
#7932 = DIRECTION('',(-0.,-0.,-1.));
#7933 = DIRECTION('',(-0.,-1.,0.));
#7934 = ADVANCED_FACE('',(#7935),#7946,.F.);
#7935 = FACE_BOUND('',#7936,.T.);
#7936 = EDGE_LOOP('',(#7937,#7938,#7944,#7945));
#7937 = ORIENTED_EDGE('',*,*,#3704,.T.);
#7938 = ORIENTED_EDGE('',*,*,#7939,.T.);
#7939 = EDGE_CURVE('',#3705,#5369,#7940,.T.);
#7940 = LINE('',#7941,#7942);
#7941 = CARTESIAN_POINT('',(142.875,-42.8375,-4.5E-02));
#7942 = VECTOR('',#7943,1.);
#7943 = DIRECTION('',(0.,0.,1.));
#7944 = ORIENTED_EDGE('',*,*,#5368,.F.);
#7945 = ORIENTED_EDGE('',*,*,#7939,.F.);
#7946 = CYLINDRICAL_SURFACE('',#7947,1.725);
#7947 = AXIS2_PLACEMENT_3D('',#7948,#7949,#7950);
#7948 = CARTESIAN_POINT('',(142.875,-41.1125,-4.5E-02));
#7949 = DIRECTION('',(-0.,-0.,-1.));
#7950 = DIRECTION('',(-0.,-1.,0.));
#7951 = ADVANCED_FACE('',(#7952),#7963,.F.);
#7952 = FACE_BOUND('',#7953,.T.);
#7953 = EDGE_LOOP('',(#7954,#7955,#7961,#7962));
#7954 = ORIENTED_EDGE('',*,*,#3715,.T.);
#7955 = ORIENTED_EDGE('',*,*,#7956,.T.);
#7956 = EDGE_CURVE('',#3716,#5380,#7957,.T.);
#7957 = LINE('',#7958,#7959);
#7958 = CARTESIAN_POINT('',(148.375,-42.0625,-4.5E-02));
#7959 = VECTOR('',#7960,1.);
#7960 = DIRECTION('',(0.,0.,1.));
#7961 = ORIENTED_EDGE('',*,*,#5379,.F.);
#7962 = ORIENTED_EDGE('',*,*,#7956,.F.);
#7963 = CYLINDRICAL_SURFACE('',#7964,0.95);
#7964 = AXIS2_PLACEMENT_3D('',#7965,#7966,#7967);
#7965 = CARTESIAN_POINT('',(148.375,-41.1125,-4.5E-02));
#7966 = DIRECTION('',(-0.,-0.,-1.));
#7967 = DIRECTION('',(-0.,-1.,0.));
#7968 = ADVANCED_FACE('',(#7969),#7980,.F.);
#7969 = FACE_BOUND('',#7970,.T.);
#7970 = EDGE_LOOP('',(#7971,#7972,#7978,#7979));
#7971 = ORIENTED_EDGE('',*,*,#3726,.T.);
#7972 = ORIENTED_EDGE('',*,*,#7973,.T.);
#7973 = EDGE_CURVE('',#3727,#5391,#7974,.T.);
#7974 = LINE('',#7975,#7976);
#7975 = CARTESIAN_POINT('',(147.875,-38.8375,-4.5E-02));
#7976 = VECTOR('',#7977,1.);
#7977 = DIRECTION('',(0.,0.,1.));
#7978 = ORIENTED_EDGE('',*,*,#5390,.F.);
#7979 = ORIENTED_EDGE('',*,*,#7973,.F.);
#7980 = CYLINDRICAL_SURFACE('',#7981,1.525);
#7981 = AXIS2_PLACEMENT_3D('',#7982,#7983,#7984);
#7982 = CARTESIAN_POINT('',(147.875,-37.3125,-4.5E-02));
#7983 = DIRECTION('',(-0.,-0.,-1.));
#7984 = DIRECTION('',(-0.,-1.,0.));
#7985 = ADVANCED_FACE('',(#7986),#7997,.F.);
#7986 = FACE_BOUND('',#7987,.T.);
#7987 = EDGE_LOOP('',(#7988,#7989,#7995,#7996));
#7988 = ORIENTED_EDGE('',*,*,#3737,.T.);
#7989 = ORIENTED_EDGE('',*,*,#7990,.T.);
#7990 = EDGE_CURVE('',#3738,#5402,#7991,.T.);
#7991 = LINE('',#7992,#7993);
#7992 = CARTESIAN_POINT('',(142.875,-36.7375,-4.5E-02));
#7993 = VECTOR('',#7994,1.);
#7994 = DIRECTION('',(0.,0.,1.));
#7995 = ORIENTED_EDGE('',*,*,#5401,.F.);
#7996 = ORIENTED_EDGE('',*,*,#7990,.F.);
#7997 = CYLINDRICAL_SURFACE('',#7998,1.525);
#7998 = AXIS2_PLACEMENT_3D('',#7999,#8000,#8001);
#7999 = CARTESIAN_POINT('',(142.875,-35.2125,-4.5E-02));
#8000 = DIRECTION('',(-0.,-0.,-1.));
#8001 = DIRECTION('',(-0.,-1.,0.));
#8002 = ADVANCED_FACE('',(#8003),#8014,.F.);
#8003 = FACE_BOUND('',#8004,.T.);
#8004 = EDGE_LOOP('',(#8005,#8011,#8012,#8013));
#8005 = ORIENTED_EDGE('',*,*,#8006,.T.);
#8006 = EDGE_CURVE('',#3749,#5413,#8007,.T.);
#8007 = LINE('',#8008,#8009);
#8008 = CARTESIAN_POINT('',(156.810775,-34.25,0.));
#8009 = VECTOR('',#8010,1.);
#8010 = DIRECTION('',(0.,0.,1.));
#8011 = ORIENTED_EDGE('',*,*,#5412,.T.);
#8012 = ORIENTED_EDGE('',*,*,#8006,.F.);
#8013 = ORIENTED_EDGE('',*,*,#3748,.F.);
#8014 = CYLINDRICAL_SURFACE('',#8015,1.560775);
#8015 = AXIS2_PLACEMENT_3D('',#8016,#8017,#8018);
#8016 = CARTESIAN_POINT('',(155.25,-34.25,0.));
#8017 = DIRECTION('',(-0.,-0.,-1.));
#8018 = DIRECTION('',(1.,0.,-0.));
#8019 = ADVANCED_FACE('',(#8020),#8031,.F.);
#8020 = FACE_BOUND('',#8021,.T.);
#8021 = EDGE_LOOP('',(#8022,#8023,#8029,#8030));
#8022 = ORIENTED_EDGE('',*,*,#3759,.T.);
#8023 = ORIENTED_EDGE('',*,*,#8024,.T.);
#8024 = EDGE_CURVE('',#3760,#5424,#8025,.T.);
#8025 = LINE('',#8026,#8027);
#8026 = CARTESIAN_POINT('',(159.78,-41.3575,-4.5E-02));
#8027 = VECTOR('',#8028,1.);
#8028 = DIRECTION('',(0.,0.,1.));
#8029 = ORIENTED_EDGE('',*,*,#5423,.F.);
#8030 = ORIENTED_EDGE('',*,*,#8024,.F.);
#8031 = CYLINDRICAL_SURFACE('',#8032,0.4);
#8032 = AXIS2_PLACEMENT_3D('',#8033,#8034,#8035);
#8033 = CARTESIAN_POINT('',(159.78,-40.9575,-4.5E-02));
#8034 = DIRECTION('',(-0.,-0.,-1.));
#8035 = DIRECTION('',(-0.,-1.,0.));
#8036 = ADVANCED_FACE('',(#8037),#8048,.F.);
#8037 = FACE_BOUND('',#8038,.T.);
#8038 = EDGE_LOOP('',(#8039,#8040,#8046,#8047));
#8039 = ORIENTED_EDGE('',*,*,#3770,.T.);
#8040 = ORIENTED_EDGE('',*,*,#8041,.T.);
#8041 = EDGE_CURVE('',#3771,#5435,#8042,.T.);
#8042 = LINE('',#8043,#8044);
#8043 = CARTESIAN_POINT('',(159.78,-38.8175,-4.5E-02));
#8044 = VECTOR('',#8045,1.);
#8045 = DIRECTION('',(0.,0.,1.));
#8046 = ORIENTED_EDGE('',*,*,#5434,.F.);
#8047 = ORIENTED_EDGE('',*,*,#8041,.F.);
#8048 = CYLINDRICAL_SURFACE('',#8049,0.4);
#8049 = AXIS2_PLACEMENT_3D('',#8050,#8051,#8052);
#8050 = CARTESIAN_POINT('',(159.78,-38.4175,-4.5E-02));
#8051 = DIRECTION('',(-0.,-0.,-1.));
#8052 = DIRECTION('',(-0.,-1.,0.));
#8053 = ADVANCED_FACE('',(#8054),#8065,.F.);
#8054 = FACE_BOUND('',#8055,.T.);
#8055 = EDGE_LOOP('',(#8056,#8057,#8063,#8064));
#8056 = ORIENTED_EDGE('',*,*,#3781,.T.);
#8057 = ORIENTED_EDGE('',*,*,#8058,.T.);
#8058 = EDGE_CURVE('',#3782,#5446,#8059,.T.);
#8059 = LINE('',#8060,#8061);
#8060 = CARTESIAN_POINT('',(175.02,-41.3575,-4.5E-02));
#8061 = VECTOR('',#8062,1.);
#8062 = DIRECTION('',(0.,0.,1.));
#8063 = ORIENTED_EDGE('',*,*,#5445,.F.);
#8064 = ORIENTED_EDGE('',*,*,#8058,.F.);
#8065 = CYLINDRICAL_SURFACE('',#8066,0.4);
#8066 = AXIS2_PLACEMENT_3D('',#8067,#8068,#8069);
#8067 = CARTESIAN_POINT('',(175.02,-40.9575,-4.5E-02));
#8068 = DIRECTION('',(-0.,0.,-1.));
#8069 = DIRECTION('',(7.105427357601E-14,-1.,-0.));
#8070 = ADVANCED_FACE('',(#8071),#8082,.F.);
#8071 = FACE_BOUND('',#8072,.T.);
#8072 = EDGE_LOOP('',(#8073,#8074,#8080,#8081));
#8073 = ORIENTED_EDGE('',*,*,#3792,.T.);
#8074 = ORIENTED_EDGE('',*,*,#8075,.T.);
#8075 = EDGE_CURVE('',#3793,#5457,#8076,.T.);
#8076 = LINE('',#8077,#8078);
#8077 = CARTESIAN_POINT('',(175.02,-38.8175,-4.5E-02));
#8078 = VECTOR('',#8079,1.);
#8079 = DIRECTION('',(0.,0.,1.));
#8080 = ORIENTED_EDGE('',*,*,#5456,.F.);
#8081 = ORIENTED_EDGE('',*,*,#8075,.F.);
#8082 = CYLINDRICAL_SURFACE('',#8083,0.4);
#8083 = AXIS2_PLACEMENT_3D('',#8084,#8085,#8086);
#8084 = CARTESIAN_POINT('',(175.02,-38.4175,-4.5E-02));
#8085 = DIRECTION('',(-0.,0.,-1.));
#8086 = DIRECTION('',(7.105427357601E-14,-1.,-0.));
#8087 = ADVANCED_FACE('',(#8088),#8099,.F.);
#8088 = FACE_BOUND('',#8089,.T.);
#8089 = EDGE_LOOP('',(#8090,#8091,#8097,#8098));
#8090 = ORIENTED_EDGE('',*,*,#3803,.T.);
#8091 = ORIENTED_EDGE('',*,*,#8092,.T.);
#8092 = EDGE_CURVE('',#3804,#5468,#8093,.T.);
#8093 = LINE('',#8094,#8095);
#8094 = CARTESIAN_POINT('',(159.78,-36.2775,-4.5E-02));
#8095 = VECTOR('',#8096,1.);
#8096 = DIRECTION('',(0.,0.,1.));
#8097 = ORIENTED_EDGE('',*,*,#5467,.F.);
#8098 = ORIENTED_EDGE('',*,*,#8092,.F.);
#8099 = CYLINDRICAL_SURFACE('',#8100,0.4);
#8100 = AXIS2_PLACEMENT_3D('',#8101,#8102,#8103);
#8101 = CARTESIAN_POINT('',(159.78,-35.8775,-4.5E-02));
#8102 = DIRECTION('',(-0.,-0.,-1.));
#8103 = DIRECTION('',(-0.,-1.,0.));
#8104 = ADVANCED_FACE('',(#8105),#8116,.F.);
#8105 = FACE_BOUND('',#8106,.T.);
#8106 = EDGE_LOOP('',(#8107,#8108,#8114,#8115));
#8107 = ORIENTED_EDGE('',*,*,#3814,.T.);
#8108 = ORIENTED_EDGE('',*,*,#8109,.T.);
#8109 = EDGE_CURVE('',#3815,#5479,#8110,.T.);
#8110 = LINE('',#8111,#8112);
#8111 = CARTESIAN_POINT('',(175.02,-36.2775,-4.5E-02));
#8112 = VECTOR('',#8113,1.);
#8113 = DIRECTION('',(0.,0.,1.));
#8114 = ORIENTED_EDGE('',*,*,#5478,.F.);
#8115 = ORIENTED_EDGE('',*,*,#8109,.F.);
#8116 = CYLINDRICAL_SURFACE('',#8117,0.4);
#8117 = AXIS2_PLACEMENT_3D('',#8118,#8119,#8120);
#8118 = CARTESIAN_POINT('',(175.02,-35.8775,-4.5E-02));
#8119 = DIRECTION('',(-0.,0.,-1.));
#8120 = DIRECTION('',(7.105427357601E-14,-1.,-0.));
#8121 = ( GEOMETRIC_REPRESENTATION_CONTEXT(3) 
GLOBAL_UNCERTAINTY_ASSIGNED_CONTEXT((#8125)) 
GLOBAL_UNIT_ASSIGNED_CONTEXT((#8122,#8123,#8124)) REPRESENTATION_CONTEXT
('Context #1','3D Context with UNIT and UNCERTAINTY') );
#8122 = ( LENGTH_UNIT() NAMED_UNIT(*) SI_UNIT(.MILLI.,.METRE.) );
#8123 = ( NAMED_UNIT(*) PLANE_ANGLE_UNIT() SI_UNIT($,.RADIAN.) );
#8124 = ( NAMED_UNIT(*) SI_UNIT($,.STERADIAN.) SOLID_ANGLE_UNIT() );
#8125 = UNCERTAINTY_MEASURE_WITH_UNIT(LENGTH_MEASURE(1.E-07),#8122,
  'distance_accuracy_value','confusion accuracy');
#8126 = CONTEXT_DEPENDENT_SHAPE_REPRESENTATION(#8127,#8129);
#8127 = ( REPRESENTATION_RELATIONSHIP('','',#2058,#10) 
REPRESENTATION_RELATIONSHIP_WITH_TRANSFORMATION(#8128) 
SHAPE_REPRESENTATION_RELATIONSHIP() );
#8128 = ITEM_DEFINED_TRANSFORMATION('','',#11,#99);
#8129 = PRODUCT_DEFINITION_SHAPE('Placement','Placement of an item',
  #8130);
#8130 = NEXT_ASSEMBLY_USAGE_OCCURRENCE('23','=>[0:1:1:4]','',#5,#2053,$
  );
#8131 = PRODUCT_RELATED_PRODUCT_CATEGORY('part',$,(#2055));
#8132 = MECHANICAL_DESIGN_GEOMETRIC_PRESENTATION_REPRESENTATION('',(
    #8133),#8121);
#8133 = STYLED_ITEM('color',(#8134),#2059);
#8134 = PRESENTATION_STYLE_ASSIGNMENT((#8135));
#8135 = SURFACE_STYLE_USAGE(.BOTH.,#8136);
#8136 = SURFACE_SIDE_STYLE('',(#8137));
#8137 = SURFACE_STYLE_FILL_AREA(#8138);
#8138 = FILL_AREA_STYLE('',(#8139));
#8139 = FILL_AREA_STYLE_COLOUR('',#8140);
#8140 = COLOUR_RGB('',0.313304153717,0.484529207832,0.410020903123);
#8141 = MECHANICAL_DESIGN_GEOMETRIC_PRESENTATION_REPRESENTATION('',(
    #8142,#8150,#8157,#8164,#8171,#8178,#8186,#8193,#8200,#8207,#8214,
    #8221,#8228,#8235,#8242,#8249,#8256,#8263,#8270,#8277,#8284,#8291,
    #8298,#8305,#8312,#8319,#8326,#8333,#8340,#8347,#8354,#8361,#8368,
    #8375,#8382,#8389,#8396,#8403,#8410,#8417,#8424,#8431,#8438,#8445,
    #8452,#8459,#8466,#8473,#8480,#8487,#8494,#8501,#8508,#8515,#8522,
    #8530,#8537,#8544,#8551,#8558,#8565,#8572,#8579,#8586,#8593,#8600,
    #8607),#1940);
#8142 = STYLED_ITEM('color',(#8143),#142);
#8143 = PRESENTATION_STYLE_ASSIGNMENT((#8144));
#8144 = SURFACE_STYLE_USAGE(.BOTH.,#8145);
#8145 = SURFACE_SIDE_STYLE('',(#8146));
#8146 = SURFACE_STYLE_FILL_AREA(#8147);
#8147 = FILL_AREA_STYLE('',(#8148));
#8148 = FILL_AREA_STYLE_COLOUR('',#8149);
#8149 = COLOUR_RGB('',0.823529417451,0.819607860991,0.780392170416);
#8150 = STYLED_ITEM('color',(#8151),#182);
#8151 = PRESENTATION_STYLE_ASSIGNMENT((#8152));
#8152 = SURFACE_STYLE_USAGE(.BOTH.,#8153);
#8153 = SURFACE_SIDE_STYLE('',(#8154));
#8154 = SURFACE_STYLE_FILL_AREA(#8155);
#8155 = FILL_AREA_STYLE('',(#8156));
#8156 = FILL_AREA_STYLE_COLOUR('',#8149);
#8157 = STYLED_ITEM('color',(#8158),#215);
#8158 = PRESENTATION_STYLE_ASSIGNMENT((#8159));
#8159 = SURFACE_STYLE_USAGE(.BOTH.,#8160);
#8160 = SURFACE_SIDE_STYLE('',(#8161));
#8161 = SURFACE_STYLE_FILL_AREA(#8162);
#8162 = FILL_AREA_STYLE('',(#8163));
#8163 = FILL_AREA_STYLE_COLOUR('',#8149);
#8164 = STYLED_ITEM('color',(#8165),#248);
#8165 = PRESENTATION_STYLE_ASSIGNMENT((#8166));
#8166 = SURFACE_STYLE_USAGE(.BOTH.,#8167);
#8167 = SURFACE_SIDE_STYLE('',(#8168));
#8168 = SURFACE_STYLE_FILL_AREA(#8169);
#8169 = FILL_AREA_STYLE('',(#8170));
#8170 = FILL_AREA_STYLE_COLOUR('',#8149);
#8171 = STYLED_ITEM('color',(#8172),#315);
#8172 = PRESENTATION_STYLE_ASSIGNMENT((#8173));
#8173 = SURFACE_STYLE_USAGE(.BOTH.,#8174);
#8174 = SURFACE_SIDE_STYLE('',(#8175));
#8175 = SURFACE_STYLE_FILL_AREA(#8176);
#8176 = FILL_AREA_STYLE('',(#8177));
#8177 = FILL_AREA_STYLE_COLOUR('',#8149);
#8178 = STYLED_ITEM('color',(#8179),#382);
#8179 = PRESENTATION_STYLE_ASSIGNMENT((#8180));
#8180 = SURFACE_STYLE_USAGE(.BOTH.,#8181);
#8181 = SURFACE_SIDE_STYLE('',(#8182));
#8182 = SURFACE_STYLE_FILL_AREA(#8183);
#8183 = FILL_AREA_STYLE('',(#8184));
#8184 = FILL_AREA_STYLE_COLOUR('',#8185);
#8185 = COLOUR_RGB('',0.145098047169,0.14117647753,0.14117647753);
#8186 = STYLED_ITEM('color',(#8187),#427);
#8187 = PRESENTATION_STYLE_ASSIGNMENT((#8188));
#8188 = SURFACE_STYLE_USAGE(.BOTH.,#8189);
#8189 = SURFACE_SIDE_STYLE('',(#8190));
#8190 = SURFACE_STYLE_FILL_AREA(#8191);
#8191 = FILL_AREA_STYLE('',(#8192));
#8192 = FILL_AREA_STYLE_COLOUR('',#8149);
#8193 = STYLED_ITEM('color',(#8194),#444);
#8194 = PRESENTATION_STYLE_ASSIGNMENT((#8195));
#8195 = SURFACE_STYLE_USAGE(.BOTH.,#8196);
#8196 = SURFACE_SIDE_STYLE('',(#8197));
#8197 = SURFACE_STYLE_FILL_AREA(#8198);
#8198 = FILL_AREA_STYLE('',(#8199));
#8199 = FILL_AREA_STYLE_COLOUR('',#8185);
#8200 = STYLED_ITEM('color',(#8201),#467);
#8201 = PRESENTATION_STYLE_ASSIGNMENT((#8202));
#8202 = SURFACE_STYLE_USAGE(.BOTH.,#8203);
#8203 = SURFACE_SIDE_STYLE('',(#8204));
#8204 = SURFACE_STYLE_FILL_AREA(#8205);
#8205 = FILL_AREA_STYLE('',(#8206));
#8206 = FILL_AREA_STYLE_COLOUR('',#8149);
#8207 = STYLED_ITEM('color',(#8208),#489);
#8208 = PRESENTATION_STYLE_ASSIGNMENT((#8209));
#8209 = SURFACE_STYLE_USAGE(.BOTH.,#8210);
#8210 = SURFACE_SIDE_STYLE('',(#8211));
#8211 = SURFACE_STYLE_FILL_AREA(#8212);
#8212 = FILL_AREA_STYLE('',(#8213));
#8213 = FILL_AREA_STYLE_COLOUR('',#8149);
#8214 = STYLED_ITEM('color',(#8215),#506);
#8215 = PRESENTATION_STYLE_ASSIGNMENT((#8216));
#8216 = SURFACE_STYLE_USAGE(.BOTH.,#8217);
#8217 = SURFACE_SIDE_STYLE('',(#8218));
#8218 = SURFACE_STYLE_FILL_AREA(#8219);
#8219 = FILL_AREA_STYLE('',(#8220));
#8220 = FILL_AREA_STYLE_COLOUR('',#8149);
#8221 = STYLED_ITEM('color',(#8222),#523);
#8222 = PRESENTATION_STYLE_ASSIGNMENT((#8223));
#8223 = SURFACE_STYLE_USAGE(.BOTH.,#8224);
#8224 = SURFACE_SIDE_STYLE('',(#8225));
#8225 = SURFACE_STYLE_FILL_AREA(#8226);
#8226 = FILL_AREA_STYLE('',(#8227));
#8227 = FILL_AREA_STYLE_COLOUR('',#8149);
#8228 = STYLED_ITEM('color',(#8229),#540);
#8229 = PRESENTATION_STYLE_ASSIGNMENT((#8230));
#8230 = SURFACE_STYLE_USAGE(.BOTH.,#8231);
#8231 = SURFACE_SIDE_STYLE('',(#8232));
#8232 = SURFACE_STYLE_FILL_AREA(#8233);
#8233 = FILL_AREA_STYLE('',(#8234));
#8234 = FILL_AREA_STYLE_COLOUR('',#8149);
#8235 = STYLED_ITEM('color',(#8236),#552);
#8236 = PRESENTATION_STYLE_ASSIGNMENT((#8237));
#8237 = SURFACE_STYLE_USAGE(.BOTH.,#8238);
#8238 = SURFACE_SIDE_STYLE('',(#8239));
#8239 = SURFACE_STYLE_FILL_AREA(#8240);
#8240 = FILL_AREA_STYLE('',(#8241));
#8241 = FILL_AREA_STYLE_COLOUR('',#8185);
#8242 = STYLED_ITEM('color',(#8243),#575);
#8243 = PRESENTATION_STYLE_ASSIGNMENT((#8244));
#8244 = SURFACE_STYLE_USAGE(.BOTH.,#8245);
#8245 = SURFACE_SIDE_STYLE('',(#8246));
#8246 = SURFACE_STYLE_FILL_AREA(#8247);
#8247 = FILL_AREA_STYLE('',(#8248));
#8248 = FILL_AREA_STYLE_COLOUR('',#8185);
#8249 = STYLED_ITEM('color',(#8250),#638);
#8250 = PRESENTATION_STYLE_ASSIGNMENT((#8251));
#8251 = SURFACE_STYLE_USAGE(.BOTH.,#8252);
#8252 = SURFACE_SIDE_STYLE('',(#8253));
#8253 = SURFACE_STYLE_FILL_AREA(#8254);
#8254 = FILL_AREA_STYLE('',(#8255));
#8255 = FILL_AREA_STYLE_COLOUR('',#8185);
#8256 = STYLED_ITEM('color',(#8257),#661);
#8257 = PRESENTATION_STYLE_ASSIGNMENT((#8258));
#8258 = SURFACE_STYLE_USAGE(.BOTH.,#8259);
#8259 = SURFACE_SIDE_STYLE('',(#8260));
#8260 = SURFACE_STYLE_FILL_AREA(#8261);
#8261 = FILL_AREA_STYLE('',(#8262));
#8262 = FILL_AREA_STYLE_COLOUR('',#8185);
#8263 = STYLED_ITEM('color',(#8264),#684);
#8264 = PRESENTATION_STYLE_ASSIGNMENT((#8265));
#8265 = SURFACE_STYLE_USAGE(.BOTH.,#8266);
#8266 = SURFACE_SIDE_STYLE('',(#8267));
#8267 = SURFACE_STYLE_FILL_AREA(#8268);
#8268 = FILL_AREA_STYLE('',(#8269));
#8269 = FILL_AREA_STYLE_COLOUR('',#8185);
#8270 = STYLED_ITEM('color',(#8271),#707);
#8271 = PRESENTATION_STYLE_ASSIGNMENT((#8272));
#8272 = SURFACE_STYLE_USAGE(.BOTH.,#8273);
#8273 = SURFACE_SIDE_STYLE('',(#8274));
#8274 = SURFACE_STYLE_FILL_AREA(#8275);
#8275 = FILL_AREA_STYLE('',(#8276));
#8276 = FILL_AREA_STYLE_COLOUR('',#8185);
#8277 = STYLED_ITEM('color',(#8278),#737);
#8278 = PRESENTATION_STYLE_ASSIGNMENT((#8279));
#8279 = SURFACE_STYLE_USAGE(.BOTH.,#8280);
#8280 = SURFACE_SIDE_STYLE('',(#8281));
#8281 = SURFACE_STYLE_FILL_AREA(#8282);
#8282 = FILL_AREA_STYLE('',(#8283));
#8283 = FILL_AREA_STYLE_COLOUR('',#8149);
#8284 = STYLED_ITEM('color',(#8285),#761);
#8285 = PRESENTATION_STYLE_ASSIGNMENT((#8286));
#8286 = SURFACE_STYLE_USAGE(.BOTH.,#8287);
#8287 = SURFACE_SIDE_STYLE('',(#8288));
#8288 = SURFACE_STYLE_FILL_AREA(#8289);
#8289 = FILL_AREA_STYLE('',(#8290));
#8290 = FILL_AREA_STYLE_COLOUR('',#8185);
#8291 = STYLED_ITEM('color',(#8292),#784);
#8292 = PRESENTATION_STYLE_ASSIGNMENT((#8293));
#8293 = SURFACE_STYLE_USAGE(.BOTH.,#8294);
#8294 = SURFACE_SIDE_STYLE('',(#8295));
#8295 = SURFACE_STYLE_FILL_AREA(#8296);
#8296 = FILL_AREA_STYLE('',(#8297));
#8297 = FILL_AREA_STYLE_COLOUR('',#8185);
#8298 = STYLED_ITEM('color',(#8299),#807);
#8299 = PRESENTATION_STYLE_ASSIGNMENT((#8300));
#8300 = SURFACE_STYLE_USAGE(.BOTH.,#8301);
#8301 = SURFACE_SIDE_STYLE('',(#8302));
#8302 = SURFACE_STYLE_FILL_AREA(#8303);
#8303 = FILL_AREA_STYLE('',(#8304));
#8304 = FILL_AREA_STYLE_COLOUR('',#8185);
#8305 = STYLED_ITEM('color',(#8306),#852);
#8306 = PRESENTATION_STYLE_ASSIGNMENT((#8307));
#8307 = SURFACE_STYLE_USAGE(.BOTH.,#8308);
#8308 = SURFACE_SIDE_STYLE('',(#8309));
#8309 = SURFACE_STYLE_FILL_AREA(#8310);
#8310 = FILL_AREA_STYLE('',(#8311));
#8311 = FILL_AREA_STYLE_COLOUR('',#8185);
#8312 = STYLED_ITEM('color',(#8313),#875);
#8313 = PRESENTATION_STYLE_ASSIGNMENT((#8314));
#8314 = SURFACE_STYLE_USAGE(.BOTH.,#8315);
#8315 = SURFACE_SIDE_STYLE('',(#8316));
#8316 = SURFACE_STYLE_FILL_AREA(#8317);
#8317 = FILL_AREA_STYLE('',(#8318));
#8318 = FILL_AREA_STYLE_COLOUR('',#8185);
#8319 = STYLED_ITEM('color',(#8320),#892);
#8320 = PRESENTATION_STYLE_ASSIGNMENT((#8321));
#8321 = SURFACE_STYLE_USAGE(.BOTH.,#8322);
#8322 = SURFACE_SIDE_STYLE('',(#8323));
#8323 = SURFACE_STYLE_FILL_AREA(#8324);
#8324 = FILL_AREA_STYLE('',(#8325));
#8325 = FILL_AREA_STYLE_COLOUR('',#8185);
#8326 = STYLED_ITEM('color',(#8327),#915);
#8327 = PRESENTATION_STYLE_ASSIGNMENT((#8328));
#8328 = SURFACE_STYLE_USAGE(.BOTH.,#8329);
#8329 = SURFACE_SIDE_STYLE('',(#8330));
#8330 = SURFACE_STYLE_FILL_AREA(#8331);
#8331 = FILL_AREA_STYLE('',(#8332));
#8332 = FILL_AREA_STYLE_COLOUR('',#8185);
#8333 = STYLED_ITEM('color',(#8334),#932);
#8334 = PRESENTATION_STYLE_ASSIGNMENT((#8335));
#8335 = SURFACE_STYLE_USAGE(.BOTH.,#8336);
#8336 = SURFACE_SIDE_STYLE('',(#8337));
#8337 = SURFACE_STYLE_FILL_AREA(#8338);
#8338 = FILL_AREA_STYLE('',(#8339));
#8339 = FILL_AREA_STYLE_COLOUR('',#8185);
#8340 = STYLED_ITEM('color',(#8341),#955);
#8341 = PRESENTATION_STYLE_ASSIGNMENT((#8342));
#8342 = SURFACE_STYLE_USAGE(.BOTH.,#8343);
#8343 = SURFACE_SIDE_STYLE('',(#8344));
#8344 = SURFACE_STYLE_FILL_AREA(#8345);
#8345 = FILL_AREA_STYLE('',(#8346));
#8346 = FILL_AREA_STYLE_COLOUR('',#8185);
#8347 = STYLED_ITEM('color',(#8348),#978);
#8348 = PRESENTATION_STYLE_ASSIGNMENT((#8349));
#8349 = SURFACE_STYLE_USAGE(.BOTH.,#8350);
#8350 = SURFACE_SIDE_STYLE('',(#8351));
#8351 = SURFACE_STYLE_FILL_AREA(#8352);
#8352 = FILL_AREA_STYLE('',(#8353));
#8353 = FILL_AREA_STYLE_COLOUR('',#8185);
#8354 = STYLED_ITEM('color',(#8355),#1009);
#8355 = PRESENTATION_STYLE_ASSIGNMENT((#8356));
#8356 = SURFACE_STYLE_USAGE(.BOTH.,#8357);
#8357 = SURFACE_SIDE_STYLE('',(#8358));
#8358 = SURFACE_STYLE_FILL_AREA(#8359);
#8359 = FILL_AREA_STYLE('',(#8360));
#8360 = FILL_AREA_STYLE_COLOUR('',#8185);
#8361 = STYLED_ITEM('color',(#8362),#1032);
#8362 = PRESENTATION_STYLE_ASSIGNMENT((#8363));
#8363 = SURFACE_STYLE_USAGE(.BOTH.,#8364);
#8364 = SURFACE_SIDE_STYLE('',(#8365));
#8365 = SURFACE_STYLE_FILL_AREA(#8366);
#8366 = FILL_AREA_STYLE('',(#8367));
#8367 = FILL_AREA_STYLE_COLOUR('',#8185);
#8368 = STYLED_ITEM('color',(#8369),#1055);
#8369 = PRESENTATION_STYLE_ASSIGNMENT((#8370));
#8370 = SURFACE_STYLE_USAGE(.BOTH.,#8371);
#8371 = SURFACE_SIDE_STYLE('',(#8372));
#8372 = SURFACE_STYLE_FILL_AREA(#8373);
#8373 = FILL_AREA_STYLE('',(#8374));
#8374 = FILL_AREA_STYLE_COLOUR('',#8185);
#8375 = STYLED_ITEM('color',(#8376),#1085);
#8376 = PRESENTATION_STYLE_ASSIGNMENT((#8377));
#8377 = SURFACE_STYLE_USAGE(.BOTH.,#8378);
#8378 = SURFACE_SIDE_STYLE('',(#8379));
#8379 = SURFACE_STYLE_FILL_AREA(#8380);
#8380 = FILL_AREA_STYLE('',(#8381));
#8381 = FILL_AREA_STYLE_COLOUR('',#8185);
#8382 = STYLED_ITEM('color',(#8383),#1115);
#8383 = PRESENTATION_STYLE_ASSIGNMENT((#8384));
#8384 = SURFACE_STYLE_USAGE(.BOTH.,#8385);
#8385 = SURFACE_SIDE_STYLE('',(#8386));
#8386 = SURFACE_STYLE_FILL_AREA(#8387);
#8387 = FILL_AREA_STYLE('',(#8388));
#8388 = FILL_AREA_STYLE_COLOUR('',#8149);
#8389 = STYLED_ITEM('color',(#8390),#1148);
#8390 = PRESENTATION_STYLE_ASSIGNMENT((#8391));
#8391 = SURFACE_STYLE_USAGE(.BOTH.,#8392);
#8392 = SURFACE_SIDE_STYLE('',(#8393));
#8393 = SURFACE_STYLE_FILL_AREA(#8394);
#8394 = FILL_AREA_STYLE('',(#8395));
#8395 = FILL_AREA_STYLE_COLOUR('',#8185);
#8396 = STYLED_ITEM('color',(#8397),#1165);
#8397 = PRESENTATION_STYLE_ASSIGNMENT((#8398));
#8398 = SURFACE_STYLE_USAGE(.BOTH.,#8399);
#8399 = SURFACE_SIDE_STYLE('',(#8400));
#8400 = SURFACE_STYLE_FILL_AREA(#8401);
#8401 = FILL_AREA_STYLE('',(#8402));
#8402 = FILL_AREA_STYLE_COLOUR('',#8185);
#8403 = STYLED_ITEM('color',(#8404),#1182);
#8404 = PRESENTATION_STYLE_ASSIGNMENT((#8405));
#8405 = SURFACE_STYLE_USAGE(.BOTH.,#8406);
#8406 = SURFACE_SIDE_STYLE('',(#8407));
#8407 = SURFACE_STYLE_FILL_AREA(#8408);
#8408 = FILL_AREA_STYLE('',(#8409));
#8409 = FILL_AREA_STYLE_COLOUR('',#8185);
#8410 = STYLED_ITEM('color',(#8411),#1205);
#8411 = PRESENTATION_STYLE_ASSIGNMENT((#8412));
#8412 = SURFACE_STYLE_USAGE(.BOTH.,#8413);
#8413 = SURFACE_SIDE_STYLE('',(#8414));
#8414 = SURFACE_STYLE_FILL_AREA(#8415);
#8415 = FILL_AREA_STYLE('',(#8416));
#8416 = FILL_AREA_STYLE_COLOUR('',#8185);
#8417 = STYLED_ITEM('color',(#8418),#1228);
#8418 = PRESENTATION_STYLE_ASSIGNMENT((#8419));
#8419 = SURFACE_STYLE_USAGE(.BOTH.,#8420);
#8420 = SURFACE_SIDE_STYLE('',(#8421));
#8421 = SURFACE_STYLE_FILL_AREA(#8422);
#8422 = FILL_AREA_STYLE('',(#8423));
#8423 = FILL_AREA_STYLE_COLOUR('',#8185);
#8424 = STYLED_ITEM('color',(#8425),#1318);
#8425 = PRESENTATION_STYLE_ASSIGNMENT((#8426));
#8426 = SURFACE_STYLE_USAGE(.BOTH.,#8427);
#8427 = SURFACE_SIDE_STYLE('',(#8428));
#8428 = SURFACE_STYLE_FILL_AREA(#8429);
#8429 = FILL_AREA_STYLE('',(#8430));
#8430 = FILL_AREA_STYLE_COLOUR('',#8185);
#8431 = STYLED_ITEM('color',(#8432),#1334);
#8432 = PRESENTATION_STYLE_ASSIGNMENT((#8433));
#8433 = SURFACE_STYLE_USAGE(.BOTH.,#8434);
#8434 = SURFACE_SIDE_STYLE('',(#8435));
#8435 = SURFACE_STYLE_FILL_AREA(#8436);
#8436 = FILL_AREA_STYLE('',(#8437));
#8437 = FILL_AREA_STYLE_COLOUR('',#8185);
#8438 = STYLED_ITEM('color',(#8439),#1357);
#8439 = PRESENTATION_STYLE_ASSIGNMENT((#8440));
#8440 = SURFACE_STYLE_USAGE(.BOTH.,#8441);
#8441 = SURFACE_SIDE_STYLE('',(#8442));
#8442 = SURFACE_STYLE_FILL_AREA(#8443);
#8443 = FILL_AREA_STYLE('',(#8444));
#8444 = FILL_AREA_STYLE_COLOUR('',#8185);
#8445 = STYLED_ITEM('color',(#8446),#1387);
#8446 = PRESENTATION_STYLE_ASSIGNMENT((#8447));
#8447 = SURFACE_STYLE_USAGE(.BOTH.,#8448);
#8448 = SURFACE_SIDE_STYLE('',(#8449));
#8449 = SURFACE_STYLE_FILL_AREA(#8450);
#8450 = FILL_AREA_STYLE('',(#8451));
#8451 = FILL_AREA_STYLE_COLOUR('',#8149);
#8452 = STYLED_ITEM('color',(#8453),#1462);
#8453 = PRESENTATION_STYLE_ASSIGNMENT((#8454));
#8454 = SURFACE_STYLE_USAGE(.BOTH.,#8455);
#8455 = SURFACE_SIDE_STYLE('',(#8456));
#8456 = SURFACE_STYLE_FILL_AREA(#8457);
#8457 = FILL_AREA_STYLE('',(#8458));
#8458 = FILL_AREA_STYLE_COLOUR('',#8149);
#8459 = STYLED_ITEM('color',(#8460),#1537);
#8460 = PRESENTATION_STYLE_ASSIGNMENT((#8461));
#8461 = SURFACE_STYLE_USAGE(.BOTH.,#8462);
#8462 = SURFACE_SIDE_STYLE('',(#8463));
#8463 = SURFACE_STYLE_FILL_AREA(#8464);
#8464 = FILL_AREA_STYLE('',(#8465));
#8465 = FILL_AREA_STYLE_COLOUR('',#8185);
#8466 = STYLED_ITEM('color',(#8467),#1567);
#8467 = PRESENTATION_STYLE_ASSIGNMENT((#8468));
#8468 = SURFACE_STYLE_USAGE(.BOTH.,#8469);
#8469 = SURFACE_SIDE_STYLE('',(#8470));
#8470 = SURFACE_STYLE_FILL_AREA(#8471);
#8471 = FILL_AREA_STYLE('',(#8472));
#8472 = FILL_AREA_STYLE_COLOUR('',#8149);
#8473 = STYLED_ITEM('color',(#8474),#1584);
#8474 = PRESENTATION_STYLE_ASSIGNMENT((#8475));
#8475 = SURFACE_STYLE_USAGE(.BOTH.,#8476);
#8476 = SURFACE_SIDE_STYLE('',(#8477));
#8477 = SURFACE_STYLE_FILL_AREA(#8478);
#8478 = FILL_AREA_STYLE('',(#8479));
#8479 = FILL_AREA_STYLE_COLOUR('',#8185);
#8480 = STYLED_ITEM('color',(#8481),#1601);
#8481 = PRESENTATION_STYLE_ASSIGNMENT((#8482));
#8482 = SURFACE_STYLE_USAGE(.BOTH.,#8483);
#8483 = SURFACE_SIDE_STYLE('',(#8484));
#8484 = SURFACE_STYLE_FILL_AREA(#8485);
#8485 = FILL_AREA_STYLE('',(#8486));
#8486 = FILL_AREA_STYLE_COLOUR('',#8185);
#8487 = STYLED_ITEM('color',(#8488),#1618);
#8488 = PRESENTATION_STYLE_ASSIGNMENT((#8489));
#8489 = SURFACE_STYLE_USAGE(.BOTH.,#8490);
#8490 = SURFACE_SIDE_STYLE('',(#8491));
#8491 = SURFACE_STYLE_FILL_AREA(#8492);
#8492 = FILL_AREA_STYLE('',(#8493));
#8493 = FILL_AREA_STYLE_COLOUR('',#8185);
#8494 = STYLED_ITEM('color',(#8495),#1634);
#8495 = PRESENTATION_STYLE_ASSIGNMENT((#8496));
#8496 = SURFACE_STYLE_USAGE(.BOTH.,#8497);
#8497 = SURFACE_SIDE_STYLE('',(#8498));
#8498 = SURFACE_STYLE_FILL_AREA(#8499);
#8499 = FILL_AREA_STYLE('',(#8500));
#8500 = FILL_AREA_STYLE_COLOUR('',#8185);
#8501 = STYLED_ITEM('color',(#8502),#1661);
#8502 = PRESENTATION_STYLE_ASSIGNMENT((#8503));
#8503 = SURFACE_STYLE_USAGE(.BOTH.,#8504);
#8504 = SURFACE_SIDE_STYLE('',(#8505));
#8505 = SURFACE_STYLE_FILL_AREA(#8506);
#8506 = FILL_AREA_STYLE('',(#8507));
#8507 = FILL_AREA_STYLE_COLOUR('',#8185);
#8508 = STYLED_ITEM('color',(#8509),#1677);
#8509 = PRESENTATION_STYLE_ASSIGNMENT((#8510));
#8510 = SURFACE_STYLE_USAGE(.BOTH.,#8511);
#8511 = SURFACE_SIDE_STYLE('',(#8512));
#8512 = SURFACE_STYLE_FILL_AREA(#8513);
#8513 = FILL_AREA_STYLE('',(#8514));
#8514 = FILL_AREA_STYLE_COLOUR('',#8185);
#8515 = STYLED_ITEM('color',(#8516),#1689);
#8516 = PRESENTATION_STYLE_ASSIGNMENT((#8517));
#8517 = SURFACE_STYLE_USAGE(.BOTH.,#8518);
#8518 = SURFACE_SIDE_STYLE('',(#8519));
#8519 = SURFACE_STYLE_FILL_AREA(#8520);
#8520 = FILL_AREA_STYLE('',(#8521));
#8521 = FILL_AREA_STYLE_COLOUR('',#8185);
#8522 = STYLED_ITEM('color',(#8523),#1701);
#8523 = PRESENTATION_STYLE_ASSIGNMENT((#8524));
#8524 = SURFACE_STYLE_USAGE(.BOTH.,#8525);
#8525 = SURFACE_SIDE_STYLE('',(#8526));
#8526 = SURFACE_STYLE_FILL_AREA(#8527);
#8527 = FILL_AREA_STYLE('',(#8528));
#8528 = FILL_AREA_STYLE_COLOUR('',#8529);
#8529 = COLOUR_RGB('',0.690196106937,0.662745111292,0.596078458879);
#8530 = STYLED_ITEM('color',(#8531),#1732);
#8531 = PRESENTATION_STYLE_ASSIGNMENT((#8532));
#8532 = SURFACE_STYLE_USAGE(.BOTH.,#8533);
#8533 = SURFACE_SIDE_STYLE('',(#8534));
#8534 = SURFACE_STYLE_FILL_AREA(#8535);
#8535 = FILL_AREA_STYLE('',(#8536));
#8536 = FILL_AREA_STYLE_COLOUR('',#8529);
#8537 = STYLED_ITEM('color',(#8538),#1756);
#8538 = PRESENTATION_STYLE_ASSIGNMENT((#8539));
#8539 = SURFACE_STYLE_USAGE(.BOTH.,#8540);
#8540 = SURFACE_SIDE_STYLE('',(#8541));
#8541 = SURFACE_STYLE_FILL_AREA(#8542);
#8542 = FILL_AREA_STYLE('',(#8543));
#8543 = FILL_AREA_STYLE_COLOUR('',#8529);
#8544 = STYLED_ITEM('color',(#8545),#1780);
#8545 = PRESENTATION_STYLE_ASSIGNMENT((#8546));
#8546 = SURFACE_STYLE_USAGE(.BOTH.,#8547);
#8547 = SURFACE_SIDE_STYLE('',(#8548));
#8548 = SURFACE_STYLE_FILL_AREA(#8549);
#8549 = FILL_AREA_STYLE('',(#8550));
#8550 = FILL_AREA_STYLE_COLOUR('',#8529);
#8551 = STYLED_ITEM('color',(#8552),#1797);
#8552 = PRESENTATION_STYLE_ASSIGNMENT((#8553));
#8553 = SURFACE_STYLE_USAGE(.BOTH.,#8554);
#8554 = SURFACE_SIDE_STYLE('',(#8555));
#8555 = SURFACE_STYLE_FILL_AREA(#8556);
#8556 = FILL_AREA_STYLE('',(#8557));
#8557 = FILL_AREA_STYLE_COLOUR('',#8149);
#8558 = STYLED_ITEM('color',(#8559),#1814);
#8559 = PRESENTATION_STYLE_ASSIGNMENT((#8560));
#8560 = SURFACE_STYLE_USAGE(.BOTH.,#8561);
#8561 = SURFACE_SIDE_STYLE('',(#8562));
#8562 = SURFACE_STYLE_FILL_AREA(#8563);
#8563 = FILL_AREA_STYLE('',(#8564));
#8564 = FILL_AREA_STYLE_COLOUR('',#8149);
#8565 = STYLED_ITEM('color',(#8566),#1831);
#8566 = PRESENTATION_STYLE_ASSIGNMENT((#8567));
#8567 = SURFACE_STYLE_USAGE(.BOTH.,#8568);
#8568 = SURFACE_SIDE_STYLE('',(#8569));
#8569 = SURFACE_STYLE_FILL_AREA(#8570);
#8570 = FILL_AREA_STYLE('',(#8571));
#8571 = FILL_AREA_STYLE_COLOUR('',#8149);
#8572 = STYLED_ITEM('color',(#8573),#1848);
#8573 = PRESENTATION_STYLE_ASSIGNMENT((#8574));
#8574 = SURFACE_STYLE_USAGE(.BOTH.,#8575);
#8575 = SURFACE_SIDE_STYLE('',(#8576));
#8576 = SURFACE_STYLE_FILL_AREA(#8577);
#8577 = FILL_AREA_STYLE('',(#8578));
#8578 = FILL_AREA_STYLE_COLOUR('',#8149);
#8579 = STYLED_ITEM('color',(#8580),#1865);
#8580 = PRESENTATION_STYLE_ASSIGNMENT((#8581));
#8581 = SURFACE_STYLE_USAGE(.BOTH.,#8582);
#8582 = SURFACE_SIDE_STYLE('',(#8583));
#8583 = SURFACE_STYLE_FILL_AREA(#8584);
#8584 = FILL_AREA_STYLE('',(#8585));
#8585 = FILL_AREA_STYLE_COLOUR('',#8149);
#8586 = STYLED_ITEM('color',(#8587),#1882);
#8587 = PRESENTATION_STYLE_ASSIGNMENT((#8588));
#8588 = SURFACE_STYLE_USAGE(.BOTH.,#8589);
#8589 = SURFACE_SIDE_STYLE('',(#8590));
#8590 = SURFACE_STYLE_FILL_AREA(#8591);
#8591 = FILL_AREA_STYLE('',(#8592));
#8592 = FILL_AREA_STYLE_COLOUR('',#8149);
#8593 = STYLED_ITEM('color',(#8594),#1899);
#8594 = PRESENTATION_STYLE_ASSIGNMENT((#8595));
#8595 = SURFACE_STYLE_USAGE(.BOTH.,#8596);
#8596 = SURFACE_SIDE_STYLE('',(#8597));
#8597 = SURFACE_STYLE_FILL_AREA(#8598);
#8598 = FILL_AREA_STYLE('',(#8599));
#8599 = FILL_AREA_STYLE_COLOUR('',#8149);
#8600 = STYLED_ITEM('color',(#8601),#1916);
#8601 = PRESENTATION_STYLE_ASSIGNMENT((#8602));
#8602 = SURFACE_STYLE_USAGE(.BOTH.,#8603);
#8603 = SURFACE_SIDE_STYLE('',(#8604));
#8604 = SURFACE_STYLE_FILL_AREA(#8605);
#8605 = FILL_AREA_STYLE('',(#8606));
#8606 = FILL_AREA_STYLE_COLOUR('',#8149);
#8607 = STYLED_ITEM('color',(#8608),#1928);
#8608 = PRESENTATION_STYLE_ASSIGNMENT((#8609));
#8609 = SURFACE_STYLE_USAGE(.BOTH.,#8610);
#8610 = SURFACE_SIDE_STYLE('',(#8611));
#8611 = SURFACE_STYLE_FILL_AREA(#8612);
#8612 = FILL_AREA_STYLE('',(#8613));
#8613 = FILL_AREA_STYLE_COLOUR('',#8529);
ENDSEC;
END-ISO-10303-21;
